id,title,description,link,brand,gtin,mpn,image_link,additional_image_link,video_link,model_3d_link,condition,google_product_category,product_category,age_group,material,length,width,height,weight,item_group_id,item_group_title,color,size,size_system,gender,availability,availability_date,expiration_date,inventory_not_tracked,inventory_quantity,price,sale_price,sale_price_effective_date,stripe_product_tax_code,tax_behavior,applicable_fees,shipping,free_shipping_threshold,delete
HAH-CAND-0001,Premium Travel Tin Candle,"The Premium Travel Tin Candle from Harbor & Home, crafted in coconut wax, fills the room with a warm, inviting scent.",https://livgpt.vercel.app/?merchant=harbor-and-home&product=HAH-CAND-0001,Harbor & Home,,HAH-CAND-0001,https://livgpt.vercel.app/mock-catalog/images/harbor-and-home/HAH-CAND-0001.jpg,,,,new,Home & Garden > Decor > Home Fragrances > Candles,Home > Fragrance > Candles,adult,Coconut Wax,4 in,4 in,5 in,1.13 lb,HAH-CAND-GRP-001,Candles,,,,unisex,in_stock,,,,75,44.59 USD,,,txcd_99999999,exclusive,,"US:ALL:Standard:3-5:0.00 USD,US:ALL:Expedited:1-2:9.99 USD",US:ALL:Standard:50.00 USD,
HAH-CAND-0002,Featherlight Wood-Wick Candle,"The Featherlight Wood-Wick Candle from Harbor & Home, crafted in soy wax, fills the room with a warm, inviting scent.",https://livgpt.vercel.app/?merchant=harbor-and-home&product=HAH-CAND-0002,Harbor & Home,,HAH-CAND-0002,https://livgpt.vercel.app/mock-catalog/images/harbor-and-home/HAH-CAND-0002.jpg,,,,new,Home & Garden > Decor > Home Fragrances > Candles,Home > Fragrance > Candles,adult,Soy Wax,4 in,4 in,5 in,1.32 lb,HAH-CAND-GRP-001,Candles,,,,unisex,in_stock,,,,167,20.49 USD,17.86 USD,2026-07-01/2026-12-31,txcd_99999999,exclusive,,"US:ALL:Standard:3-5:0.00 USD,US:ALL:Expedited:1-2:9.99 USD",US:ALL:Standard:50.00 USD,
HAH-CAND-0003,Trail Wood-Wick Candle,"The Trail Wood-Wick Candle from Harbor & Home, crafted in soy wax, fills the room with a warm, inviting scent.",https://livgpt.vercel.app/?merchant=harbor-and-home&product=HAH-CAND-0003,Harbor Living,,HAH-CAND-0003,https://livgpt.vercel.app/mock-catalog/images/harbor-and-home/HAH-CAND-0003.jpg,,,,new,Home & Garden > Decor > Home Fragrances > Candles,Home > Fragrance > Candles,adult,Soy Wax,4 in,4 in,5 in,1.19 lb,HAH-CAND-GRP-002,Candles,,,,unisex,in_stock,,,,180,23.30 USD,,,txcd_99999999,exclusive,,"US:ALL:Standard:3-5:0.00 USD,US:ALL:Expedited:1-2:9.99 USD",US:ALL:Standard:50.00 USD,
HAH-CAND-0004,Minimalist 3-Wick Candle,"The Minimalist 3-Wick Candle from Harbor & Home, crafted in coconut wax, fills the room with a warm, inviting scent.",https://livgpt.vercel.app/?merchant=harbor-and-home&product=HAH-CAND-0004,Harbor Living,,HAH-CAND-0004,https://livgpt.vercel.app/mock-catalog/images/harbor-and-home/HAH-CAND-0004.jpg,,,,new,Home & Garden > Decor > Home Fragrances > Candles,Home > Fragrance > Candles,adult,Coconut Wax,4 in,4 in,5 in,1.22 lb,HAH-CAND-GRP-002,Candles,,,,unisex,in_stock,,,,15,44.69 USD,,,txcd_99999999,exclusive,,"US:ALL:Standard:3-5:0.00 USD,US:ALL:Expedited:1-2:9.99 USD",US:ALL:Standard:50.00 USD,
HAH-CAND-0005,Minimalist Wood-Wick Candle,"The Minimalist Wood-Wick Candle from Harbor & Home, crafted in soy wax, fills the room with a warm, inviting scent.",https://livgpt.vercel.app/?merchant=harbor-and-home&product=HAH-CAND-0005,Harbor Living,,HAH-CAND-0005,https://livgpt.vercel.app/mock-catalog/images/harbor-and-home/HAH-CAND-0005.jpg,,,,new,Home & Garden > Decor > Home Fragrances > Candles,Home > Fragrance > Candles,adult,Soy Wax,4 in,4 in,5 in,1.22 lb,HAH-CAND-GRP-003,Candles,,,,unisex,in_stock,,,,121,49.24 USD,,,txcd_99999999,exclusive,,"US:ALL:Standard:3-5:0.00 USD,US:ALL:Expedited:1-2:9.99 USD",US:ALL:Standard:50.00 USD,
HAH-CAND-0006,Pro Wood-Wick Candle,"The Pro Wood-Wick Candle from Harbor & Home, crafted in soy wax, fills the room with a warm, inviting scent.",https://livgpt.vercel.app/?merchant=harbor-and-home&product=HAH-CAND-0006,Harbor Living,,HAH-CAND-0006,https://livgpt.vercel.app/mock-catalog/images/harbor-and-home/HAH-CAND-0006.jpg,,,,new,Home & Garden > Decor > Home Fragrances > Candles,Home > Fragrance > Candles,adult,Soy Wax,4 in,4 in,5 in,1.08 lb,HAH-CAND-GRP-003,Candles,,,,unisex,in_stock,,,,184,47.40 USD,39.10 USD,2026-07-01/2026-12-31,txcd_99999999,exclusive,,"US:ALL:Standard:3-5:0.00 USD,US:ALL:Expedited:1-2:9.99 USD",US:ALL:Standard:50.00 USD,
HAH-CAND-0007,Nova Wood-Wick Candle,"The Nova Wood-Wick Candle from Harbor & Home, crafted in soy wax, fills the room with a warm, inviting scent.",https://livgpt.vercel.app/?merchant=harbor-and-home&product=HAH-CAND-0007,Hearthstone,,HAH-CAND-0007,https://livgpt.vercel.app/mock-catalog/images/harbor-and-home/HAH-CAND-0007.jpg,,,,new,Home & Garden > Decor > Home Fragrances > Candles,Home > Fragrance > Candles,adult,Soy Wax,4 in,4 in,5 in,1.1 lb,HAH-CAND-GRP-004,Candles,,,,unisex,in_stock,,,,155,47.77 USD,,,txcd_99999999,exclusive,,"US:ALL:Standard:3-5:0.00 USD,US:ALL:Expedited:1-2:9.99 USD",US:ALL:Standard:50.00 USD,
HAH-CAND-0008,Classic Travel Tin Candle,"The Classic Travel Tin Candle from Harbor & Home, crafted in coconut wax, fills the room with a warm, inviting scent.",https://livgpt.vercel.app/?merchant=harbor-and-home&product=HAH-CAND-0008,Harbor Living,,HAH-CAND-0008,https://livgpt.vercel.app/mock-catalog/images/harbor-and-home/HAH-CAND-0008.jpg,,,,new,Home & Garden > Decor > Home Fragrances > Candles,Home > Fragrance > Candles,adult,Coconut Wax,4 in,4 in,5 in,1.31 lb,HAH-CAND-GRP-004,Candles,,,,unisex,in_stock,,,,226,40.81 USD,,,txcd_99999999,exclusive,,"US:ALL:Standard:3-5:0.00 USD,US:ALL:Expedited:1-2:9.99 USD",US:ALL:Standard:50.00 USD,
HAH-CAND-0009,Rugged 3-Wick Candle,"The Rugged 3-Wick Candle from Harbor & Home, crafted in soy wax, fills the room with a warm, inviting scent.",https://livgpt.vercel.app/?merchant=harbor-and-home&product=HAH-CAND-0009,Hearthstone,,HAH-CAND-0009,https://livgpt.vercel.app/mock-catalog/images/harbor-and-home/HAH-CAND-0009.jpg,,,,new,Home & Garden > Decor > Home Fragrances > Candles,Home > Fragrance > Candles,adult,Soy Wax,4 in,4 in,5 in,1.3 lb,HAH-CAND-GRP-005,Candles,,,,unisex,in_stock,,,,60,42.29 USD,,,txcd_99999999,exclusive,,"US:ALL:Standard:3-5:0.00 USD,US:ALL:Expedited:1-2:9.99 USD",US:ALL:Standard:50.00 USD,
HAH-CAND-0010,Rugged Travel Tin Candle,"The Rugged Travel Tin Candle from Harbor & Home, crafted in soy wax, fills the room with a warm, inviting scent.",https://livgpt.vercel.app/?merchant=harbor-and-home&product=HAH-CAND-0010,Harbor Living,,HAH-CAND-0010,https://livgpt.vercel.app/mock-catalog/images/harbor-and-home/HAH-CAND-0010.jpg,,,,new,Home & Garden > Decor > Home Fragrances > Candles,Home > Fragrance > Candles,adult,Soy Wax,4 in,4 in,5 in,1.1 lb,HAH-CAND-GRP-005,Candles,,,,unisex,in_stock,,,,207,27.26 USD,,,txcd_99999999,exclusive,,"US:ALL:Standard:3-5:0.00 USD,US:ALL:Expedited:1-2:9.99 USD",US:ALL:Standard:50.00 USD,
HAH-CAND-0011,Everyday 3-Wick Candle,"The Everyday 3-Wick Candle from Harbor & Home, crafted in soy wax, fills the room with a warm, inviting scent.",https://livgpt.vercel.app/?merchant=harbor-and-home&product=HAH-CAND-0011,Harbor Living,,HAH-CAND-0011,https://livgpt.vercel.app/mock-catalog/images/harbor-and-home/HAH-CAND-0011.jpg,,,,new,Home & Garden > Decor > Home Fragrances > Candles,Home > Fragrance > Candles,adult,Soy Wax,4 in,4 in,5 in,1.24 lb,HAH-CAND-GRP-006,Candles,,,,unisex,in_stock,,,,89,46.14 USD,,,txcd_99999999,exclusive,,"US:ALL:Standard:3-5:0.00 USD,US:ALL:Expedited:1-2:9.99 USD",US:ALL:Standard:50.00 USD,
HAH-CAND-0012,Urban 3-Wick Candle,"The Urban 3-Wick Candle from Harbor & Home, crafted in soy wax, fills the room with a warm, inviting scent.",https://livgpt.vercel.app/?merchant=harbor-and-home&product=HAH-CAND-0012,Harbor & Home,,HAH-CAND-0012,https://livgpt.vercel.app/mock-catalog/images/harbor-and-home/HAH-CAND-0012.jpg,,,,new,Home & Garden > Decor > Home Fragrances > Candles,Home > Fragrance > Candles,adult,Soy Wax,4 in,4 in,5 in,1.19 lb,HAH-CAND-GRP-006,Candles,,,,unisex,in_stock,,,,43,43.14 USD,,,txcd_99999999,exclusive,,"US:ALL:Standard:3-5:0.00 USD,US:ALL:Expedited:1-2:9.99 USD",US:ALL:Standard:50.00 USD,
HAH-CAND-0013,Studio 3-Wick Candle,"The Studio 3-Wick Candle from Harbor & Home, crafted in soy wax, fills the room with a warm, inviting scent.",https://livgpt.vercel.app/?merchant=harbor-and-home&product=HAH-CAND-0013,Harbor & Home,,HAH-CAND-0013,https://livgpt.vercel.app/mock-catalog/images/harbor-and-home/HAH-CAND-0013.jpg,,,,new,Home & Garden > Decor > Home Fragrances > Candles,Home > Fragrance > Candles,adult,Soy Wax,4 in,4 in,5 in,1.1 lb,HAH-CAND-GRP-007,Candles,,,,unisex,in_stock,,,,135,39.75 USD,,,txcd_99999999,exclusive,,"US:ALL:Standard:3-5:0.00 USD,US:ALL:Expedited:1-2:9.99 USD",US:ALL:Standard:50.00 USD,
HAH-CAND-0014,Classic 3-Wick Candle,"The Classic 3-Wick Candle from Harbor & Home, crafted in soy wax, fills the room with a warm, inviting scent.",https://livgpt.vercel.app/?merchant=harbor-and-home&product=HAH-CAND-0014,Hearthstone,,HAH-CAND-0014,https://livgpt.vercel.app/mock-catalog/images/harbor-and-home/HAH-CAND-0014.jpg,,,,new,Home & Garden > Decor > Home Fragrances > Candles,Home > Fragrance > Candles,adult,Soy Wax,4 in,4 in,5 in,1.2 lb,HAH-CAND-GRP-007,Candles,,,,unisex,in_stock,,,,179,19.61 USD,,,txcd_99999999,exclusive,,"US:ALL:Standard:3-5:0.00 USD,US:ALL:Expedited:1-2:9.99 USD",US:ALL:Standard:50.00 USD,
HAH-CAND-0015,Heritage Travel Tin Candle,"The Heritage Travel Tin Candle from Harbor & Home, crafted in soy wax, fills the room with a warm, inviting scent.",https://livgpt.vercel.app/?merchant=harbor-and-home&product=HAH-CAND-0015,Harbor & Home,,HAH-CAND-0015,https://livgpt.vercel.app/mock-catalog/images/harbor-and-home/HAH-CAND-0015.jpg,,,,new,Home & Garden > Decor > Home Fragrances > Candles,Home > Fragrance > Candles,adult,Soy Wax,4 in,4 in,5 in,1.13 lb,HAH-CAND-GRP-008,Candles,,,,unisex,in_stock,,,,184,43.57 USD,36.77 USD,2026-07-01/2026-12-31,txcd_99999999,exclusive,,"US:ALL:Standard:3-5:0.00 USD,US:ALL:Expedited:1-2:9.99 USD",US:ALL:Standard:50.00 USD,
HAH-MUGS-0016,Premium Ceramic Mug – Blush Pink,"The Premium Ceramic Mug from Harbor & Home, crafted in ceramic, for slow mornings and better coffee rituals. Shown in Blush Pink.",https://livgpt.vercel.app/?merchant=harbor-and-home&product=HAH-MUGS-0016,Hearthstone,,HAH-MUGS-0016,https://livgpt.vercel.app/mock-catalog/images/harbor-and-home/HAH-MUGS-0016.jpg,,,,new,Home & Garden > Kitchen & Dining > Tableware > Drinkware,Drinkware > Mugs,adult,Ceramic,5 in,4 in,5 in,1.0 lb,HAH-MUGS-GRP-001,Mugs,Blush Pink,,,unisex,in_stock,,,,23,37.28 USD,,,txcd_99999999,exclusive,,"US:ALL:Standard:3-5:0.00 USD,US:ALL:Expedited:1-2:9.99 USD",US:ALL:Standard:50.00 USD,
HAH-MUGS-0017,Nova Enamel Mug – Navy,"The Nova Enamel Mug from Harbor & Home, crafted in stoneware, for slow mornings and better coffee rituals. Shown in Navy.",https://livgpt.vercel.app/?merchant=harbor-and-home&product=HAH-MUGS-0017,Harbor & Home,,HAH-MUGS-0017,https://livgpt.vercel.app/mock-catalog/images/harbor-and-home/HAH-MUGS-0017.jpg,,,,new,Home & Garden > Kitchen & Dining > Tableware > Drinkware,Drinkware > Mugs,adult,Stoneware,5 in,4 in,5 in,1.13 lb,HAH-MUGS-GRP-001,Mugs,Navy,,,unisex,in_stock,,,,130,38.35 USD,,,txcd_99999999,exclusive,,"US:ALL:Standard:3-5:0.00 USD,US:ALL:Expedited:1-2:9.99 USD",US:ALL:Standard:50.00 USD,
HAH-MUGS-0018,Coastal Stoneware Mug Set – Burgundy,"The Coastal Stoneware Mug Set from Harbor & Home, crafted in ceramic, for slow mornings and better coffee rituals. Shown in Burgundy.",https://livgpt.vercel.app/?merchant=harbor-and-home&product=HAH-MUGS-0018,Harbor Living,,HAH-MUGS-0018,https://livgpt.vercel.app/mock-catalog/images/harbor-and-home/HAH-MUGS-0018.jpg,,,,new,Home & Garden > Kitchen & Dining > Tableware > Drinkware,Drinkware > Mugs,adult,Ceramic,5 in,4 in,5 in,1.12 lb,HAH-MUGS-GRP-002,Mugs,Burgundy,,,unisex,in_stock,,,,226,26.70 USD,,,txcd_99999999,exclusive,,"US:ALL:Standard:3-5:0.00 USD,US:ALL:Expedited:1-2:9.99 USD",US:ALL:Standard:50.00 USD,
HAH-MUGS-0019,Classic Enamel Mug – Black,"The Classic Enamel Mug from Harbor & Home, crafted in ceramic, for slow mornings and better coffee rituals. Shown in Black.",https://livgpt.vercel.app/?merchant=harbor-and-home&product=HAH-MUGS-0019,Harbor & Home,,HAH-MUGS-0019,https://livgpt.vercel.app/mock-catalog/images/harbor-and-home/HAH-MUGS-0019.jpg,,,,new,Home & Garden > Kitchen & Dining > Tableware > Drinkware,Drinkware > Mugs,adult,Ceramic,5 in,4 in,5 in,1.07 lb,HAH-MUGS-GRP-002,Mugs,Black,,,unisex,in_stock,,,,59,35.96 USD,,,txcd_99999999,exclusive,,"US:ALL:Standard:3-5:0.00 USD,US:ALL:Expedited:1-2:9.99 USD",US:ALL:Standard:50.00 USD,
HAH-MUGS-0020,Everyday Stoneware Mug Set – Black,"The Everyday Stoneware Mug Set from Harbor & Home, crafted in ceramic, for slow mornings and better coffee rituals. Shown in Black.",https://livgpt.vercel.app/?merchant=harbor-and-home&product=HAH-MUGS-0020,Harbor Living,,HAH-MUGS-0020,https://livgpt.vercel.app/mock-catalog/images/harbor-and-home/HAH-MUGS-0020.jpg,,,,new,Home & Garden > Kitchen & Dining > Tableware > Drinkware,Drinkware > Mugs,adult,Ceramic,5 in,4 in,5 in,1.07 lb,HAH-MUGS-GRP-003,Mugs,Black,,,unisex,in_stock,,,,147,16.32 USD,13.77 USD,2026-07-01/2026-12-31,txcd_99999999,exclusive,,"US:ALL:Standard:3-5:0.00 USD,US:ALL:Expedited:1-2:9.99 USD",US:ALL:Standard:50.00 USD,
HAH-MUGS-0021,Pro Ceramic Mug – Blush Pink,"The Pro Ceramic Mug from Harbor & Home, crafted in ceramic, for slow mornings and better coffee rituals. Shown in Blush Pink.",https://livgpt.vercel.app/?merchant=harbor-and-home&product=HAH-MUGS-0021,Harbor & Home,,HAH-MUGS-0021,https://livgpt.vercel.app/mock-catalog/images/harbor-and-home/HAH-MUGS-0021.jpg,,,,new,Home & Garden > Kitchen & Dining > Tableware > Drinkware,Drinkware > Mugs,adult,Ceramic,5 in,4 in,5 in,1.19 lb,HAH-MUGS-GRP-003,Mugs,Blush Pink,,,unisex,in_stock,,,,1,26.98 USD,,,txcd_99999999,exclusive,,"US:ALL:Standard:3-5:0.00 USD,US:ALL:Expedited:1-2:9.99 USD",US:ALL:Standard:50.00 USD,
HAH-MUGS-0022,Modern Enamel Mug – Terracotta,"The Modern Enamel Mug from Harbor & Home, crafted in stoneware, for slow mornings and better coffee rituals. Shown in Terracotta.",https://livgpt.vercel.app/?merchant=harbor-and-home&product=HAH-MUGS-0022,Hearthstone,,HAH-MUGS-0022,https://livgpt.vercel.app/mock-catalog/images/harbor-and-home/HAH-MUGS-0022.jpg,,,,new,Home & Garden > Kitchen & Dining > Tableware > Drinkware,Drinkware > Mugs,adult,Stoneware,5 in,4 in,5 in,1.09 lb,HAH-MUGS-GRP-004,Mugs,Terracotta,,,unisex,in_stock,,,,52,31.83 USD,,,txcd_99999999,exclusive,,"US:ALL:Standard:3-5:0.00 USD,US:ALL:Expedited:1-2:9.99 USD",US:ALL:Standard:50.00 USD,
HAH-MUGS-0023,Essential Enamel Mug – Olive,"The Essential Enamel Mug from Harbor & Home, crafted in stoneware, for slow mornings and better coffee rituals. Shown in Olive.",https://livgpt.vercel.app/?merchant=harbor-and-home&product=HAH-MUGS-0023,Harbor Living,,HAH-MUGS-0023,https://livgpt.vercel.app/mock-catalog/images/harbor-and-home/HAH-MUGS-0023.jpg,,,,new,Home & Garden > Kitchen & Dining > Tableware > Drinkware,Drinkware > Mugs,adult,Stoneware,5 in,4 in,5 in,1.13 lb,HAH-MUGS-GRP-004,Mugs,Olive,,,unisex,in_stock,,,,188,27.10 USD,,,txcd_99999999,exclusive,,"US:ALL:Standard:3-5:0.00 USD,US:ALL:Expedited:1-2:9.99 USD",US:ALL:Standard:50.00 USD,
HAH-MUGS-0024,Classic Stoneware Mug Set – Charcoal,"The Classic Stoneware Mug Set from Harbor & Home, crafted in stoneware, for slow mornings and better coffee rituals. Shown in Charcoal.",https://livgpt.vercel.app/?merchant=harbor-and-home&product=HAH-MUGS-0024,Hearthstone,,HAH-MUGS-0024,https://livgpt.vercel.app/mock-catalog/images/harbor-and-home/HAH-MUGS-0024.jpg,,,,new,Home & Garden > Kitchen & Dining > Tableware > Drinkware,Drinkware > Mugs,adult,Stoneware,5 in,4 in,5 in,1.2 lb,HAH-MUGS-GRP-005,Mugs,Charcoal,,,unisex,in_stock,,,,85,33.68 USD,,,txcd_99999999,exclusive,,"US:ALL:Standard:3-5:0.00 USD,US:ALL:Expedited:1-2:9.99 USD",US:ALL:Standard:50.00 USD,
HAH-MUGS-0025,Aero Enamel Mug – Slate Gray,"The Aero Enamel Mug from Harbor & Home, crafted in stoneware, for slow mornings and better coffee rituals. Shown in Slate Gray.",https://livgpt.vercel.app/?merchant=harbor-and-home&product=HAH-MUGS-0025,Harbor Living,,HAH-MUGS-0025,https://livgpt.vercel.app/mock-catalog/images/harbor-and-home/HAH-MUGS-0025.jpg,,,,new,Home & Garden > Kitchen & Dining > Tableware > Drinkware,Drinkware > Mugs,adult,Stoneware,5 in,4 in,5 in,1.1 lb,HAH-MUGS-GRP-005,Mugs,Slate Gray,,,unisex,in_stock,,,,13,37.78 USD,29.87 USD,2026-07-01/2026-12-31,txcd_99999999,exclusive,,"US:ALL:Standard:3-5:0.00 USD,US:ALL:Expedited:1-2:9.99 USD",US:ALL:Standard:50.00 USD,
HAH-MUGS-0026,Studio Enamel Mug – Navy,"The Studio Enamel Mug from Harbor & Home, crafted in stoneware, for slow mornings and better coffee rituals. Shown in Navy.",https://livgpt.vercel.app/?merchant=harbor-and-home&product=HAH-MUGS-0026,Harbor & Home,,HAH-MUGS-0026,https://livgpt.vercel.app/mock-catalog/images/harbor-and-home/HAH-MUGS-0026.jpg,,,,new,Home & Garden > Kitchen & Dining > Tableware > Drinkware,Drinkware > Mugs,adult,Stoneware,5 in,4 in,5 in,1.17 lb,HAH-MUGS-GRP-006,Mugs,Navy,,,unisex,in_stock,,,,60,27.20 USD,22.76 USD,2026-07-01/2026-12-31,txcd_99999999,exclusive,,"US:ALL:Standard:3-5:0.00 USD,US:ALL:Expedited:1-2:9.99 USD",US:ALL:Standard:50.00 USD,
HAH-MUGS-0027,Modern Ceramic Mug – Sky Blue,"The Modern Ceramic Mug from Harbor & Home, crafted in stoneware, for slow mornings and better coffee rituals. Shown in Sky Blue.",https://livgpt.vercel.app/?merchant=harbor-and-home&product=HAH-MUGS-0027,Hearthstone,,HAH-MUGS-0027,https://livgpt.vercel.app/mock-catalog/images/harbor-and-home/HAH-MUGS-0027.jpg,,,,new,Home & Garden > Kitchen & Dining > Tableware > Drinkware,Drinkware > Mugs,adult,Stoneware,5 in,4 in,5 in,1.19 lb,HAH-MUGS-GRP-006,Mugs,Sky Blue,,,unisex,in_stock,,,,89,27.78 USD,21.03 USD,2026-07-01/2026-12-31,txcd_99999999,exclusive,,"US:ALL:Standard:3-5:0.00 USD,US:ALL:Expedited:1-2:9.99 USD",US:ALL:Standard:50.00 USD,
HAH-MUGS-0028,Luxe Ceramic Mug – Slate Gray,"The Luxe Ceramic Mug from Harbor & Home, crafted in stoneware, for slow mornings and better coffee rituals. Shown in Slate Gray.",https://livgpt.vercel.app/?merchant=harbor-and-home&product=HAH-MUGS-0028,Hearthstone,,HAH-MUGS-0028,https://livgpt.vercel.app/mock-catalog/images/harbor-and-home/HAH-MUGS-0028.jpg,,,,new,Home & Garden > Kitchen & Dining > Tableware > Drinkware,Drinkware > Mugs,adult,Stoneware,5 in,4 in,5 in,1.17 lb,HAH-MUGS-GRP-007,Mugs,Slate Gray,,,unisex,in_stock,,,,166,24.53 USD,,,txcd_99999999,exclusive,,"US:ALL:Standard:3-5:0.00 USD,US:ALL:Expedited:1-2:9.99 USD",US:ALL:Standard:50.00 USD,
HAH-MUGS-0029,Heritage Stoneware Mug Set – Olive,"The Heritage Stoneware Mug Set from Harbor & Home, crafted in stoneware, for slow mornings and better coffee rituals. Shown in Olive.",https://livgpt.vercel.app/?merchant=harbor-and-home&product=HAH-MUGS-0029,Harbor Living,,HAH-MUGS-0029,https://livgpt.vercel.app/mock-catalog/images/harbor-and-home/HAH-MUGS-0029.jpg,,,,new,Home & Garden > Kitchen & Dining > Tableware > Drinkware,Drinkware > Mugs,adult,Stoneware,5 in,4 in,5 in,1.06 lb,HAH-MUGS-GRP-007,Mugs,Olive,,,unisex,in_stock,,,,168,29.36 USD,,,txcd_99999999,exclusive,,"US:ALL:Standard:3-5:0.00 USD,US:ALL:Expedited:1-2:9.99 USD",US:ALL:Standard:50.00 USD,
HAH-MUGS-0030,Essential Espresso Cup Set – Charcoal,"The Essential Espresso Cup Set from Harbor & Home, crafted in ceramic, for slow mornings and better coffee rituals. Shown in Charcoal.",https://livgpt.vercel.app/?merchant=harbor-and-home&product=HAH-MUGS-0030,Harbor Living,,HAH-MUGS-0030,https://livgpt.vercel.app/mock-catalog/images/harbor-and-home/HAH-MUGS-0030.jpg,,,,new,Home & Garden > Kitchen & Dining > Tableware > Drinkware,Drinkware > Mugs,adult,Ceramic,5 in,4 in,5 in,1.0 lb,HAH-MUGS-GRP-008,Mugs,Charcoal,,,unisex,in_stock,,,,94,26.14 USD,22.61 USD,2026-07-01/2026-12-31,txcd_99999999,exclusive,,"US:ALL:Standard:3-5:0.00 USD,US:ALL:Expedited:1-2:9.99 USD",US:ALL:Standard:50.00 USD,
HAH-COOK-0031,Rugged Dutch Oven – Charcoal,"The Rugged Dutch Oven from Harbor & Home, crafted in anodized aluminum, even heating for everyday cooking. Shown in Charcoal.",https://livgpt.vercel.app/?merchant=harbor-and-home&product=HAH-COOK-0031,Harbor & Home,,HAH-COOK-0031,https://livgpt.vercel.app/mock-catalog/images/harbor-and-home/HAH-COOK-0031.jpg,,,,new,Home & Garden > Kitchen & Dining > Cookware,Kitchen > Cookware,adult,Anodized Aluminum,14 in,11 in,6 in,3.82 lb,HAH-COOK-GRP-001,Cookware,Charcoal,,,unisex,in_stock,,,,250,175.26 USD,,,txcd_99999999,exclusive,,"US:ALL:Standard:3-5:0.00 USD,US:ALL:Expedited:1-2:9.99 USD",US:ALL:Standard:50.00 USD,
HAH-COOK-0032,Essential Nonstick Skillet – Charcoal,"The Essential Nonstick Skillet from Harbor & Home, crafted in cast iron, even heating for everyday cooking. Shown in Charcoal.",https://livgpt.vercel.app/?merchant=harbor-and-home&product=HAH-COOK-0032,Hearthstone,,HAH-COOK-0032,https://livgpt.vercel.app/mock-catalog/images/harbor-and-home/HAH-COOK-0032.jpg,,,,new,Home & Garden > Kitchen & Dining > Cookware,Kitchen > Cookware,adult,Cast Iron,14 in,11 in,6 in,4.03 lb,HAH-COOK-GRP-001,Cookware,Charcoal,,,unisex,in_stock,,,,18,175.50 USD,,,txcd_99999999,exclusive,,"US:ALL:Standard:3-5:0.00 USD,US:ALL:Expedited:1-2:9.99 USD",US:ALL:Standard:50.00 USD,
HAH-COOK-0033,Luxe Cast Iron Pan – Cream,"The Luxe Cast Iron Pan from Harbor & Home, crafted in cast iron, even heating for everyday cooking. Shown in Cream.",https://livgpt.vercel.app/?merchant=harbor-and-home&product=HAH-COOK-0033,Harbor & Home,,HAH-COOK-0033,https://livgpt.vercel.app/mock-catalog/images/harbor-and-home/HAH-COOK-0033.jpg,,,,new,Home & Garden > Kitchen & Dining > Cookware,Kitchen > Cookware,adult,Cast Iron,14 in,11 in,6 in,4.16 lb,HAH-COOK-GRP-002,Cookware,Cream,,,unisex,in_stock,,,,212,81.96 USD,,,txcd_99999999,exclusive,,"US:ALL:Standard:3-5:0.00 USD,US:ALL:Expedited:1-2:9.99 USD",US:ALL:Standard:50.00 USD,
HAH-COOK-0034,Coastal Nonstick Skillet – White,"The Coastal Nonstick Skillet from Harbor & Home, crafted in anodized aluminum, even heating for everyday cooking. Shown in White.",https://livgpt.vercel.app/?merchant=harbor-and-home&product=HAH-COOK-0034,Hearthstone,,HAH-COOK-0034,https://livgpt.vercel.app/mock-catalog/images/harbor-and-home/HAH-COOK-0034.jpg,,,,new,Home & Garden > Kitchen & Dining > Cookware,Kitchen > Cookware,adult,Anodized Aluminum,14 in,11 in,6 in,4.28 lb,HAH-COOK-GRP-002,Cookware,White,,,unisex,in_stock,,,,5,63.73 USD,,,txcd_99999999,exclusive,,"US:ALL:Standard:3-5:0.00 USD,US:ALL:Expedited:1-2:9.99 USD",US:ALL:Standard:50.00 USD,
HAH-COOK-0035,Featherlight Dutch Oven – Olive,"The Featherlight Dutch Oven from Harbor & Home, crafted in anodized aluminum, even heating for everyday cooking. Shown in Olive.",https://livgpt.vercel.app/?merchant=harbor-and-home&product=HAH-COOK-0035,Harbor & Home,,HAH-COOK-0035,https://livgpt.vercel.app/mock-catalog/images/harbor-and-home/HAH-COOK-0035.jpg,,,,new,Home & Garden > Kitchen & Dining > Cookware,Kitchen > Cookware,adult,Anodized Aluminum,14 in,11 in,6 in,4.07 lb,HAH-COOK-GRP-003,Cookware,Olive,,,unisex,in_stock,,,,9,96.90 USD,73.50 USD,2026-07-01/2026-12-31,txcd_99999999,exclusive,,"US:ALL:Standard:3-5:0.00 USD,US:ALL:Expedited:1-2:9.99 USD",US:ALL:Standard:50.00 USD,
HAH-COOK-0036,Modern Saucepan – Cream,"The Modern Saucepan from Harbor & Home, crafted in cast iron, even heating for everyday cooking. Shown in Cream.",https://livgpt.vercel.app/?merchant=harbor-and-home&product=HAH-COOK-0036,Harbor Living,,HAH-COOK-0036,https://livgpt.vercel.app/mock-catalog/images/harbor-and-home/HAH-COOK-0036.jpg,,,,new,Home & Garden > Kitchen & Dining > Cookware,Kitchen > Cookware,adult,Cast Iron,14 in,11 in,6 in,4.16 lb,HAH-COOK-GRP-003,Cookware,Cream,,,unisex,in_stock,,,,172,172.70 USD,134.96 USD,2026-07-01/2026-12-31,txcd_99999999,exclusive,,"US:ALL:Standard:3-5:0.00 USD,US:ALL:Expedited:1-2:9.99 USD",US:ALL:Standard:50.00 USD,
HAH-COOK-0037,Luxe Nonstick Skillet – Sky Blue,"The Luxe Nonstick Skillet from Harbor & Home, crafted in anodized aluminum, even heating for everyday cooking. Shown in Sky Blue.",https://livgpt.vercel.app/?merchant=harbor-and-home&product=HAH-COOK-0037,Harbor & Home,,HAH-COOK-0037,https://livgpt.vercel.app/mock-catalog/images/harbor-and-home/HAH-COOK-0037.jpg,,,,new,Home & Garden > Kitchen & Dining > Cookware,Kitchen > Cookware,adult,Anodized Aluminum,14 in,11 in,6 in,3.99 lb,HAH-COOK-GRP-004,Cookware,Sky Blue,,,unisex,in_stock,,,,112,141.52 USD,,,txcd_99999999,exclusive,,"US:ALL:Standard:3-5:0.00 USD,US:ALL:Expedited:1-2:9.99 USD",US:ALL:Standard:50.00 USD,
HAH-COOK-0038,Modern Nonstick Skillet – Sand,"The Modern Nonstick Skillet from Harbor & Home, crafted in anodized aluminum, even heating for everyday cooking. Shown in Sand.",https://livgpt.vercel.app/?merchant=harbor-and-home&product=HAH-COOK-0038,Hearthstone,,HAH-COOK-0038,https://livgpt.vercel.app/mock-catalog/images/harbor-and-home/HAH-COOK-0038.jpg,,,,new,Home & Garden > Kitchen & Dining > Cookware,Kitchen > Cookware,adult,Anodized Aluminum,14 in,11 in,6 in,3.95 lb,HAH-COOK-GRP-004,Cookware,Sand,,,unisex,in_stock,,,,99,147.54 USD,,,txcd_99999999,exclusive,,"US:ALL:Standard:3-5:0.00 USD,US:ALL:Expedited:1-2:9.99 USD",US:ALL:Standard:50.00 USD,
HAH-COOK-0039,Classic Dutch Oven – Charcoal,"The Classic Dutch Oven from Harbor & Home, crafted in anodized aluminum, even heating for everyday cooking. Shown in Charcoal.",https://livgpt.vercel.app/?merchant=harbor-and-home&product=HAH-COOK-0039,Harbor Living,,HAH-COOK-0039,https://livgpt.vercel.app/mock-catalog/images/harbor-and-home/HAH-COOK-0039.jpg,,,,new,Home & Garden > Kitchen & Dining > Cookware,Kitchen > Cookware,adult,Anodized Aluminum,14 in,11 in,6 in,4.07 lb,HAH-COOK-GRP-005,Cookware,Charcoal,,,unisex,in_stock,,,,138,94.07 USD,76.84 USD,2026-07-01/2026-12-31,txcd_99999999,exclusive,,"US:ALL:Standard:3-5:0.00 USD,US:ALL:Expedited:1-2:9.99 USD",US:ALL:Standard:50.00 USD,
HAH-COOK-0040,Essential Dutch Oven – Slate Gray,"The Essential Dutch Oven from Harbor & Home, crafted in anodized aluminum, even heating for everyday cooking. Shown in Slate Gray.",https://livgpt.vercel.app/?merchant=harbor-and-home&product=HAH-COOK-0040,Hearthstone,,HAH-COOK-0040,https://livgpt.vercel.app/mock-catalog/images/harbor-and-home/HAH-COOK-0040.jpg,,,,new,Home & Garden > Kitchen & Dining > Cookware,Kitchen > Cookware,adult,Anodized Aluminum,14 in,11 in,6 in,3.78 lb,HAH-COOK-GRP-005,Cookware,Slate Gray,,,unisex,in_stock,,,,172,130.40 USD,116.58 USD,2026-07-01/2026-12-31,txcd_99999999,exclusive,,"US:ALL:Standard:3-5:0.00 USD,US:ALL:Expedited:1-2:9.99 USD",US:ALL:Standard:50.00 USD,
HAH-COOK-0041,Trail Cast Iron Pan – Terracotta,"The Trail Cast Iron Pan from Harbor & Home, crafted in cast iron, even heating for everyday cooking. Shown in Terracotta.",https://livgpt.vercel.app/?merchant=harbor-and-home&product=HAH-COOK-0041,Harbor & Home,,HAH-COOK-0041,https://livgpt.vercel.app/mock-catalog/images/harbor-and-home/HAH-COOK-0041.jpg,,,,new,Home & Garden > Kitchen & Dining > Cookware,Kitchen > Cookware,adult,Cast Iron,14 in,11 in,6 in,4.2 lb,HAH-COOK-GRP-006,Cookware,Terracotta,,,unisex,in_stock,,,,104,108.86 USD,,,txcd_99999999,exclusive,,"US:ALL:Standard:3-5:0.00 USD,US:ALL:Expedited:1-2:9.99 USD",US:ALL:Standard:50.00 USD,
HAH-COOK-0042,Everyday Saucepan – Sand,"The Everyday Saucepan from Harbor & Home, crafted in cast iron, even heating for everyday cooking. Shown in Sand.",https://livgpt.vercel.app/?merchant=harbor-and-home&product=HAH-COOK-0042,Harbor Living,,HAH-COOK-0042,https://livgpt.vercel.app/mock-catalog/images/harbor-and-home/HAH-COOK-0042.jpg,,,,new,Home & Garden > Kitchen & Dining > Cookware,Kitchen > Cookware,adult,Cast Iron,14 in,11 in,6 in,4.41 lb,HAH-COOK-GRP-006,Cookware,Sand,,,unisex,in_stock,,,,103,128.19 USD,,,txcd_99999999,exclusive,,"US:ALL:Standard:3-5:0.00 USD,US:ALL:Expedited:1-2:9.99 USD",US:ALL:Standard:50.00 USD,
HAH-COOK-0043,Studio Dutch Oven – Sky Blue,"The Studio Dutch Oven from Harbor & Home, crafted in anodized aluminum, even heating for everyday cooking. Shown in Sky Blue.",https://livgpt.vercel.app/?merchant=harbor-and-home&product=HAH-COOK-0043,Harbor Living,,HAH-COOK-0043,https://livgpt.vercel.app/mock-catalog/images/harbor-and-home/HAH-COOK-0043.jpg,,,,new,Home & Garden > Kitchen & Dining > Cookware,Kitchen > Cookware,adult,Anodized Aluminum,14 in,11 in,6 in,4.45 lb,HAH-COOK-GRP-007,Cookware,Sky Blue,,,unisex,in_stock,,,,163,52.80 USD,,,txcd_99999999,exclusive,,"US:ALL:Standard:3-5:0.00 USD,US:ALL:Expedited:1-2:9.99 USD",US:ALL:Standard:50.00 USD,
HAH-COOK-0044,Premium Saucepan – Charcoal,"The Premium Saucepan from Harbor & Home, crafted in cast iron, even heating for everyday cooking. Shown in Charcoal.",https://livgpt.vercel.app/?merchant=harbor-and-home&product=HAH-COOK-0044,Harbor Living,,HAH-COOK-0044,https://livgpt.vercel.app/mock-catalog/images/harbor-and-home/HAH-COOK-0044.jpg,,,,new,Home & Garden > Kitchen & Dining > Cookware,Kitchen > Cookware,adult,Cast Iron,14 in,11 in,6 in,3.99 lb,HAH-COOK-GRP-007,Cookware,Charcoal,,,unisex,in_stock,,,,28,82.82 USD,,,txcd_99999999,exclusive,,"US:ALL:Standard:3-5:0.00 USD,US:ALL:Expedited:1-2:9.99 USD",US:ALL:Standard:50.00 USD,
HAH-COOK-0045,Nova Nonstick Skillet – Slate Gray,"The Nova Nonstick Skillet from Harbor & Home, crafted in cast iron, even heating for everyday cooking. Shown in Slate Gray.",https://livgpt.vercel.app/?merchant=harbor-and-home&product=HAH-COOK-0045,Harbor Living,,HAH-COOK-0045,https://livgpt.vercel.app/mock-catalog/images/harbor-and-home/HAH-COOK-0045.jpg,,,,new,Home & Garden > Kitchen & Dining > Cookware,Kitchen > Cookware,adult,Cast Iron,14 in,11 in,6 in,4.2 lb,HAH-COOK-GRP-008,Cookware,Slate Gray,,,unisex,in_stock,,,,25,127.07 USD,,,txcd_99999999,exclusive,,"US:ALL:Standard:3-5:0.00 USD,US:ALL:Expedited:1-2:9.99 USD",US:ALL:Standard:50.00 USD,
HAH-BEDD-0046,Featherlight Knit Throw – Charcoal,"The Featherlight Knit Throw from Harbor & Home, crafted in french linen, breathable, lived-in softness that gets better with every wash. Shown in Charcoal.",https://livgpt.vercel.app/?merchant=harbor-and-home&product=HAH-BEDD-0046,Hearthstone,,HAH-BEDD-0046,https://livgpt.vercel.app/mock-catalog/images/harbor-and-home/HAH-BEDD-0046.jpg,,,,new,Home & Garden > Linens & Bedding > Bedding,Home > Bedding,adult,French Linen,15 in,12 in,5 in,3.38 lb,HAH-BEDD-GRP-001,Bedding,Charcoal,S,US,unisex,in_stock,,,,78,134.99 USD,101.59 USD,2026-07-01/2026-12-31,txcd_99999999,exclusive,,"US:ALL:Standard:3-5:0.00 USD,US:ALL:Expedited:1-2:9.99 USD",US:ALL:Standard:50.00 USD,
HAH-BEDD-0047,Alpine Cotton Sheet Set – Navy,"The Alpine Cotton Sheet Set from Harbor & Home, crafted in french linen, breathable, lived-in softness that gets better with every wash. Shown in Navy.",https://livgpt.vercel.app/?merchant=harbor-and-home&product=HAH-BEDD-0047,Hearthstone,,HAH-BEDD-0047,https://livgpt.vercel.app/mock-catalog/images/harbor-and-home/HAH-BEDD-0047.jpg,,,,new,Home & Garden > Linens & Bedding > Bedding,Home > Bedding,adult,French Linen,15 in,12 in,5 in,3.71 lb,HAH-BEDD-GRP-001,Bedding,Navy,XL,US,unisex,in_stock,,,,152,124.35 USD,107.63 USD,2026-07-01/2026-12-31,txcd_99999999,exclusive,,"US:ALL:Standard:3-5:0.00 USD,US:ALL:Expedited:1-2:9.99 USD",US:ALL:Standard:50.00 USD,
HAH-BEDD-0048,Trail Knit Throw – Blush Pink,"The Trail Knit Throw from Harbor & Home, crafted in organic cotton, breathable, lived-in softness that gets better with every wash. Shown in Blush Pink.",https://livgpt.vercel.app/?merchant=harbor-and-home&product=HAH-BEDD-0048,Harbor & Home,,HAH-BEDD-0048,https://livgpt.vercel.app/mock-catalog/images/harbor-and-home/HAH-BEDD-0048.jpg,,,,new,Home & Garden > Linens & Bedding > Bedding,Home > Bedding,adult,Organic Cotton,15 in,12 in,5 in,3.71 lb,HAH-BEDD-GRP-002,Bedding,Blush Pink,XXL,US,unisex,in_stock,,,,74,81.58 USD,64.88 USD,2026-07-01/2026-12-31,txcd_99999999,exclusive,,"US:ALL:Standard:3-5:0.00 USD,US:ALL:Expedited:1-2:9.99 USD",US:ALL:Standard:50.00 USD,
HAH-BEDD-0049,Minimalist Waffle Throw Blanket – Sky Blue,"The Minimalist Waffle Throw Blanket from Harbor & Home, crafted in french linen, breathable, lived-in softness that gets better with every wash. Shown in Sky Blue.",https://livgpt.vercel.app/?merchant=harbor-and-home&product=HAH-BEDD-0049,Harbor Living,,HAH-BEDD-0049,https://livgpt.vercel.app/mock-catalog/images/harbor-and-home/HAH-BEDD-0049.jpg,,,,new,Home & Garden > Linens & Bedding > Bedding,Home > Bedding,adult,French Linen,15 in,12 in,5 in,3.42 lb,HAH-BEDD-GRP-002,Bedding,Sky Blue,XXL,US,unisex,in_stock,,,,68,76.19 USD,68.19 USD,2026-07-01/2026-12-31,txcd_99999999,exclusive,,"US:ALL:Standard:3-5:0.00 USD,US:ALL:Expedited:1-2:9.99 USD",US:ALL:Standard:50.00 USD,
HAH-BEDD-0050,Nova Linen Duvet Cover – Black,"The Nova Linen Duvet Cover from Harbor & Home, crafted in french linen, breathable, lived-in softness that gets better with every wash. Shown in Black.",https://livgpt.vercel.app/?merchant=harbor-and-home&product=HAH-BEDD-0050,Harbor Living,,HAH-BEDD-0050,https://livgpt.vercel.app/mock-catalog/images/harbor-and-home/HAH-BEDD-0050.jpg,,,,new,Home & Garden > Linens & Bedding > Bedding,Home > Bedding,adult,French Linen,15 in,12 in,5 in,3.46 lb,HAH-BEDD-GRP-003,Bedding,Black,L,US,unisex,in_stock,,,,180,178.59 USD,,,txcd_99999999,exclusive,,"US:ALL:Standard:3-5:0.00 USD,US:ALL:Expedited:1-2:9.99 USD",US:ALL:Standard:50.00 USD,
HAH-BEDD-0051,Rugged Cotton Sheet Set – White,"The Rugged Cotton Sheet Set from Harbor & Home, crafted in organic cotton, breathable, lived-in softness that gets better with every wash. Shown in White.",https://livgpt.vercel.app/?merchant=harbor-and-home&product=HAH-BEDD-0051,Harbor Living,,HAH-BEDD-0051,https://livgpt.vercel.app/mock-catalog/images/harbor-and-home/HAH-BEDD-0051.jpg,,,,new,Home & Garden > Linens & Bedding > Bedding,Home > Bedding,adult,Organic Cotton,15 in,12 in,5 in,3.28 lb,HAH-BEDD-GRP-003,Bedding,White,XL,US,unisex,in_stock,,,,194,192.76 USD,146.27 USD,2026-07-01/2026-12-31,txcd_99999999,exclusive,,"US:ALL:Standard:3-5:0.00 USD,US:ALL:Expedited:1-2:9.99 USD",US:ALL:Standard:50.00 USD,
HAH-BEDD-0052,Signature Cotton Sheet Set – Cream,"The Signature Cotton Sheet Set from Harbor & Home, crafted in french linen, breathable, lived-in softness that gets better with every wash. Shown in Cream.",https://livgpt.vercel.app/?merchant=harbor-and-home&product=HAH-BEDD-0052,Harbor Living,,HAH-BEDD-0052,https://livgpt.vercel.app/mock-catalog/images/harbor-and-home/HAH-BEDD-0052.jpg,,,,new,Home & Garden > Linens & Bedding > Bedding,Home > Bedding,adult,French Linen,15 in,12 in,5 in,3.46 lb,HAH-BEDD-GRP-004,Bedding,Cream,XL,US,unisex,in_stock,,,,240,153.03 USD,,,txcd_99999999,exclusive,,"US:ALL:Standard:3-5:0.00 USD,US:ALL:Expedited:1-2:9.99 USD",US:ALL:Standard:50.00 USD,
HAH-BEDD-0053,Featherlight Waffle Throw Blanket – Cream,"The Featherlight Waffle Throw Blanket from Harbor & Home, crafted in french linen, breathable, lived-in softness that gets better with every wash. Shown in Cream.",https://livgpt.vercel.app/?merchant=harbor-and-home&product=HAH-BEDD-0053,Harbor & Home,,HAH-BEDD-0053,https://livgpt.vercel.app/mock-catalog/images/harbor-and-home/HAH-BEDD-0053.jpg,,,,new,Home & Garden > Linens & Bedding > Bedding,Home > Bedding,adult,French Linen,15 in,12 in,5 in,3.42 lb,HAH-BEDD-GRP-004,Bedding,Cream,M,US,unisex,in_stock,,,,209,97.88 USD,89.40 USD,2026-07-01/2026-12-31,txcd_99999999,exclusive,,"US:ALL:Standard:3-5:0.00 USD,US:ALL:Expedited:1-2:9.99 USD",US:ALL:Standard:50.00 USD,
HAH-BEDD-0054,Terra Waffle Throw Blanket – Burgundy,"The Terra Waffle Throw Blanket from Harbor & Home, crafted in french linen, breathable, lived-in softness that gets better with every wash. Shown in Burgundy.",https://livgpt.vercel.app/?merchant=harbor-and-home&product=HAH-BEDD-0054,Hearthstone,,HAH-BEDD-0054,https://livgpt.vercel.app/mock-catalog/images/harbor-and-home/HAH-BEDD-0054.jpg,,,,new,Home & Garden > Linens & Bedding > Bedding,Home > Bedding,adult,French Linen,15 in,12 in,5 in,3.38 lb,HAH-BEDD-GRP-005,Bedding,Burgundy,M,US,unisex,in_stock,,,,29,108.35 USD,,,txcd_99999999,exclusive,,"US:ALL:Standard:3-5:0.00 USD,US:ALL:Expedited:1-2:9.99 USD",US:ALL:Standard:50.00 USD,
HAH-BEDD-0055,Essential Knit Throw – Sand,"The Essential Knit Throw from Harbor & Home, crafted in organic cotton, breathable, lived-in softness that gets better with every wash. Shown in Sand.",https://livgpt.vercel.app/?merchant=harbor-and-home&product=HAH-BEDD-0055,Hearthstone,,HAH-BEDD-0055,https://livgpt.vercel.app/mock-catalog/images/harbor-and-home/HAH-BEDD-0055.jpg,,,,new,Home & Garden > Linens & Bedding > Bedding,Home > Bedding,adult,Organic Cotton,15 in,12 in,5 in,3.53 lb,HAH-BEDD-GRP-005,Bedding,Sand,M,US,unisex,in_stock,,,,80,145.70 USD,,,txcd_99999999,exclusive,,"US:ALL:Standard:3-5:0.00 USD,US:ALL:Expedited:1-2:9.99 USD",US:ALL:Standard:50.00 USD,
HAH-BEDD-0056,Minimalist Linen Duvet Cover – Blush Pink,"The Minimalist Linen Duvet Cover from Harbor & Home, crafted in organic cotton, breathable, lived-in softness that gets better with every wash. Shown in Blush Pink.",https://livgpt.vercel.app/?merchant=harbor-and-home&product=HAH-BEDD-0056,Harbor Living,,HAH-BEDD-0056,https://livgpt.vercel.app/mock-catalog/images/harbor-and-home/HAH-BEDD-0056.jpg,,,,new,Home & Garden > Linens & Bedding > Bedding,Home > Bedding,adult,Organic Cotton,15 in,12 in,5 in,3.28 lb,HAH-BEDD-GRP-006,Bedding,Blush Pink,L,US,unisex,in_stock,,,,201,149.66 USD,,,txcd_99999999,exclusive,,"US:ALL:Standard:3-5:0.00 USD,US:ALL:Expedited:1-2:9.99 USD",US:ALL:Standard:50.00 USD,
HAH-BEDD-0057,Nova Knit Throw – Sand,"The Nova Knit Throw from Harbor & Home, crafted in french linen, breathable, lived-in softness that gets better with every wash. Shown in Sand.",https://livgpt.vercel.app/?merchant=harbor-and-home&product=HAH-BEDD-0057,Harbor Living,,HAH-BEDD-0057,https://livgpt.vercel.app/mock-catalog/images/harbor-and-home/HAH-BEDD-0057.jpg,,,,new,Home & Garden > Linens & Bedding > Bedding,Home > Bedding,adult,French Linen,15 in,12 in,5 in,3.92 lb,HAH-BEDD-GRP-006,Bedding,Sand,M,US,unisex,in_stock,,,,46,167.56 USD,,,txcd_99999999,exclusive,,"US:ALL:Standard:3-5:0.00 USD,US:ALL:Expedited:1-2:9.99 USD",US:ALL:Standard:50.00 USD,
HAH-BEDD-0058,Studio Knit Throw – Terracotta,"The Studio Knit Throw from Harbor & Home, crafted in organic cotton, breathable, lived-in softness that gets better with every wash. Shown in Terracotta.",https://livgpt.vercel.app/?merchant=harbor-and-home&product=HAH-BEDD-0058,Harbor & Home,,HAH-BEDD-0058,https://livgpt.vercel.app/mock-catalog/images/harbor-and-home/HAH-BEDD-0058.jpg,,,,new,Home & Garden > Linens & Bedding > Bedding,Home > Bedding,adult,Organic Cotton,15 in,12 in,5 in,3.56 lb,HAH-BEDD-GRP-007,Bedding,Terracotta,XL,US,unisex,in_stock,,,,238,186.48 USD,,,txcd_99999999,exclusive,,"US:ALL:Standard:3-5:0.00 USD,US:ALL:Expedited:1-2:9.99 USD",US:ALL:Standard:50.00 USD,
HAH-BEDD-0059,Aero Linen Duvet Cover – Navy,"The Aero Linen Duvet Cover from Harbor & Home, crafted in organic cotton, breathable, lived-in softness that gets better with every wash. Shown in Navy.",https://livgpt.vercel.app/?merchant=harbor-and-home&product=HAH-BEDD-0059,Hearthstone,,HAH-BEDD-0059,https://livgpt.vercel.app/mock-catalog/images/harbor-and-home/HAH-BEDD-0059.jpg,,,,new,Home & Garden > Linens & Bedding > Bedding,Home > Bedding,adult,Organic Cotton,15 in,12 in,5 in,3.49 lb,HAH-BEDD-GRP-007,Bedding,Navy,L,US,unisex,in_stock,,,,27,50.95 USD,,,txcd_99999999,exclusive,,"US:ALL:Standard:3-5:0.00 USD,US:ALL:Expedited:1-2:9.99 USD",US:ALL:Standard:50.00 USD,
HAH-BEDD-0060,Signature Waffle Throw Blanket – Black,"The Signature Waffle Throw Blanket from Harbor & Home, crafted in organic cotton, breathable, lived-in softness that gets better with every wash. Shown in Black.",https://livgpt.vercel.app/?merchant=harbor-and-home&product=HAH-BEDD-0060,Harbor & Home,,HAH-BEDD-0060,https://livgpt.vercel.app/mock-catalog/images/harbor-and-home/HAH-BEDD-0060.jpg,,,,new,Home & Garden > Linens & Bedding > Bedding,Home > Bedding,adult,Organic Cotton,15 in,12 in,5 in,3.85 lb,HAH-BEDD-GRP-008,Bedding,Black,XL,US,unisex,in_stock,,,,84,134.10 USD,,,txcd_99999999,exclusive,,"US:ALL:Standard:3-5:0.00 USD,US:ALL:Expedited:1-2:9.99 USD",US:ALL:Standard:50.00 USD,
HAH-LOUN-0061,Pro Waffle Robe – Terracotta,"The Pro Waffle Robe from Harbor & Home, crafted in waffle knit, the softest way to unwind at home. Shown in Terracotta.",https://livgpt.vercel.app/?merchant=harbor-and-home&product=HAH-LOUN-0061,Harbor & Home,,HAH-LOUN-0061,https://livgpt.vercel.app/mock-catalog/images/harbor-and-home/HAH-LOUN-0061.jpg,,,,new,Apparel & Accessories > Clothing > Sleepwear & Loungewear,Apparel > Loungewear,adult,Waffle Knit,12 in,10 in,2 in,1.18 lb,HAH-LOUN-GRP-001,Loungewear,Terracotta,M,US,unisex,in_stock,,,,10,83.12 USD,,,txcd_99999999,exclusive,,"US:ALL:Standard:3-5:0.00 USD,US:ALL:Expedited:1-2:9.99 USD",US:ALL:Standard:50.00 USD,
HAH-LOUN-0062,Premium Slipper Socks – Blush Pink,"The Premium Slipper Socks from Harbor & Home, crafted in waffle knit, the softest way to unwind at home. Shown in Blush Pink.",https://livgpt.vercel.app/?merchant=harbor-and-home&product=HAH-LOUN-0062,Harbor & Home,,HAH-LOUN-0062,https://livgpt.vercel.app/mock-catalog/images/harbor-and-home/HAH-LOUN-0062.jpg,,,,new,Apparel & Accessories > Clothing > Sleepwear & Loungewear,Apparel > Loungewear,adult,Waffle Knit,12 in,10 in,2 in,0.99 lb,HAH-LOUN-GRP-001,Loungewear,Blush Pink,XS,US,unisex,in_stock,,,,90,89.58 USD,,,txcd_99999999,exclusive,,"US:ALL:Standard:3-5:0.00 USD,US:ALL:Expedited:1-2:9.99 USD",US:ALL:Standard:50.00 USD,
HAH-LOUN-0063,Terra Slipper Socks – Slate Gray,"The Terra Slipper Socks from Harbor & Home, crafted in waffle knit, the softest way to unwind at home. Shown in Slate Gray.",https://livgpt.vercel.app/?merchant=harbor-and-home&product=HAH-LOUN-0063,Harbor Living,,HAH-LOUN-0063,https://livgpt.vercel.app/mock-catalog/images/harbor-and-home/HAH-LOUN-0063.jpg,,,,new,Apparel & Accessories > Clothing > Sleepwear & Loungewear,Apparel > Loungewear,adult,Waffle Knit,12 in,10 in,2 in,1.16 lb,HAH-LOUN-GRP-002,Loungewear,Slate Gray,XL,US,unisex,in_stock,,,,178,39.90 USD,,,txcd_99999999,exclusive,,"US:ALL:Standard:3-5:0.00 USD,US:ALL:Expedited:1-2:9.99 USD",US:ALL:Standard:50.00 USD,
HAH-LOUN-0064,Urban Waffle Robe – Forest Green,"The Urban Waffle Robe from Harbor & Home, crafted in brushed cotton, the softest way to unwind at home. Shown in Forest Green.",https://livgpt.vercel.app/?merchant=harbor-and-home&product=HAH-LOUN-0064,Harbor & Home,,HAH-LOUN-0064,https://livgpt.vercel.app/mock-catalog/images/harbor-and-home/HAH-LOUN-0064.jpg,,,,new,Apparel & Accessories > Clothing > Sleepwear & Loungewear,Apparel > Loungewear,adult,Brushed Cotton,12 in,10 in,2 in,1.2 lb,HAH-LOUN-GRP-002,Loungewear,Forest Green,M,US,unisex,in_stock,,,,181,38.04 USD,,,txcd_99999999,exclusive,,"US:ALL:Standard:3-5:0.00 USD,US:ALL:Expedited:1-2:9.99 USD",US:ALL:Standard:50.00 USD,
HAH-LOUN-0065,Minimalist Lounge Pants – Olive,"The Minimalist Lounge Pants from Harbor & Home, crafted in brushed cotton, the softest way to unwind at home. Shown in Olive.",https://livgpt.vercel.app/?merchant=harbor-and-home&product=HAH-LOUN-0065,Hearthstone,,HAH-LOUN-0065,https://livgpt.vercel.app/mock-catalog/images/harbor-and-home/HAH-LOUN-0065.jpg,,,,new,Apparel & Accessories > Clothing > Sleepwear & Loungewear,Apparel > Loungewear,adult,Brushed Cotton,12 in,10 in,2 in,1.06 lb,HAH-LOUN-GRP-003,Loungewear,Olive,M,US,unisex,in_stock,,,,140,75.22 USD,,,txcd_99999999,exclusive,,"US:ALL:Standard:3-5:0.00 USD,US:ALL:Expedited:1-2:9.99 USD",US:ALL:Standard:50.00 USD,
HAH-LOUN-0066,Rugged Waffle Robe – Blush Pink,"The Rugged Waffle Robe from Harbor & Home, crafted in waffle knit, the softest way to unwind at home. Shown in Blush Pink.",https://livgpt.vercel.app/?merchant=harbor-and-home&product=HAH-LOUN-0066,Harbor & Home,,HAH-LOUN-0066,https://livgpt.vercel.app/mock-catalog/images/harbor-and-home/HAH-LOUN-0066.jpg,,,,new,Apparel & Accessories > Clothing > Sleepwear & Loungewear,Apparel > Loungewear,adult,Waffle Knit,12 in,10 in,2 in,1.08 lb,HAH-LOUN-GRP-003,Loungewear,Blush Pink,L,US,unisex,in_stock,,,,45,75.72 USD,,,txcd_99999999,exclusive,,"US:ALL:Standard:3-5:0.00 USD,US:ALL:Expedited:1-2:9.99 USD",US:ALL:Standard:50.00 USD,
HAH-LOUN-0067,Aero Lounge Pants – Terracotta,"The Aero Lounge Pants from Harbor & Home, crafted in waffle knit, the softest way to unwind at home. Shown in Terracotta.",https://livgpt.vercel.app/?merchant=harbor-and-home&product=HAH-LOUN-0067,Hearthstone,,HAH-LOUN-0067,https://livgpt.vercel.app/mock-catalog/images/harbor-and-home/HAH-LOUN-0067.jpg,,,,new,Apparel & Accessories > Clothing > Sleepwear & Loungewear,Apparel > Loungewear,adult,Waffle Knit,12 in,10 in,2 in,1.02 lb,HAH-LOUN-GRP-004,Loungewear,Terracotta,S,US,unisex,in_stock,,,,86,78.76 USD,,,txcd_99999999,exclusive,,"US:ALL:Standard:3-5:0.00 USD,US:ALL:Expedited:1-2:9.99 USD",US:ALL:Standard:50.00 USD,
HAH-LOUN-0068,Terra Lounge Pants – Black,"The Terra Lounge Pants from Harbor & Home, crafted in waffle knit, the softest way to unwind at home. Shown in Black.",https://livgpt.vercel.app/?merchant=harbor-and-home&product=HAH-LOUN-0068,Harbor Living,,HAH-LOUN-0068,https://livgpt.vercel.app/mock-catalog/images/harbor-and-home/HAH-LOUN-0068.jpg,,,,new,Apparel & Accessories > Clothing > Sleepwear & Loungewear,Apparel > Loungewear,adult,Waffle Knit,12 in,10 in,2 in,1.05 lb,HAH-LOUN-GRP-004,Loungewear,Black,XS,US,unisex,in_stock,,,,142,80.36 USD,,,txcd_99999999,exclusive,,"US:ALL:Standard:3-5:0.00 USD,US:ALL:Expedited:1-2:9.99 USD",US:ALL:Standard:50.00 USD,
HAH-LOUN-0069,Trail Knit Cardigan – White,"The Trail Knit Cardigan from Harbor & Home, crafted in brushed cotton, the softest way to unwind at home. Shown in White.",https://livgpt.vercel.app/?merchant=harbor-and-home&product=HAH-LOUN-0069,Hearthstone,,HAH-LOUN-0069,https://livgpt.vercel.app/mock-catalog/images/harbor-and-home/HAH-LOUN-0069.jpg,,,,new,Apparel & Accessories > Clothing > Sleepwear & Loungewear,Apparel > Loungewear,adult,Brushed Cotton,12 in,10 in,2 in,1.06 lb,HAH-LOUN-GRP-005,Loungewear,White,L,US,unisex,in_stock,,,,246,49.83 USD,,,txcd_99999999,exclusive,,"US:ALL:Standard:3-5:0.00 USD,US:ALL:Expedited:1-2:9.99 USD",US:ALL:Standard:50.00 USD,
HAH-LOUN-0070,Nova Waffle Robe – Black,"The Nova Waffle Robe from Harbor & Home, crafted in waffle knit, the softest way to unwind at home. Shown in Black.",https://livgpt.vercel.app/?merchant=harbor-and-home&product=HAH-LOUN-0070,Hearthstone,,HAH-LOUN-0070,https://livgpt.vercel.app/mock-catalog/images/harbor-and-home/HAH-LOUN-0070.jpg,,,,new,Apparel & Accessories > Clothing > Sleepwear & Loungewear,Apparel > Loungewear,adult,Waffle Knit,12 in,10 in,2 in,1.16 lb,HAH-LOUN-GRP-005,Loungewear,Black,XS,US,unisex,in_stock,,,,235,63.81 USD,,,txcd_99999999,exclusive,,"US:ALL:Standard:3-5:0.00 USD,US:ALL:Expedited:1-2:9.99 USD",US:ALL:Standard:50.00 USD,
HAH-LOUN-0071,Rugged Lounge Pants – Cream,"The Rugged Lounge Pants from Harbor & Home, crafted in waffle knit, the softest way to unwind at home. Shown in Cream.",https://livgpt.vercel.app/?merchant=harbor-and-home&product=HAH-LOUN-0071,Harbor & Home,,HAH-LOUN-0071,https://livgpt.vercel.app/mock-catalog/images/harbor-and-home/HAH-LOUN-0071.jpg,,,,new,Apparel & Accessories > Clothing > Sleepwear & Loungewear,Apparel > Loungewear,adult,Waffle Knit,12 in,10 in,2 in,1.05 lb,HAH-LOUN-GRP-006,Loungewear,Cream,XXL,US,unisex,in_stock,,,,43,41.46 USD,,,txcd_99999999,exclusive,,"US:ALL:Standard:3-5:0.00 USD,US:ALL:Expedited:1-2:9.99 USD",US:ALL:Standard:50.00 USD,
HAH-LOUN-0072,Studio Waffle Robe – Blush Pink,"The Studio Waffle Robe from Harbor & Home, crafted in waffle knit, the softest way to unwind at home. Shown in Blush Pink.",https://livgpt.vercel.app/?merchant=harbor-and-home&product=HAH-LOUN-0072,Harbor & Home,,HAH-LOUN-0072,https://livgpt.vercel.app/mock-catalog/images/harbor-and-home/HAH-LOUN-0072.jpg,,,,new,Apparel & Accessories > Clothing > Sleepwear & Loungewear,Apparel > Loungewear,adult,Waffle Knit,12 in,10 in,2 in,1.12 lb,HAH-LOUN-GRP-006,Loungewear,Blush Pink,S,US,unisex,in_stock,,,,73,67.42 USD,,,txcd_99999999,exclusive,,"US:ALL:Standard:3-5:0.00 USD,US:ALL:Expedited:1-2:9.99 USD",US:ALL:Standard:50.00 USD,
HAH-LOUN-0073,Signature Lounge Pants – Navy,"The Signature Lounge Pants from Harbor & Home, crafted in waffle knit, the softest way to unwind at home. Shown in Navy.",https://livgpt.vercel.app/?merchant=harbor-and-home&product=HAH-LOUN-0073,Harbor Living,,HAH-LOUN-0073,https://livgpt.vercel.app/mock-catalog/images/harbor-and-home/HAH-LOUN-0073.jpg,,,,new,Apparel & Accessories > Clothing > Sleepwear & Loungewear,Apparel > Loungewear,adult,Waffle Knit,12 in,10 in,2 in,1.05 lb,HAH-LOUN-GRP-007,Loungewear,Navy,L,US,unisex,in_stock,,,,248,91.67 USD,,,txcd_99999999,exclusive,,"US:ALL:Standard:3-5:0.00 USD,US:ALL:Expedited:1-2:9.99 USD",US:ALL:Standard:50.00 USD,
HAH-LOUN-0074,Classic Slipper Socks – Slate Gray,"The Classic Slipper Socks from Harbor & Home, crafted in waffle knit, the softest way to unwind at home. Shown in Slate Gray.",https://livgpt.vercel.app/?merchant=harbor-and-home&product=HAH-LOUN-0074,Hearthstone,,HAH-LOUN-0074,https://livgpt.vercel.app/mock-catalog/images/harbor-and-home/HAH-LOUN-0074.jpg,,,,new,Apparel & Accessories > Clothing > Sleepwear & Loungewear,Apparel > Loungewear,adult,Waffle Knit,12 in,10 in,2 in,1.17 lb,HAH-LOUN-GRP-007,Loungewear,Slate Gray,XL,US,unisex,in_stock,,,,8,53.74 USD,,,txcd_99999999,exclusive,,"US:ALL:Standard:3-5:0.00 USD,US:ALL:Expedited:1-2:9.99 USD",US:ALL:Standard:50.00 USD,
HAH-LOUN-0075,Everyday Waffle Robe – Olive,"The Everyday Waffle Robe from Harbor & Home, crafted in waffle knit, the softest way to unwind at home. Shown in Olive.",https://livgpt.vercel.app/?merchant=harbor-and-home&product=HAH-LOUN-0075,Hearthstone,,HAH-LOUN-0075,https://livgpt.vercel.app/mock-catalog/images/harbor-and-home/HAH-LOUN-0075.jpg,,,,new,Apparel & Accessories > Clothing > Sleepwear & Loungewear,Apparel > Loungewear,adult,Waffle Knit,12 in,10 in,2 in,1.2 lb,HAH-LOUN-GRP-008,Loungewear,Olive,S,US,unisex,in_stock,,,,216,92.41 USD,,,txcd_99999999,exclusive,,"US:ALL:Standard:3-5:0.00 USD,US:ALL:Expedited:1-2:9.99 USD",US:ALL:Standard:50.00 USD,
HAH-WELL-0076,Nova Meditation Cushion – Forest Green,"The Nova Meditation Cushion from Harbor & Home, crafted in bamboo, to bring a little calm into your daily routine. Shown in Forest Green.",https://livgpt.vercel.app/?merchant=harbor-and-home&product=HAH-WELL-0076,Harbor & Home,,HAH-WELL-0076,https://livgpt.vercel.app/mock-catalog/images/harbor-and-home/HAH-WELL-0076.jpg,,,,new,Health & Beauty > Health Care,Wellness > Aromatherapy,adult,Bamboo,4 in,4 in,6 in,0.81 lb,HAH-WELL-GRP-001,Aromatherapy,Forest Green,,,unisex,in_stock,,,,125,45.54 USD,,,txcd_99999999,exclusive,,"US:ALL:Standard:3-5:0.00 USD,US:ALL:Expedited:1-2:9.99 USD",US:ALL:Standard:50.00 USD,
HAH-WELL-0077,Minimalist Essential Oil Diffuser – Sky Blue,"The Minimalist Essential Oil Diffuser from Harbor & Home, crafted in cork, to bring a little calm into your daily routine. Shown in Sky Blue.",https://livgpt.vercel.app/?merchant=harbor-and-home&product=HAH-WELL-0077,Harbor & Home,,HAH-WELL-0077,https://livgpt.vercel.app/mock-catalog/images/harbor-and-home/HAH-WELL-0077.jpg,,,,new,Health & Beauty > Health Care,Wellness > Aromatherapy,adult,Cork,4 in,4 in,6 in,0.98 lb,HAH-WELL-GRP-001,Aromatherapy,Sky Blue,,,unisex,in_stock,,,,100,25.28 USD,,,txcd_99999999,exclusive,,"US:ALL:Standard:3-5:0.00 USD,US:ALL:Expedited:1-2:9.99 USD",US:ALL:Standard:50.00 USD,
HAH-WELL-0078,Modern Aromatherapy Set – Charcoal,"The Modern Aromatherapy Set from Harbor & Home, crafted in bamboo, to bring a little calm into your daily routine. Shown in Charcoal.",https://livgpt.vercel.app/?merchant=harbor-and-home&product=HAH-WELL-0078,Harbor Living,,HAH-WELL-0078,https://livgpt.vercel.app/mock-catalog/images/harbor-and-home/HAH-WELL-0078.jpg,,,,new,Health & Beauty > Health Care,Wellness > Aromatherapy,adult,Bamboo,4 in,4 in,6 in,0.88 lb,HAH-WELL-GRP-002,Aromatherapy,Charcoal,,,unisex,in_stock,,,,88,35.04 USD,29.65 USD,2026-07-01/2026-12-31,txcd_99999999,exclusive,,"US:ALL:Standard:3-5:0.00 USD,US:ALL:Expedited:1-2:9.99 USD",US:ALL:Standard:50.00 USD,
HAH-WELL-0079,Terra Aromatherapy Set – Sand,"The Terra Aromatherapy Set from Harbor & Home, crafted in cork, to bring a little calm into your daily routine. Shown in Sand.",https://livgpt.vercel.app/?merchant=harbor-and-home&product=HAH-WELL-0079,Hearthstone,,HAH-WELL-0079,https://livgpt.vercel.app/mock-catalog/images/harbor-and-home/HAH-WELL-0079.jpg,,,,new,Health & Beauty > Health Care,Wellness > Aromatherapy,adult,Cork,4 in,4 in,6 in,0.88 lb,HAH-WELL-GRP-002,Aromatherapy,Sand,,,unisex,in_stock,,,,250,65.52 USD,,,txcd_99999999,exclusive,,"US:ALL:Standard:3-5:0.00 USD,US:ALL:Expedited:1-2:9.99 USD",US:ALL:Standard:50.00 USD,
HAH-WELL-0080,Trail Essential Oil Diffuser – Cream,"The Trail Essential Oil Diffuser from Harbor & Home, crafted in bamboo, to bring a little calm into your daily routine. Shown in Cream.",https://livgpt.vercel.app/?merchant=harbor-and-home&product=HAH-WELL-0080,Hearthstone,,HAH-WELL-0080,https://livgpt.vercel.app/mock-catalog/images/harbor-and-home/HAH-WELL-0080.jpg,,,,new,Health & Beauty > Health Care,Wellness > Aromatherapy,adult,Bamboo,4 in,4 in,6 in,0.97 lb,HAH-WELL-GRP-003,Aromatherapy,Cream,,,unisex,in_stock,,,,250,54.73 USD,,,txcd_99999999,exclusive,,"US:ALL:Standard:3-5:0.00 USD,US:ALL:Expedited:1-2:9.99 USD",US:ALL:Standard:50.00 USD,
HAH-WELL-0081,Everyday Essential Oil Diffuser – Cream,"The Everyday Essential Oil Diffuser from Harbor & Home, crafted in bamboo, to bring a little calm into your daily routine. Shown in Cream.",https://livgpt.vercel.app/?merchant=harbor-and-home&product=HAH-WELL-0081,Hearthstone,,HAH-WELL-0081,https://livgpt.vercel.app/mock-catalog/images/harbor-and-home/HAH-WELL-0081.jpg,,,,new,Health & Beauty > Health Care,Wellness > Aromatherapy,adult,Bamboo,4 in,4 in,6 in,0.96 lb,HAH-WELL-GRP-003,Aromatherapy,Cream,,,unisex,in_stock,,,,209,38.59 USD,,,txcd_99999999,exclusive,,"US:ALL:Standard:3-5:0.00 USD,US:ALL:Expedited:1-2:9.99 USD",US:ALL:Standard:50.00 USD,
HAH-WELL-0082,Modern Yoga Mat – Olive,"The Modern Yoga Mat from Harbor & Home, crafted in cork, to bring a little calm into your daily routine. Shown in Olive.",https://livgpt.vercel.app/?merchant=harbor-and-home&product=HAH-WELL-0082,Hearthstone,,HAH-WELL-0082,https://livgpt.vercel.app/mock-catalog/images/harbor-and-home/HAH-WELL-0082.jpg,,,,new,Health & Beauty > Health Care,Wellness > Aromatherapy,adult,Cork,4 in,4 in,6 in,0.83 lb,HAH-WELL-GRP-004,Aromatherapy,Olive,,,unisex,in_stock,,,,15,58.17 USD,,,txcd_99999999,exclusive,,"US:ALL:Standard:3-5:0.00 USD,US:ALL:Expedited:1-2:9.99 USD",US:ALL:Standard:50.00 USD,
HAH-WELL-0083,Featherlight Aromatherapy Set – Sand,"The Featherlight Aromatherapy Set from Harbor & Home, crafted in bamboo, to bring a little calm into your daily routine. Shown in Sand.",https://livgpt.vercel.app/?merchant=harbor-and-home&product=HAH-WELL-0083,Harbor Living,,HAH-WELL-0083,https://livgpt.vercel.app/mock-catalog/images/harbor-and-home/HAH-WELL-0083.jpg,,,,new,Health & Beauty > Health Care,Wellness > Aromatherapy,adult,Bamboo,4 in,4 in,6 in,0.92 lb,HAH-WELL-GRP-004,Aromatherapy,Sand,,,unisex,in_stock,,,,235,56.32 USD,45.91 USD,2026-07-01/2026-12-31,txcd_99999999,exclusive,,"US:ALL:Standard:3-5:0.00 USD,US:ALL:Expedited:1-2:9.99 USD",US:ALL:Standard:50.00 USD,
HAH-WELL-0084,Signature Essential Oil Diffuser – Charcoal,"The Signature Essential Oil Diffuser from Harbor & Home, crafted in cork, to bring a little calm into your daily routine. Shown in Charcoal.",https://livgpt.vercel.app/?merchant=harbor-and-home&product=HAH-WELL-0084,Harbor & Home,,HAH-WELL-0084,https://livgpt.vercel.app/mock-catalog/images/harbor-and-home/HAH-WELL-0084.jpg,,,,new,Health & Beauty > Health Care,Wellness > Aromatherapy,adult,Cork,4 in,4 in,6 in,0.98 lb,HAH-WELL-GRP-005,Aromatherapy,Charcoal,,,unisex,in_stock,,,,194,25.45 USD,,,txcd_99999999,exclusive,,"US:ALL:Standard:3-5:0.00 USD,US:ALL:Expedited:1-2:9.99 USD",US:ALL:Standard:50.00 USD,
HAH-WELL-0085,Aero Aromatherapy Set – Black,"The Aero Aromatherapy Set from Harbor & Home, crafted in cork, to bring a little calm into your daily routine. Shown in Black.",https://livgpt.vercel.app/?merchant=harbor-and-home&product=HAH-WELL-0085,Hearthstone,,HAH-WELL-0085,https://livgpt.vercel.app/mock-catalog/images/harbor-and-home/HAH-WELL-0085.jpg,,,,new,Health & Beauty > Health Care,Wellness > Aromatherapy,adult,Cork,4 in,4 in,6 in,0.98 lb,HAH-WELL-GRP-005,Aromatherapy,Black,,,unisex,in_stock,,,,177,83.27 USD,,,txcd_99999999,exclusive,,"US:ALL:Standard:3-5:0.00 USD,US:ALL:Expedited:1-2:9.99 USD",US:ALL:Standard:50.00 USD,
HAH-WELL-0086,Luxe Meditation Cushion – Blush Pink,"The Luxe Meditation Cushion from Harbor & Home, crafted in cork, to bring a little calm into your daily routine. Shown in Blush Pink.",https://livgpt.vercel.app/?merchant=harbor-and-home&product=HAH-WELL-0086,Harbor & Home,,HAH-WELL-0086,https://livgpt.vercel.app/mock-catalog/images/harbor-and-home/HAH-WELL-0086.jpg,,,,new,Health & Beauty > Health Care,Wellness > Aromatherapy,adult,Cork,4 in,4 in,6 in,0.99 lb,HAH-WELL-GRP-006,Aromatherapy,Blush Pink,,,unisex,in_stock,,,,183,85.01 USD,,,txcd_99999999,exclusive,,"US:ALL:Standard:3-5:0.00 USD,US:ALL:Expedited:1-2:9.99 USD",US:ALL:Standard:50.00 USD,
HAH-WELL-0087,Alpine Aromatherapy Set – Charcoal,"The Alpine Aromatherapy Set from Harbor & Home, crafted in bamboo, to bring a little calm into your daily routine. Shown in Charcoal.",https://livgpt.vercel.app/?merchant=harbor-and-home&product=HAH-WELL-0087,Harbor Living,,HAH-WELL-0087,https://livgpt.vercel.app/mock-catalog/images/harbor-and-home/HAH-WELL-0087.jpg,,,,new,Health & Beauty > Health Care,Wellness > Aromatherapy,adult,Bamboo,4 in,4 in,6 in,0.95 lb,HAH-WELL-GRP-006,Aromatherapy,Charcoal,,,unisex,in_stock,,,,97,36.12 USD,28.76 USD,2026-07-01/2026-12-31,txcd_99999999,exclusive,,"US:ALL:Standard:3-5:0.00 USD,US:ALL:Expedited:1-2:9.99 USD",US:ALL:Standard:50.00 USD,
HAH-WELL-0088,Signature Aromatherapy Set – Charcoal,"The Signature Aromatherapy Set from Harbor & Home, crafted in bamboo, to bring a little calm into your daily routine. Shown in Charcoal.",https://livgpt.vercel.app/?merchant=harbor-and-home&product=HAH-WELL-0088,Harbor Living,,HAH-WELL-0088,https://livgpt.vercel.app/mock-catalog/images/harbor-and-home/HAH-WELL-0088.jpg,,,,new,Health & Beauty > Health Care,Wellness > Aromatherapy,adult,Bamboo,4 in,4 in,6 in,0.86 lb,HAH-WELL-GRP-007,Aromatherapy,Charcoal,,,unisex,in_stock,,,,144,81.37 USD,,,txcd_99999999,exclusive,,"US:ALL:Standard:3-5:0.00 USD,US:ALL:Expedited:1-2:9.99 USD",US:ALL:Standard:50.00 USD,
HAH-WELL-0089,Classic Aromatherapy Set – Forest Green,"The Classic Aromatherapy Set from Harbor & Home, crafted in bamboo, to bring a little calm into your daily routine. Shown in Forest Green.",https://livgpt.vercel.app/?merchant=harbor-and-home&product=HAH-WELL-0089,Harbor & Home,,HAH-WELL-0089,https://livgpt.vercel.app/mock-catalog/images/harbor-and-home/HAH-WELL-0089.jpg,,,,new,Health & Beauty > Health Care,Wellness > Aromatherapy,adult,Bamboo,4 in,4 in,6 in,0.82 lb,HAH-WELL-GRP-007,Aromatherapy,Forest Green,,,unisex,in_stock,,,,93,60.53 USD,,,txcd_99999999,exclusive,,"US:ALL:Standard:3-5:0.00 USD,US:ALL:Expedited:1-2:9.99 USD",US:ALL:Standard:50.00 USD,
HAH-WELL-0090,Alpine Essential Oil Diffuser – Sky Blue,"The Alpine Essential Oil Diffuser from Harbor & Home, crafted in cork, to bring a little calm into your daily routine. Shown in Sky Blue.",https://livgpt.vercel.app/?merchant=harbor-and-home&product=HAH-WELL-0090,Hearthstone,,HAH-WELL-0090,https://livgpt.vercel.app/mock-catalog/images/harbor-and-home/HAH-WELL-0090.jpg,,,,new,Health & Beauty > Health Care,Wellness > Aromatherapy,adult,Cork,4 in,4 in,6 in,0.81 lb,HAH-WELL-GRP-008,Aromatherapy,Sky Blue,,,unisex,in_stock,,,,41,77.90 USD,63.94 USD,2026-07-01/2026-12-31,txcd_99999999,exclusive,,"US:ALL:Standard:3-5:0.00 USD,US:ALL:Expedited:1-2:9.99 USD",US:ALL:Standard:50.00 USD,
HAH-TUMB-0091,Urban Travel Mug – Sand,"The Urban Travel Mug from Harbor & Home, crafted in stainless steel, double-walled to keep drinks hot or cold for hours. Shown in Sand.",https://livgpt.vercel.app/?merchant=harbor-and-home&product=HAH-TUMB-0091,Harbor & Home,,HAH-TUMB-0091,https://livgpt.vercel.app/mock-catalog/images/harbor-and-home/HAH-TUMB-0091.jpg,,,,new,Home & Garden > Kitchen & Dining > Food & Beverage Carriers > Water Bottles,Drinkware > Tumblers,adult,Stainless Steel,4 in,4 in,8 in,1.02 lb,HAH-TUMB-GRP-001,Tumblers,Sand,,,unisex,in_stock,,,,199,24.50 USD,,,txcd_99999999,exclusive,,"US:ALL:Standard:3-5:0.00 USD,US:ALL:Expedited:1-2:9.99 USD",US:ALL:Standard:50.00 USD,
HAH-TUMB-0092,Rugged Glass Water Bottle – Cream,"The Rugged Glass Water Bottle from Harbor & Home, crafted in stainless steel, double-walled to keep drinks hot or cold for hours. Shown in Cream.",https://livgpt.vercel.app/?merchant=harbor-and-home&product=HAH-TUMB-0092,Hearthstone,,HAH-TUMB-0092,https://livgpt.vercel.app/mock-catalog/images/harbor-and-home/HAH-TUMB-0092.jpg,,,,new,Home & Garden > Kitchen & Dining > Food & Beverage Carriers > Water Bottles,Drinkware > Tumblers,adult,Stainless Steel,4 in,4 in,8 in,1.05 lb,HAH-TUMB-GRP-001,Tumblers,Cream,,,unisex,in_stock,,,,80,39.09 USD,,,txcd_99999999,exclusive,,"US:ALL:Standard:3-5:0.00 USD,US:ALL:Expedited:1-2:9.99 USD",US:ALL:Standard:50.00 USD,
HAH-TUMB-0093,Modern Glass Water Bottle – Slate Gray,"The Modern Glass Water Bottle from Harbor & Home, crafted in stainless steel, double-walled to keep drinks hot or cold for hours. Shown in Slate Gray.",https://livgpt.vercel.app/?merchant=harbor-and-home&product=HAH-TUMB-0093,Harbor Living,,HAH-TUMB-0093,https://livgpt.vercel.app/mock-catalog/images/harbor-and-home/HAH-TUMB-0093.jpg,,,,new,Home & Garden > Kitchen & Dining > Food & Beverage Carriers > Water Bottles,Drinkware > Tumblers,adult,Stainless Steel,4 in,4 in,8 in,0.95 lb,HAH-TUMB-GRP-002,Tumblers,Slate Gray,,,unisex,in_stock,,,,157,22.85 USD,18.11 USD,2026-07-01/2026-12-31,txcd_99999999,exclusive,,"US:ALL:Standard:3-5:0.00 USD,US:ALL:Expedited:1-2:9.99 USD",US:ALL:Standard:50.00 USD,
HAH-TUMB-0094,Coastal Insulated Tumbler – Terracotta,"The Coastal Insulated Tumbler from Harbor & Home, crafted in stainless steel, double-walled to keep drinks hot or cold for hours. Shown in Terracotta.",https://livgpt.vercel.app/?merchant=harbor-and-home&product=HAH-TUMB-0094,Hearthstone,,HAH-TUMB-0094,https://livgpt.vercel.app/mock-catalog/images/harbor-and-home/HAH-TUMB-0094.jpg,,,,new,Home & Garden > Kitchen & Dining > Food & Beverage Carriers > Water Bottles,Drinkware > Tumblers,adult,Stainless Steel,4 in,4 in,8 in,0.94 lb,HAH-TUMB-GRP-002,Tumblers,Terracotta,,,unisex,in_stock,,,,84,36.49 USD,31.43 USD,2026-07-01/2026-12-31,txcd_99999999,exclusive,,"US:ALL:Standard:3-5:0.00 USD,US:ALL:Expedited:1-2:9.99 USD",US:ALL:Standard:50.00 USD,
HAH-TUMB-0095,Terra Glass Water Bottle – Terracotta,"The Terra Glass Water Bottle from Harbor & Home, crafted in borosilicate glass, double-walled to keep drinks hot or cold for hours. Shown in Terracotta.",https://livgpt.vercel.app/?merchant=harbor-and-home&product=HAH-TUMB-0095,Hearthstone,,HAH-TUMB-0095,https://livgpt.vercel.app/mock-catalog/images/harbor-and-home/HAH-TUMB-0095.jpg,,,,new,Home & Garden > Kitchen & Dining > Food & Beverage Carriers > Water Bottles,Drinkware > Tumblers,adult,Borosilicate Glass,4 in,4 in,8 in,0.96 lb,HAH-TUMB-GRP-003,Tumblers,Terracotta,,,unisex,in_stock,,,,224,41.66 USD,,,txcd_99999999,exclusive,,"US:ALL:Standard:3-5:0.00 USD,US:ALL:Expedited:1-2:9.99 USD",US:ALL:Standard:50.00 USD,
HAH-TUMB-0096,Trail Glass Water Bottle – Olive,"The Trail Glass Water Bottle from Harbor & Home, crafted in stainless steel, double-walled to keep drinks hot or cold for hours. Shown in Olive.",https://livgpt.vercel.app/?merchant=harbor-and-home&product=HAH-TUMB-0096,Harbor & Home,,HAH-TUMB-0096,https://livgpt.vercel.app/mock-catalog/images/harbor-and-home/HAH-TUMB-0096.jpg,,,,new,Home & Garden > Kitchen & Dining > Food & Beverage Carriers > Water Bottles,Drinkware > Tumblers,adult,Stainless Steel,4 in,4 in,8 in,1.05 lb,HAH-TUMB-GRP-003,Tumblers,Olive,,,unisex,in_stock,,,,168,38.11 USD,,,txcd_99999999,exclusive,,"US:ALL:Standard:3-5:0.00 USD,US:ALL:Expedited:1-2:9.99 USD",US:ALL:Standard:50.00 USD,
HAH-TUMB-0097,Aero Travel Mug – Olive,"The Aero Travel Mug from Harbor & Home, crafted in stainless steel, double-walled to keep drinks hot or cold for hours. Shown in Olive.",https://livgpt.vercel.app/?merchant=harbor-and-home&product=HAH-TUMB-0097,Harbor Living,,HAH-TUMB-0097,https://livgpt.vercel.app/mock-catalog/images/harbor-and-home/HAH-TUMB-0097.jpg,,,,new,Home & Garden > Kitchen & Dining > Food & Beverage Carriers > Water Bottles,Drinkware > Tumblers,adult,Stainless Steel,4 in,4 in,8 in,1.03 lb,HAH-TUMB-GRP-004,Tumblers,Olive,,,unisex,in_stock,,,,124,29.55 USD,,,txcd_99999999,exclusive,,"US:ALL:Standard:3-5:0.00 USD,US:ALL:Expedited:1-2:9.99 USD",US:ALL:Standard:50.00 USD,
HAH-TUMB-0098,Trail Travel Mug – Slate Gray,"The Trail Travel Mug from Harbor & Home, crafted in stainless steel, double-walled to keep drinks hot or cold for hours. Shown in Slate Gray.",https://livgpt.vercel.app/?merchant=harbor-and-home&product=HAH-TUMB-0098,Harbor & Home,,HAH-TUMB-0098,https://livgpt.vercel.app/mock-catalog/images/harbor-and-home/HAH-TUMB-0098.jpg,,,,new,Home & Garden > Kitchen & Dining > Food & Beverage Carriers > Water Bottles,Drinkware > Tumblers,adult,Stainless Steel,4 in,4 in,8 in,0.97 lb,HAH-TUMB-GRP-004,Tumblers,Slate Gray,,,unisex,in_stock,,,,10,45.22 USD,,,txcd_99999999,exclusive,,"US:ALL:Standard:3-5:0.00 USD,US:ALL:Expedited:1-2:9.99 USD",US:ALL:Standard:50.00 USD,
HAH-TUMB-0099,Premium Glass Water Bottle – Black,"The Premium Glass Water Bottle from Harbor & Home, crafted in borosilicate glass, double-walled to keep drinks hot or cold for hours. Shown in Black.",https://livgpt.vercel.app/?merchant=harbor-and-home&product=HAH-TUMB-0099,Harbor & Home,,HAH-TUMB-0099,https://livgpt.vercel.app/mock-catalog/images/harbor-and-home/HAH-TUMB-0099.jpg,,,,new,Home & Garden > Kitchen & Dining > Food & Beverage Carriers > Water Bottles,Drinkware > Tumblers,adult,Borosilicate Glass,4 in,4 in,8 in,1.03 lb,HAH-TUMB-GRP-005,Tumblers,Black,,,unisex,in_stock,,,,183,26.22 USD,22.45 USD,2026-07-01/2026-12-31,txcd_99999999,exclusive,,"US:ALL:Standard:3-5:0.00 USD,US:ALL:Expedited:1-2:9.99 USD",US:ALL:Standard:50.00 USD,
HAH-TUMB-0100,Nova Travel Mug – Olive,"The Nova Travel Mug from Harbor & Home, crafted in stainless steel, double-walled to keep drinks hot or cold for hours. Shown in Olive.",https://livgpt.vercel.app/?merchant=harbor-and-home&product=HAH-TUMB-0100,Hearthstone,,HAH-TUMB-0100,https://livgpt.vercel.app/mock-catalog/images/harbor-and-home/HAH-TUMB-0100.jpg,,,,new,Home & Garden > Kitchen & Dining > Food & Beverage Carriers > Water Bottles,Drinkware > Tumblers,adult,Stainless Steel,4 in,4 in,8 in,0.92 lb,HAH-TUMB-GRP-005,Tumblers,Olive,,,unisex,in_stock,,,,162,34.10 USD,,,txcd_99999999,exclusive,,"US:ALL:Standard:3-5:0.00 USD,US:ALL:Expedited:1-2:9.99 USD",US:ALL:Standard:50.00 USD,
HAH-TUMB-0101,Everyday Insulated Tumbler – Blush Pink,"The Everyday Insulated Tumbler from Harbor & Home, crafted in stainless steel, double-walled to keep drinks hot or cold for hours. Shown in Blush Pink.",https://livgpt.vercel.app/?merchant=harbor-and-home&product=HAH-TUMB-0101,Harbor Living,,HAH-TUMB-0101,https://livgpt.vercel.app/mock-catalog/images/harbor-and-home/HAH-TUMB-0101.jpg,,,,new,Home & Garden > Kitchen & Dining > Food & Beverage Carriers > Water Bottles,Drinkware > Tumblers,adult,Stainless Steel,4 in,4 in,8 in,1.09 lb,HAH-TUMB-GRP-006,Tumblers,Blush Pink,,,unisex,in_stock,,,,223,27.49 USD,,,txcd_99999999,exclusive,,"US:ALL:Standard:3-5:0.00 USD,US:ALL:Expedited:1-2:9.99 USD",US:ALL:Standard:50.00 USD,
HAH-TUMB-0102,Everyday Travel Mug – Blush Pink,"The Everyday Travel Mug from Harbor & Home, crafted in borosilicate glass, double-walled to keep drinks hot or cold for hours. Shown in Blush Pink.",https://livgpt.vercel.app/?merchant=harbor-and-home&product=HAH-TUMB-0102,Harbor Living,,HAH-TUMB-0102,https://livgpt.vercel.app/mock-catalog/images/harbor-and-home/HAH-TUMB-0102.jpg,,,,new,Home & Garden > Kitchen & Dining > Food & Beverage Carriers > Water Bottles,Drinkware > Tumblers,adult,Borosilicate Glass,4 in,4 in,8 in,0.91 lb,HAH-TUMB-GRP-006,Tumblers,Blush Pink,,,unisex,in_stock,,,,222,39.08 USD,,,txcd_99999999,exclusive,,"US:ALL:Standard:3-5:0.00 USD,US:ALL:Expedited:1-2:9.99 USD",US:ALL:Standard:50.00 USD,
HAH-TUMB-0103,Alpine Glass Water Bottle – White,"The Alpine Glass Water Bottle from Harbor & Home, crafted in borosilicate glass, double-walled to keep drinks hot or cold for hours. Shown in White.",https://livgpt.vercel.app/?merchant=harbor-and-home&product=HAH-TUMB-0103,Hearthstone,,HAH-TUMB-0103,https://livgpt.vercel.app/mock-catalog/images/harbor-and-home/HAH-TUMB-0103.jpg,,,,new,Home & Garden > Kitchen & Dining > Food & Beverage Carriers > Water Bottles,Drinkware > Tumblers,adult,Borosilicate Glass,4 in,4 in,8 in,0.96 lb,HAH-TUMB-GRP-007,Tumblers,White,,,unisex,in_stock,,,,173,32.25 USD,,,txcd_99999999,exclusive,,"US:ALL:Standard:3-5:0.00 USD,US:ALL:Expedited:1-2:9.99 USD",US:ALL:Standard:50.00 USD,
HAH-TUMB-0104,Rugged Travel Mug – Cream,"The Rugged Travel Mug from Harbor & Home, crafted in stainless steel, double-walled to keep drinks hot or cold for hours. Shown in Cream.",https://livgpt.vercel.app/?merchant=harbor-and-home&product=HAH-TUMB-0104,Harbor Living,,HAH-TUMB-0104,https://livgpt.vercel.app/mock-catalog/images/harbor-and-home/HAH-TUMB-0104.jpg,,,,new,Home & Garden > Kitchen & Dining > Food & Beverage Carriers > Water Bottles,Drinkware > Tumblers,adult,Stainless Steel,4 in,4 in,8 in,0.93 lb,HAH-TUMB-GRP-007,Tumblers,Cream,,,unisex,in_stock,,,,56,22.39 USD,,,txcd_99999999,exclusive,,"US:ALL:Standard:3-5:0.00 USD,US:ALL:Expedited:1-2:9.99 USD",US:ALL:Standard:50.00 USD,
HAH-TUMB-0105,Luxe Glass Water Bottle – Slate Gray,"The Luxe Glass Water Bottle from Harbor & Home, crafted in stainless steel, double-walled to keep drinks hot or cold for hours. Shown in Slate Gray.",https://livgpt.vercel.app/?merchant=harbor-and-home&product=HAH-TUMB-0105,Harbor & Home,,HAH-TUMB-0105,https://livgpt.vercel.app/mock-catalog/images/harbor-and-home/HAH-TUMB-0105.jpg,,,,new,Home & Garden > Kitchen & Dining > Food & Beverage Carriers > Water Bottles,Drinkware > Tumblers,adult,Stainless Steel,4 in,4 in,8 in,1.05 lb,HAH-TUMB-GRP-008,Tumblers,Slate Gray,,,unisex,in_stock,,,,83,39.77 USD,,,txcd_99999999,exclusive,,"US:ALL:Standard:3-5:0.00 USD,US:ALL:Expedited:1-2:9.99 USD",US:ALL:Standard:50.00 USD,
HAH-KITC-0106,Alpine Utensil Set,"The Alpine Utensil Set from Harbor & Home, crafted in acacia wood, the dependable tools every kitchen needs.",https://livgpt.vercel.app/?merchant=harbor-and-home&product=HAH-KITC-0106,Hearthstone,,HAH-KITC-0106,https://livgpt.vercel.app/mock-catalog/images/harbor-and-home/HAH-KITC-0106.jpg,,,,new,Home & Garden > Kitchen & Dining > Kitchen Tools & Utensils,Kitchen > Tools,adult,Acacia Wood,13 in,5 in,3 in,1.47 lb,HAH-KITC-GRP-001,Tools,,,,unisex,in_stock,,,,65,58.56 USD,,,txcd_99999999,exclusive,,"US:ALL:Standard:3-5:0.00 USD,US:ALL:Expedited:1-2:9.99 USD",US:ALL:Standard:50.00 USD,
HAH-KITC-0107,Minimalist Cutting Board,"The Minimalist Cutting Board from Harbor & Home, crafted in acacia wood, the dependable tools every kitchen needs.",https://livgpt.vercel.app/?merchant=harbor-and-home&product=HAH-KITC-0107,Hearthstone,,HAH-KITC-0107,https://livgpt.vercel.app/mock-catalog/images/harbor-and-home/HAH-KITC-0107.jpg,,,,new,Home & Garden > Kitchen & Dining > Kitchen Tools & Utensils,Kitchen > Tools,adult,Acacia Wood,13 in,5 in,3 in,1.47 lb,HAH-KITC-GRP-001,Tools,,,,unisex,in_stock,,,,222,26.93 USD,,,txcd_99999999,exclusive,,"US:ALL:Standard:3-5:0.00 USD,US:ALL:Expedited:1-2:9.99 USD",US:ALL:Standard:50.00 USD,
HAH-KITC-0108,Premium Measuring Cups,"The Premium Measuring Cups from Harbor & Home, crafted in stainless steel, the dependable tools every kitchen needs.",https://livgpt.vercel.app/?merchant=harbor-and-home&product=HAH-KITC-0108,Hearthstone,,HAH-KITC-0108,https://livgpt.vercel.app/mock-catalog/images/harbor-and-home/HAH-KITC-0108.jpg,,,,new,Home & Garden > Kitchen & Dining > Kitchen Tools & Utensils,Kitchen > Tools,adult,Stainless Steel,13 in,5 in,3 in,1.41 lb,HAH-KITC-GRP-002,Tools,,,,unisex,in_stock,,,,195,21.78 USD,,,txcd_99999999,exclusive,,"US:ALL:Standard:3-5:0.00 USD,US:ALL:Expedited:1-2:9.99 USD",US:ALL:Standard:50.00 USD,
HAH-KITC-0109,Rugged Knife Block Set,"The Rugged Knife Block Set from Harbor & Home, crafted in acacia wood, the dependable tools every kitchen needs.",https://livgpt.vercel.app/?merchant=harbor-and-home&product=HAH-KITC-0109,Harbor & Home,,HAH-KITC-0109,https://livgpt.vercel.app/mock-catalog/images/harbor-and-home/HAH-KITC-0109.jpg,,,,new,Home & Garden > Kitchen & Dining > Kitchen Tools & Utensils,Kitchen > Tools,adult,Acacia Wood,13 in,5 in,3 in,1.44 lb,HAH-KITC-GRP-002,Tools,,,,unisex,in_stock,,,,36,67.62 USD,,,txcd_99999999,exclusive,,"US:ALL:Standard:3-5:0.00 USD,US:ALL:Expedited:1-2:9.99 USD",US:ALL:Standard:50.00 USD,
HAH-KITC-0110,Essential Cutting Board,"The Essential Cutting Board from Harbor & Home, crafted in acacia wood, the dependable tools every kitchen needs.",https://livgpt.vercel.app/?merchant=harbor-and-home&product=HAH-KITC-0110,Harbor Living,,HAH-KITC-0110,https://livgpt.vercel.app/mock-catalog/images/harbor-and-home/HAH-KITC-0110.jpg,,,,new,Home & Garden > Kitchen & Dining > Kitchen Tools & Utensils,Kitchen > Tools,adult,Acacia Wood,13 in,5 in,3 in,1.32 lb,HAH-KITC-GRP-003,Tools,,,,unisex,in_stock,,,,102,31.23 USD,25.42 USD,2026-07-01/2026-12-31,txcd_99999999,exclusive,,"US:ALL:Standard:3-5:0.00 USD,US:ALL:Expedited:1-2:9.99 USD",US:ALL:Standard:50.00 USD,
HAH-KITC-0111,Minimalist Knife Block Set,"The Minimalist Knife Block Set from Harbor & Home, crafted in acacia wood, the dependable tools every kitchen needs.",https://livgpt.vercel.app/?merchant=harbor-and-home&product=HAH-KITC-0111,Hearthstone,,HAH-KITC-0111,https://livgpt.vercel.app/mock-catalog/images/harbor-and-home/HAH-KITC-0111.jpg,,,,new,Home & Garden > Kitchen & Dining > Kitchen Tools & Utensils,Kitchen > Tools,adult,Acacia Wood,13 in,5 in,3 in,1.29 lb,HAH-KITC-GRP-003,Tools,,,,unisex,in_stock,,,,225,20.96 USD,,,txcd_99999999,exclusive,,"US:ALL:Standard:3-5:0.00 USD,US:ALL:Expedited:1-2:9.99 USD",US:ALL:Standard:50.00 USD,
HAH-KITC-0112,Coastal Cutting Board,"The Coastal Cutting Board from Harbor & Home, crafted in stainless steel, the dependable tools every kitchen needs.",https://livgpt.vercel.app/?merchant=harbor-and-home&product=HAH-KITC-0112,Hearthstone,,HAH-KITC-0112,https://livgpt.vercel.app/mock-catalog/images/harbor-and-home/HAH-KITC-0112.jpg,,,,new,Home & Garden > Kitchen & Dining > Kitchen Tools & Utensils,Kitchen > Tools,adult,Stainless Steel,13 in,5 in,3 in,1.36 lb,HAH-KITC-GRP-004,Tools,,,,unisex,in_stock,,,,243,46.82 USD,,,txcd_99999999,exclusive,,"US:ALL:Standard:3-5:0.00 USD,US:ALL:Expedited:1-2:9.99 USD",US:ALL:Standard:50.00 USD,
HAH-KITC-0113,Urban Utensil Set,"The Urban Utensil Set from Harbor & Home, crafted in acacia wood, the dependable tools every kitchen needs.",https://livgpt.vercel.app/?merchant=harbor-and-home&product=HAH-KITC-0113,Harbor & Home,,HAH-KITC-0113,https://livgpt.vercel.app/mock-catalog/images/harbor-and-home/HAH-KITC-0113.jpg,,,,new,Home & Garden > Kitchen & Dining > Kitchen Tools & Utensils,Kitchen > Tools,adult,Acacia Wood,13 in,5 in,3 in,1.3 lb,HAH-KITC-GRP-004,Tools,,,,unisex,in_stock,,,,24,14.80 USD,,,txcd_99999999,exclusive,,"US:ALL:Standard:3-5:0.00 USD,US:ALL:Expedited:1-2:9.99 USD",US:ALL:Standard:50.00 USD,
HAH-KITC-0114,Everyday Cutting Board,"The Everyday Cutting Board from Harbor & Home, crafted in stainless steel, the dependable tools every kitchen needs.",https://livgpt.vercel.app/?merchant=harbor-and-home&product=HAH-KITC-0114,Hearthstone,,HAH-KITC-0114,https://livgpt.vercel.app/mock-catalog/images/harbor-and-home/HAH-KITC-0114.jpg,,,,new,Home & Garden > Kitchen & Dining > Kitchen Tools & Utensils,Kitchen > Tools,adult,Stainless Steel,13 in,5 in,3 in,1.36 lb,HAH-KITC-GRP-005,Tools,,,,unisex,in_stock,,,,158,13.97 USD,,,txcd_99999999,exclusive,,"US:ALL:Standard:3-5:0.00 USD,US:ALL:Expedited:1-2:9.99 USD",US:ALL:Standard:50.00 USD,
HAH-KITC-0115,Studio Knife Block Set,"The Studio Knife Block Set from Harbor & Home, crafted in acacia wood, the dependable tools every kitchen needs.",https://livgpt.vercel.app/?merchant=harbor-and-home&product=HAH-KITC-0115,Hearthstone,,HAH-KITC-0115,https://livgpt.vercel.app/mock-catalog/images/harbor-and-home/HAH-KITC-0115.jpg,,,,new,Home & Garden > Kitchen & Dining > Kitchen Tools & Utensils,Kitchen > Tools,adult,Acacia Wood,13 in,5 in,3 in,1.29 lb,HAH-KITC-GRP-005,Tools,,,,unisex,in_stock,,,,223,32.25 USD,,,txcd_99999999,exclusive,,"US:ALL:Standard:3-5:0.00 USD,US:ALL:Expedited:1-2:9.99 USD",US:ALL:Standard:50.00 USD,
HAH-KITC-0116,Urban Measuring Cups,"The Urban Measuring Cups from Harbor & Home, crafted in stainless steel, the dependable tools every kitchen needs.",https://livgpt.vercel.app/?merchant=harbor-and-home&product=HAH-KITC-0116,Harbor & Home,,HAH-KITC-0116,https://livgpt.vercel.app/mock-catalog/images/harbor-and-home/HAH-KITC-0116.jpg,,,,new,Home & Garden > Kitchen & Dining > Kitchen Tools & Utensils,Kitchen > Tools,adult,Stainless Steel,13 in,5 in,3 in,1.46 lb,HAH-KITC-GRP-006,Tools,,,,unisex,in_stock,,,,201,62.90 USD,,,txcd_99999999,exclusive,,"US:ALL:Standard:3-5:0.00 USD,US:ALL:Expedited:1-2:9.99 USD",US:ALL:Standard:50.00 USD,
HAH-KITC-0117,Featherlight Measuring Cups,"The Featherlight Measuring Cups from Harbor & Home, crafted in stainless steel, the dependable tools every kitchen needs.",https://livgpt.vercel.app/?merchant=harbor-and-home&product=HAH-KITC-0117,Harbor Living,,HAH-KITC-0117,https://livgpt.vercel.app/mock-catalog/images/harbor-and-home/HAH-KITC-0117.jpg,,,,new,Home & Garden > Kitchen & Dining > Kitchen Tools & Utensils,Kitchen > Tools,adult,Stainless Steel,13 in,5 in,3 in,1.5 lb,HAH-KITC-GRP-006,Tools,,,,unisex,in_stock,,,,8,55.06 USD,,,txcd_99999999,exclusive,,"US:ALL:Standard:3-5:0.00 USD,US:ALL:Expedited:1-2:9.99 USD",US:ALL:Standard:50.00 USD,
HAH-KITC-0118,Aero Measuring Cups,"The Aero Measuring Cups from Harbor & Home, crafted in acacia wood, the dependable tools every kitchen needs.",https://livgpt.vercel.app/?merchant=harbor-and-home&product=HAH-KITC-0118,Harbor & Home,,HAH-KITC-0118,https://livgpt.vercel.app/mock-catalog/images/harbor-and-home/HAH-KITC-0118.jpg,,,,new,Home & Garden > Kitchen & Dining > Kitchen Tools & Utensils,Kitchen > Tools,adult,Acacia Wood,13 in,5 in,3 in,1.48 lb,HAH-KITC-GRP-007,Tools,,,,unisex,in_stock,,,,14,25.64 USD,,,txcd_99999999,exclusive,,"US:ALL:Standard:3-5:0.00 USD,US:ALL:Expedited:1-2:9.99 USD",US:ALL:Standard:50.00 USD,
HAH-KITC-0119,Minimalist Measuring Cups,"The Minimalist Measuring Cups from Harbor & Home, crafted in acacia wood, the dependable tools every kitchen needs.",https://livgpt.vercel.app/?merchant=harbor-and-home&product=HAH-KITC-0119,Hearthstone,,HAH-KITC-0119,https://livgpt.vercel.app/mock-catalog/images/harbor-and-home/HAH-KITC-0119.jpg,,,,new,Home & Garden > Kitchen & Dining > Kitchen Tools & Utensils,Kitchen > Tools,adult,Acacia Wood,13 in,5 in,3 in,1.54 lb,HAH-KITC-GRP-007,Tools,,,,unisex,in_stock,,,,126,41.00 USD,,,txcd_99999999,exclusive,,"US:ALL:Standard:3-5:0.00 USD,US:ALL:Expedited:1-2:9.99 USD",US:ALL:Standard:50.00 USD,
HAH-KITC-0120,Modern Cutting Board,"The Modern Cutting Board from Harbor & Home, crafted in stainless steel, the dependable tools every kitchen needs.",https://livgpt.vercel.app/?merchant=harbor-and-home&product=HAH-KITC-0120,Harbor & Home,,HAH-KITC-0120,https://livgpt.vercel.app/mock-catalog/images/harbor-and-home/HAH-KITC-0120.jpg,,,,new,Home & Garden > Kitchen & Dining > Kitchen Tools & Utensils,Kitchen > Tools,adult,Stainless Steel,13 in,5 in,3 in,1.34 lb,HAH-KITC-GRP-008,Tools,,,,unisex,in_stock,,,,35,41.19 USD,,,txcd_99999999,exclusive,,"US:ALL:Standard:3-5:0.00 USD,US:ALL:Expedited:1-2:9.99 USD",US:ALL:Standard:50.00 USD,
HAH-STOR-0121,Featherlight Shelf Organizer – Slate Gray,"The Featherlight Shelf Organizer from Harbor & Home, crafted in seagrass, tidy, natural storage that looks good on the shelf. Shown in Slate Gray.",https://livgpt.vercel.app/?merchant=harbor-and-home&product=HAH-STOR-0121,Hearthstone,,HAH-STOR-0121,https://livgpt.vercel.app/mock-catalog/images/harbor-and-home/HAH-STOR-0121.jpg,,,,new,Home & Garden > Household Supplies > Storage & Organization,Home > Storage,adult,Seagrass,16 in,12 in,10 in,2.81 lb,HAH-STOR-GRP-001,Storage,Slate Gray,,,unisex,in_stock,,,,171,54.30 USD,,,txcd_99999999,exclusive,,"US:ALL:Standard:3-5:0.00 USD,US:ALL:Expedited:1-2:9.99 USD",US:ALL:Standard:50.00 USD,
HAH-STOR-0122,Premium Glass Jar Set – Blush Pink,"The Premium Glass Jar Set from Harbor & Home, crafted in seagrass, tidy, natural storage that looks good on the shelf. Shown in Blush Pink.",https://livgpt.vercel.app/?merchant=harbor-and-home&product=HAH-STOR-0122,Hearthstone,,HAH-STOR-0122,https://livgpt.vercel.app/mock-catalog/images/harbor-and-home/HAH-STOR-0122.jpg,,,,new,Home & Garden > Household Supplies > Storage & Organization,Home > Storage,adult,Seagrass,16 in,12 in,10 in,2.52 lb,HAH-STOR-GRP-001,Storage,Blush Pink,,,unisex,in_stock,,,,235,45.71 USD,39.71 USD,2026-07-01/2026-12-31,txcd_99999999,exclusive,,"US:ALL:Standard:3-5:0.00 USD,US:ALL:Expedited:1-2:9.99 USD",US:ALL:Standard:50.00 USD,
HAH-STOR-0123,Minimalist Glass Jar Set – Sand,"The Minimalist Glass Jar Set from Harbor & Home, crafted in bamboo, tidy, natural storage that looks good on the shelf. Shown in Sand.",https://livgpt.vercel.app/?merchant=harbor-and-home&product=HAH-STOR-0123,Harbor Living,,HAH-STOR-0123,https://livgpt.vercel.app/mock-catalog/images/harbor-and-home/HAH-STOR-0123.jpg,,,,new,Home & Garden > Household Supplies > Storage & Organization,Home > Storage,adult,Bamboo,16 in,12 in,10 in,2.7 lb,HAH-STOR-GRP-002,Storage,Sand,,,unisex,in_stock,,,,237,43.49 USD,,,txcd_99999999,exclusive,,"US:ALL:Standard:3-5:0.00 USD,US:ALL:Expedited:1-2:9.99 USD",US:ALL:Standard:50.00 USD,
HAH-STOR-0124,Urban Woven Basket – Olive,"The Urban Woven Basket from Harbor & Home, crafted in bamboo, tidy, natural storage that looks good on the shelf. Shown in Olive.",https://livgpt.vercel.app/?merchant=harbor-and-home&product=HAH-STOR-0124,Harbor Living,,HAH-STOR-0124,https://livgpt.vercel.app/mock-catalog/images/harbor-and-home/HAH-STOR-0124.jpg,,,,new,Home & Garden > Household Supplies > Storage & Organization,Home > Storage,adult,Bamboo,16 in,12 in,10 in,2.81 lb,HAH-STOR-GRP-002,Storage,Olive,,,unisex,in_stock,,,,9,45.04 USD,,,txcd_99999999,exclusive,,"US:ALL:Standard:3-5:0.00 USD,US:ALL:Expedited:1-2:9.99 USD",US:ALL:Standard:50.00 USD,
HAH-STOR-0125,Alpine Shelf Organizer – Sand,"The Alpine Shelf Organizer from Harbor & Home, crafted in bamboo, tidy, natural storage that looks good on the shelf. Shown in Sand.",https://livgpt.vercel.app/?merchant=harbor-and-home&product=HAH-STOR-0125,Harbor & Home,,HAH-STOR-0125,https://livgpt.vercel.app/mock-catalog/images/harbor-and-home/HAH-STOR-0125.jpg,,,,new,Home & Garden > Household Supplies > Storage & Organization,Home > Storage,adult,Bamboo,16 in,12 in,10 in,2.37 lb,HAH-STOR-GRP-003,Storage,Sand,,,unisex,in_stock,,,,28,50.09 USD,,,txcd_99999999,exclusive,,"US:ALL:Standard:3-5:0.00 USD,US:ALL:Expedited:1-2:9.99 USD",US:ALL:Standard:50.00 USD,
HAH-STOR-0126,Nova Glass Jar Set – Charcoal,"The Nova Glass Jar Set from Harbor & Home, crafted in seagrass, tidy, natural storage that looks good on the shelf. Shown in Charcoal.",https://livgpt.vercel.app/?merchant=harbor-and-home&product=HAH-STOR-0126,Harbor Living,,HAH-STOR-0126,https://livgpt.vercel.app/mock-catalog/images/harbor-and-home/HAH-STOR-0126.jpg,,,,new,Home & Garden > Household Supplies > Storage & Organization,Home > Storage,adult,Seagrass,16 in,12 in,10 in,2.52 lb,HAH-STOR-GRP-003,Storage,Charcoal,,,unisex,in_stock,,,,69,42.29 USD,,,txcd_99999999,exclusive,,"US:ALL:Standard:3-5:0.00 USD,US:ALL:Expedited:1-2:9.99 USD",US:ALL:Standard:50.00 USD,
HAH-STOR-0127,Signature Woven Basket – Blush Pink,"The Signature Woven Basket from Harbor & Home, crafted in seagrass, tidy, natural storage that looks good on the shelf. Shown in Blush Pink.",https://livgpt.vercel.app/?merchant=harbor-and-home&product=HAH-STOR-0127,Hearthstone,,HAH-STOR-0127,https://livgpt.vercel.app/mock-catalog/images/harbor-and-home/HAH-STOR-0127.jpg,,,,new,Home & Garden > Household Supplies > Storage & Organization,Home > Storage,adult,Seagrass,16 in,12 in,10 in,2.52 lb,HAH-STOR-GRP-004,Storage,Blush Pink,,,unisex,in_stock,,,,78,37.02 USD,,,txcd_99999999,exclusive,,"US:ALL:Standard:3-5:0.00 USD,US:ALL:Expedited:1-2:9.99 USD",US:ALL:Standard:50.00 USD,
HAH-STOR-0128,Essential Woven Basket – Burgundy,"The Essential Woven Basket from Harbor & Home, crafted in seagrass, tidy, natural storage that looks good on the shelf. Shown in Burgundy.",https://livgpt.vercel.app/?merchant=harbor-and-home&product=HAH-STOR-0128,Harbor Living,,HAH-STOR-0128,https://livgpt.vercel.app/mock-catalog/images/harbor-and-home/HAH-STOR-0128.jpg,,,,new,Home & Garden > Household Supplies > Storage & Organization,Home > Storage,adult,Seagrass,16 in,12 in,10 in,2.76 lb,HAH-STOR-GRP-004,Storage,Burgundy,,,unisex,in_stock,,,,208,45.81 USD,,,txcd_99999999,exclusive,,"US:ALL:Standard:3-5:0.00 USD,US:ALL:Expedited:1-2:9.99 USD",US:ALL:Standard:50.00 USD,
HAH-STOR-0129,Rugged Woven Basket – Cream,"The Rugged Woven Basket from Harbor & Home, crafted in seagrass, tidy, natural storage that looks good on the shelf. Shown in Cream.",https://livgpt.vercel.app/?merchant=harbor-and-home&product=HAH-STOR-0129,Harbor Living,,HAH-STOR-0129,https://livgpt.vercel.app/mock-catalog/images/harbor-and-home/HAH-STOR-0129.jpg,,,,new,Home & Garden > Household Supplies > Storage & Organization,Home > Storage,adult,Seagrass,16 in,12 in,10 in,2.73 lb,HAH-STOR-GRP-005,Storage,Cream,,,unisex,in_stock,,,,182,70.74 USD,,,txcd_99999999,exclusive,,"US:ALL:Standard:3-5:0.00 USD,US:ALL:Expedited:1-2:9.99 USD",US:ALL:Standard:50.00 USD,
HAH-STOR-0130,Trail Shelf Organizer – Sand,"The Trail Shelf Organizer from Harbor & Home, crafted in bamboo, tidy, natural storage that looks good on the shelf. Shown in Sand.",https://livgpt.vercel.app/?merchant=harbor-and-home&product=HAH-STOR-0130,Harbor & Home,,HAH-STOR-0130,https://livgpt.vercel.app/mock-catalog/images/harbor-and-home/HAH-STOR-0130.jpg,,,,new,Home & Garden > Household Supplies > Storage & Organization,Home > Storage,adult,Bamboo,16 in,12 in,10 in,2.42 lb,HAH-STOR-GRP-005,Storage,Sand,,,unisex,in_stock,,,,195,67.82 USD,,,txcd_99999999,exclusive,,"US:ALL:Standard:3-5:0.00 USD,US:ALL:Expedited:1-2:9.99 USD",US:ALL:Standard:50.00 USD,
HAH-STOR-0131,Classic Storage Bin Set – Sand,"The Classic Storage Bin Set from Harbor & Home, crafted in bamboo, tidy, natural storage that looks good on the shelf. Shown in Sand.",https://livgpt.vercel.app/?merchant=harbor-and-home&product=HAH-STOR-0131,Harbor & Home,,HAH-STOR-0131,https://livgpt.vercel.app/mock-catalog/images/harbor-and-home/HAH-STOR-0131.jpg,,,,new,Home & Garden > Household Supplies > Storage & Organization,Home > Storage,adult,Bamboo,16 in,12 in,10 in,2.78 lb,HAH-STOR-GRP-006,Storage,Sand,,,unisex,in_stock,,,,65,34.65 USD,,,txcd_99999999,exclusive,,"US:ALL:Standard:3-5:0.00 USD,US:ALL:Expedited:1-2:9.99 USD",US:ALL:Standard:50.00 USD,
HAH-STOR-0132,Heritage Woven Basket – Sand,"The Heritage Woven Basket from Harbor & Home, crafted in seagrass, tidy, natural storage that looks good on the shelf. Shown in Sand.",https://livgpt.vercel.app/?merchant=harbor-and-home&product=HAH-STOR-0132,Hearthstone,,HAH-STOR-0132,https://livgpt.vercel.app/mock-catalog/images/harbor-and-home/HAH-STOR-0132.jpg,,,,new,Home & Garden > Household Supplies > Storage & Organization,Home > Storage,adult,Seagrass,16 in,12 in,10 in,2.76 lb,HAH-STOR-GRP-006,Storage,Sand,,,unisex,in_stock,,,,240,52.41 USD,,,txcd_99999999,exclusive,,"US:ALL:Standard:3-5:0.00 USD,US:ALL:Expedited:1-2:9.99 USD",US:ALL:Standard:50.00 USD,
HAH-STOR-0133,Everyday Shelf Organizer – Charcoal,"The Everyday Shelf Organizer from Harbor & Home, crafted in seagrass, tidy, natural storage that looks good on the shelf. Shown in Charcoal.",https://livgpt.vercel.app/?merchant=harbor-and-home&product=HAH-STOR-0133,Hearthstone,,HAH-STOR-0133,https://livgpt.vercel.app/mock-catalog/images/harbor-and-home/HAH-STOR-0133.jpg,,,,new,Home & Garden > Household Supplies > Storage & Organization,Home > Storage,adult,Seagrass,16 in,12 in,10 in,2.73 lb,HAH-STOR-GRP-007,Storage,Charcoal,,,unisex,in_stock,,,,186,59.65 USD,,,txcd_99999999,exclusive,,"US:ALL:Standard:3-5:0.00 USD,US:ALL:Expedited:1-2:9.99 USD",US:ALL:Standard:50.00 USD,
HAH-STOR-0134,Luxe Woven Basket – Olive,"The Luxe Woven Basket from Harbor & Home, crafted in seagrass, tidy, natural storage that looks good on the shelf. Shown in Olive.",https://livgpt.vercel.app/?merchant=harbor-and-home&product=HAH-STOR-0134,Harbor & Home,,HAH-STOR-0134,https://livgpt.vercel.app/mock-catalog/images/harbor-and-home/HAH-STOR-0134.jpg,,,,new,Home & Garden > Household Supplies > Storage & Organization,Home > Storage,adult,Seagrass,16 in,12 in,10 in,2.39 lb,HAH-STOR-GRP-007,Storage,Olive,,,unisex,in_stock,,,,95,25.19 USD,,,txcd_99999999,exclusive,,"US:ALL:Standard:3-5:0.00 USD,US:ALL:Expedited:1-2:9.99 USD",US:ALL:Standard:50.00 USD,
HAH-STOR-0135,Classic Glass Jar Set – Blush Pink,"The Classic Glass Jar Set from Harbor & Home, crafted in seagrass, tidy, natural storage that looks good on the shelf. Shown in Blush Pink.",https://livgpt.vercel.app/?merchant=harbor-and-home&product=HAH-STOR-0135,Harbor & Home,,HAH-STOR-0135,https://livgpt.vercel.app/mock-catalog/images/harbor-and-home/HAH-STOR-0135.jpg,,,,new,Home & Garden > Household Supplies > Storage & Organization,Home > Storage,adult,Seagrass,16 in,12 in,10 in,2.57 lb,HAH-STOR-GRP-008,Storage,Blush Pink,,,unisex,in_stock,,,,76,40.08 USD,34.63 USD,2026-07-01/2026-12-31,txcd_99999999,exclusive,,"US:ALL:Standard:3-5:0.00 USD,US:ALL:Expedited:1-2:9.99 USD",US:ALL:Standard:50.00 USD,
HAH-LINE-0136,Nova Cotton Placemats – Terracotta,"The Nova Cotton Placemats from Harbor & Home, crafted in cotton, elevate the table for everyday and gatherings alike. Shown in Terracotta.",https://livgpt.vercel.app/?merchant=harbor-and-home&product=HAH-LINE-0136,Hearthstone,,HAH-LINE-0136,https://livgpt.vercel.app/mock-catalog/images/harbor-and-home/HAH-LINE-0136.jpg,,,,new,Home & Garden > Linens & Bedding > Table Linens,Home > Table Linens,adult,Cotton,15 in,12 in,5 in,3.38 lb,HAH-LINE-GRP-001,Table Linens,Terracotta,,,unisex,in_stock,,,,34,25.73 USD,,,txcd_99999999,exclusive,,"US:ALL:Standard:3-5:0.00 USD,US:ALL:Expedited:1-2:9.99 USD",US:ALL:Standard:50.00 USD,
HAH-LINE-0137,Essential Tea Towel Set – Slate Gray,"The Essential Tea Towel Set from Harbor & Home, crafted in cotton, elevate the table for everyday and gatherings alike. Shown in Slate Gray.",https://livgpt.vercel.app/?merchant=harbor-and-home&product=HAH-LINE-0137,Harbor Living,,HAH-LINE-0137,https://livgpt.vercel.app/mock-catalog/images/harbor-and-home/HAH-LINE-0137.jpg,,,,new,Home & Garden > Linens & Bedding > Table Linens,Home > Table Linens,adult,Cotton,15 in,12 in,5 in,3.67 lb,HAH-LINE-GRP-001,Table Linens,Slate Gray,,,unisex,in_stock,,,,149,32.13 USD,25.51 USD,2026-07-01/2026-12-31,txcd_99999999,exclusive,,"US:ALL:Standard:3-5:0.00 USD,US:ALL:Expedited:1-2:9.99 USD",US:ALL:Standard:50.00 USD,
HAH-LINE-0138,Terra Linen Napkin Set – Cream,"The Terra Linen Napkin Set from Harbor & Home, crafted in french linen, elevate the table for everyday and gatherings alike. Shown in Cream.",https://livgpt.vercel.app/?merchant=harbor-and-home&product=HAH-LINE-0138,Hearthstone,,HAH-LINE-0138,https://livgpt.vercel.app/mock-catalog/images/harbor-and-home/HAH-LINE-0138.jpg,,,,new,Home & Garden > Linens & Bedding > Table Linens,Home > Table Linens,adult,French Linen,15 in,12 in,5 in,3.96 lb,HAH-LINE-GRP-002,Table Linens,Cream,,,unisex,in_stock,,,,32,19.86 USD,16.47 USD,2026-07-01/2026-12-31,txcd_99999999,exclusive,,"US:ALL:Standard:3-5:0.00 USD,US:ALL:Expedited:1-2:9.99 USD",US:ALL:Standard:50.00 USD,
HAH-LINE-0139,Classic Tea Towel Set – Olive,"The Classic Tea Towel Set from Harbor & Home, crafted in french linen, elevate the table for everyday and gatherings alike. Shown in Olive.",https://livgpt.vercel.app/?merchant=harbor-and-home&product=HAH-LINE-0139,Harbor Living,,HAH-LINE-0139,https://livgpt.vercel.app/mock-catalog/images/harbor-and-home/HAH-LINE-0139.jpg,,,,new,Home & Garden > Linens & Bedding > Table Linens,Home > Table Linens,adult,French Linen,15 in,12 in,5 in,3.82 lb,HAH-LINE-GRP-002,Table Linens,Olive,,,unisex,in_stock,,,,45,28.78 USD,,,txcd_99999999,exclusive,,"US:ALL:Standard:3-5:0.00 USD,US:ALL:Expedited:1-2:9.99 USD",US:ALL:Standard:50.00 USD,
HAH-LINE-0140,Featherlight Table Runner – Charcoal,"The Featherlight Table Runner from Harbor & Home, crafted in french linen, elevate the table for everyday and gatherings alike. Shown in Charcoal.",https://livgpt.vercel.app/?merchant=harbor-and-home&product=HAH-LINE-0140,Harbor Living,,HAH-LINE-0140,https://livgpt.vercel.app/mock-catalog/images/harbor-and-home/HAH-LINE-0140.jpg,,,,new,Home & Garden > Linens & Bedding > Table Linens,Home > Table Linens,adult,French Linen,15 in,12 in,5 in,3.96 lb,HAH-LINE-GRP-003,Table Linens,Charcoal,,,unisex,in_stock,,,,138,26.50 USD,,,txcd_99999999,exclusive,,"US:ALL:Standard:3-5:0.00 USD,US:ALL:Expedited:1-2:9.99 USD",US:ALL:Standard:50.00 USD,
HAH-LINE-0141,Terra Cotton Placemats – White,"The Terra Cotton Placemats from Harbor & Home, crafted in french linen, elevate the table for everyday and gatherings alike. Shown in White.",https://livgpt.vercel.app/?merchant=harbor-and-home&product=HAH-LINE-0141,Harbor & Home,,HAH-LINE-0141,https://livgpt.vercel.app/mock-catalog/images/harbor-and-home/HAH-LINE-0141.jpg,,,,new,Home & Garden > Linens & Bedding > Table Linens,Home > Table Linens,adult,French Linen,15 in,12 in,5 in,3.35 lb,HAH-LINE-GRP-003,Table Linens,White,,,unisex,in_stock,,,,10,37.18 USD,,,txcd_99999999,exclusive,,"US:ALL:Standard:3-5:0.00 USD,US:ALL:Expedited:1-2:9.99 USD",US:ALL:Standard:50.00 USD,
HAH-LINE-0142,Urban Cotton Placemats – Black,"The Urban Cotton Placemats from Harbor & Home, crafted in french linen, elevate the table for everyday and gatherings alike. Shown in Black.",https://livgpt.vercel.app/?merchant=harbor-and-home&product=HAH-LINE-0142,Harbor & Home,,HAH-LINE-0142,https://livgpt.vercel.app/mock-catalog/images/harbor-and-home/HAH-LINE-0142.jpg,,,,new,Home & Garden > Linens & Bedding > Table Linens,Home > Table Linens,adult,French Linen,15 in,12 in,5 in,3.53 lb,HAH-LINE-GRP-004,Table Linens,Black,,,unisex,in_stock,,,,199,57.18 USD,,,txcd_99999999,exclusive,,"US:ALL:Standard:3-5:0.00 USD,US:ALL:Expedited:1-2:9.99 USD",US:ALL:Standard:50.00 USD,
HAH-LINE-0143,Nova Linen Napkin Set – Olive,"The Nova Linen Napkin Set from Harbor & Home, crafted in french linen, elevate the table for everyday and gatherings alike. Shown in Olive.",https://livgpt.vercel.app/?merchant=harbor-and-home&product=HAH-LINE-0143,Hearthstone,,HAH-LINE-0143,https://livgpt.vercel.app/mock-catalog/images/harbor-and-home/HAH-LINE-0143.jpg,,,,new,Home & Garden > Linens & Bedding > Table Linens,Home > Table Linens,adult,French Linen,15 in,12 in,5 in,3.31 lb,HAH-LINE-GRP-004,Table Linens,Olive,,,unisex,in_stock,,,,218,31.86 USD,,,txcd_99999999,exclusive,,"US:ALL:Standard:3-5:0.00 USD,US:ALL:Expedited:1-2:9.99 USD",US:ALL:Standard:50.00 USD,
HAH-LINE-0144,Featherlight Linen Napkin Set – Charcoal,"The Featherlight Linen Napkin Set from Harbor & Home, crafted in cotton, elevate the table for everyday and gatherings alike. Shown in Charcoal.",https://livgpt.vercel.app/?merchant=harbor-and-home&product=HAH-LINE-0144,Harbor & Home,,HAH-LINE-0144,https://livgpt.vercel.app/mock-catalog/images/harbor-and-home/HAH-LINE-0144.jpg,,,,new,Home & Garden > Linens & Bedding > Table Linens,Home > Table Linens,adult,Cotton,15 in,12 in,5 in,3.24 lb,HAH-LINE-GRP-005,Table Linens,Charcoal,,,unisex,in_stock,,,,124,20.94 USD,,,txcd_99999999,exclusive,,"US:ALL:Standard:3-5:0.00 USD,US:ALL:Expedited:1-2:9.99 USD",US:ALL:Standard:50.00 USD,
HAH-LINE-0145,Signature Cotton Placemats – Cream,"The Signature Cotton Placemats from Harbor & Home, crafted in french linen, elevate the table for everyday and gatherings alike. Shown in Cream.",https://livgpt.vercel.app/?merchant=harbor-and-home&product=HAH-LINE-0145,Harbor & Home,,HAH-LINE-0145,https://livgpt.vercel.app/mock-catalog/images/harbor-and-home/HAH-LINE-0145.jpg,,,,new,Home & Garden > Linens & Bedding > Table Linens,Home > Table Linens,adult,French Linen,15 in,12 in,5 in,3.64 lb,HAH-LINE-GRP-005,Table Linens,Cream,,,unisex,in_stock,,,,95,49.06 USD,,,txcd_99999999,exclusive,,"US:ALL:Standard:3-5:0.00 USD,US:ALL:Expedited:1-2:9.99 USD",US:ALL:Standard:50.00 USD,
HAH-LINE-0146,Rugged Table Runner – Olive,"The Rugged Table Runner from Harbor & Home, crafted in french linen, elevate the table for everyday and gatherings alike. Shown in Olive.",https://livgpt.vercel.app/?merchant=harbor-and-home&product=HAH-LINE-0146,Hearthstone,,HAH-LINE-0146,https://livgpt.vercel.app/mock-catalog/images/harbor-and-home/HAH-LINE-0146.jpg,,,,new,Home & Garden > Linens & Bedding > Table Linens,Home > Table Linens,adult,French Linen,15 in,12 in,5 in,3.74 lb,HAH-LINE-GRP-006,Table Linens,Olive,,,unisex,in_stock,,,,1,29.68 USD,,,txcd_99999999,exclusive,,"US:ALL:Standard:3-5:0.00 USD,US:ALL:Expedited:1-2:9.99 USD",US:ALL:Standard:50.00 USD,
HAH-LINE-0147,Nova Table Runner – Sky Blue,"The Nova Table Runner from Harbor & Home, crafted in french linen, elevate the table for everyday and gatherings alike. Shown in Sky Blue.",https://livgpt.vercel.app/?merchant=harbor-and-home&product=HAH-LINE-0147,Harbor & Home,,HAH-LINE-0147,https://livgpt.vercel.app/mock-catalog/images/harbor-and-home/HAH-LINE-0147.jpg,,,,new,Home & Garden > Linens & Bedding > Table Linens,Home > Table Linens,adult,French Linen,15 in,12 in,5 in,3.78 lb,HAH-LINE-GRP-006,Table Linens,Sky Blue,,,unisex,in_stock,,,,101,46.07 USD,36.33 USD,2026-07-01/2026-12-31,txcd_99999999,exclusive,,"US:ALL:Standard:3-5:0.00 USD,US:ALL:Expedited:1-2:9.99 USD",US:ALL:Standard:50.00 USD,
HAH-LINE-0148,Minimalist Tea Towel Set – Cream,"The Minimalist Tea Towel Set from Harbor & Home, crafted in cotton, elevate the table for everyday and gatherings alike. Shown in Cream.",https://livgpt.vercel.app/?merchant=harbor-and-home&product=HAH-LINE-0148,Harbor & Home,,HAH-LINE-0148,https://livgpt.vercel.app/mock-catalog/images/harbor-and-home/HAH-LINE-0148.jpg,,,,new,Home & Garden > Linens & Bedding > Table Linens,Home > Table Linens,adult,Cotton,15 in,12 in,5 in,3.96 lb,HAH-LINE-GRP-007,Table Linens,Cream,,,unisex,in_stock,,,,134,39.11 USD,,,txcd_99999999,exclusive,,"US:ALL:Standard:3-5:0.00 USD,US:ALL:Expedited:1-2:9.99 USD",US:ALL:Standard:50.00 USD,
HAH-LINE-0149,Everyday Table Runner – Sand,"The Everyday Table Runner from Harbor & Home, crafted in french linen, elevate the table for everyday and gatherings alike. Shown in Sand.",https://livgpt.vercel.app/?merchant=harbor-and-home&product=HAH-LINE-0149,Hearthstone,,HAH-LINE-0149,https://livgpt.vercel.app/mock-catalog/images/harbor-and-home/HAH-LINE-0149.jpg,,,,new,Home & Garden > Linens & Bedding > Table Linens,Home > Table Linens,adult,French Linen,15 in,12 in,5 in,3.28 lb,HAH-LINE-GRP-007,Table Linens,Sand,,,unisex,in_stock,,,,228,17.99 USD,14.49 USD,2026-07-01/2026-12-31,txcd_99999999,exclusive,,"US:ALL:Standard:3-5:0.00 USD,US:ALL:Expedited:1-2:9.99 USD",US:ALL:Standard:50.00 USD,
HAH-LINE-0150,Classic Linen Napkin Set – Sand,"The Classic Linen Napkin Set from Harbor & Home, crafted in french linen, elevate the table for everyday and gatherings alike. Shown in Sand.",https://livgpt.vercel.app/?merchant=harbor-and-home&product=HAH-LINE-0150,Harbor & Home,,HAH-LINE-0150,https://livgpt.vercel.app/mock-catalog/images/harbor-and-home/HAH-LINE-0150.jpg,,,,new,Home & Garden > Linens & Bedding > Table Linens,Home > Table Linens,adult,French Linen,15 in,12 in,5 in,3.42 lb,HAH-LINE-GRP-008,Table Linens,Sand,,,unisex,in_stock,,,,68,28.69 USD,,,txcd_99999999,exclusive,,"US:ALL:Standard:3-5:0.00 USD,US:ALL:Expedited:1-2:9.99 USD",US:ALL:Standard:50.00 USD,
HAH-CAND-0151,Aero Wood-Wick Candle,"The Aero Wood-Wick Candle from Harbor & Home, crafted in soy wax, fills the room with a warm, inviting scent.",https://livgpt.vercel.app/?merchant=harbor-and-home&product=HAH-CAND-0151,Hearthstone,,HAH-CAND-0151,https://livgpt.vercel.app/mock-catalog/images/harbor-and-home/HAH-CAND-0151.jpg,,,,new,Home & Garden > Decor > Home Fragrances > Candles,Home > Fragrance > Candles,adult,Soy Wax,4 in,4 in,5 in,1.22 lb,HAH-CAND-GRP-008,Candles,,,,unisex,in_stock,,,,11,36.46 USD,,,txcd_99999999,exclusive,,"US:ALL:Standard:3-5:0.00 USD,US:ALL:Expedited:1-2:9.99 USD",US:ALL:Standard:50.00 USD,
HAH-CAND-0152,Classic Wood-Wick Candle,"The Classic Wood-Wick Candle from Harbor & Home, crafted in coconut wax, fills the room with a warm, inviting scent.",https://livgpt.vercel.app/?merchant=harbor-and-home&product=HAH-CAND-0152,Hearthstone,,HAH-CAND-0152,https://livgpt.vercel.app/mock-catalog/images/harbor-and-home/HAH-CAND-0152.jpg,,,,new,Home & Garden > Decor > Home Fragrances > Candles,Home > Fragrance > Candles,adult,Coconut Wax,4 in,4 in,5 in,1.25 lb,HAH-CAND-GRP-009,Candles,,,,unisex,in_stock,,,,69,27.23 USD,,,txcd_99999999,exclusive,,"US:ALL:Standard:3-5:0.00 USD,US:ALL:Expedited:1-2:9.99 USD",US:ALL:Standard:50.00 USD,
HAH-CAND-0153,Coastal Travel Tin Candle,"The Coastal Travel Tin Candle from Harbor & Home, crafted in soy wax, fills the room with a warm, inviting scent.",https://livgpt.vercel.app/?merchant=harbor-and-home&product=HAH-CAND-0153,Harbor & Home,,HAH-CAND-0153,https://livgpt.vercel.app/mock-catalog/images/harbor-and-home/HAH-CAND-0153.jpg,,,,new,Home & Garden > Decor > Home Fragrances > Candles,Home > Fragrance > Candles,adult,Soy Wax,4 in,4 in,5 in,1.1 lb,HAH-CAND-GRP-009,Candles,,,,unisex,in_stock,,,,151,30.15 USD,,,txcd_99999999,exclusive,,"US:ALL:Standard:3-5:0.00 USD,US:ALL:Expedited:1-2:9.99 USD",US:ALL:Standard:50.00 USD,
HAH-CAND-0154,Terra Soy Candle,"The Terra Soy Candle from Harbor & Home, crafted in coconut wax, fills the room with a warm, inviting scent.",https://livgpt.vercel.app/?merchant=harbor-and-home&product=HAH-CAND-0154,Hearthstone,,HAH-CAND-0154,https://livgpt.vercel.app/mock-catalog/images/harbor-and-home/HAH-CAND-0154.jpg,,,,new,Home & Garden > Decor > Home Fragrances > Candles,Home > Fragrance > Candles,adult,Coconut Wax,4 in,4 in,5 in,1.15 lb,HAH-CAND-GRP-010,Candles,,,,unisex,in_stock,,,,52,41.54 USD,35.42 USD,2026-07-01/2026-12-31,txcd_99999999,exclusive,,"US:ALL:Standard:3-5:0.00 USD,US:ALL:Expedited:1-2:9.99 USD",US:ALL:Standard:50.00 USD,
HAH-CAND-0155,Featherlight Travel Tin Candle,"The Featherlight Travel Tin Candle from Harbor & Home, crafted in soy wax, fills the room with a warm, inviting scent.",https://livgpt.vercel.app/?merchant=harbor-and-home&product=HAH-CAND-0155,Harbor Living,,HAH-CAND-0155,https://livgpt.vercel.app/mock-catalog/images/harbor-and-home/HAH-CAND-0155.jpg,,,,new,Home & Garden > Decor > Home Fragrances > Candles,Home > Fragrance > Candles,adult,Soy Wax,4 in,4 in,5 in,1.21 lb,HAH-CAND-GRP-010,Candles,,,,unisex,in_stock,,,,46,24.54 USD,,,txcd_99999999,exclusive,,"US:ALL:Standard:3-5:0.00 USD,US:ALL:Expedited:1-2:9.99 USD",US:ALL:Standard:50.00 USD,
HAH-CAND-0156,Terra Wood-Wick Candle,"The Terra Wood-Wick Candle from Harbor & Home, crafted in coconut wax, fills the room with a warm, inviting scent.",https://livgpt.vercel.app/?merchant=harbor-and-home&product=HAH-CAND-0156,Hearthstone,,HAH-CAND-0156,https://livgpt.vercel.app/mock-catalog/images/harbor-and-home/HAH-CAND-0156.jpg,,,,new,Home & Garden > Decor > Home Fragrances > Candles,Home > Fragrance > Candles,adult,Coconut Wax,4 in,4 in,5 in,1.12 lb,HAH-CAND-GRP-011,Candles,,,,unisex,in_stock,,,,176,51.08 USD,,,txcd_99999999,exclusive,,"US:ALL:Standard:3-5:0.00 USD,US:ALL:Expedited:1-2:9.99 USD",US:ALL:Standard:50.00 USD,
HAH-CAND-0157,Featherlight Soy Candle,"The Featherlight Soy Candle from Harbor & Home, crafted in coconut wax, fills the room with a warm, inviting scent.",https://livgpt.vercel.app/?merchant=harbor-and-home&product=HAH-CAND-0157,Harbor Living,,HAH-CAND-0157,https://livgpt.vercel.app/mock-catalog/images/harbor-and-home/HAH-CAND-0157.jpg,,,,new,Home & Garden > Decor > Home Fragrances > Candles,Home > Fragrance > Candles,adult,Coconut Wax,4 in,4 in,5 in,1.08 lb,HAH-CAND-GRP-011,Candles,,,,unisex,in_stock,,,,215,22.23 USD,,,txcd_99999999,exclusive,,"US:ALL:Standard:3-5:0.00 USD,US:ALL:Expedited:1-2:9.99 USD",US:ALL:Standard:50.00 USD,
HAH-CAND-0158,Signature Soy Candle,"The Signature Soy Candle from Harbor & Home, crafted in coconut wax, fills the room with a warm, inviting scent.",https://livgpt.vercel.app/?merchant=harbor-and-home&product=HAH-CAND-0158,Hearthstone,,HAH-CAND-0158,https://livgpt.vercel.app/mock-catalog/images/harbor-and-home/HAH-CAND-0158.jpg,,,,new,Home & Garden > Decor > Home Fragrances > Candles,Home > Fragrance > Candles,adult,Coconut Wax,4 in,4 in,5 in,1.16 lb,HAH-CAND-GRP-012,Candles,,,,unisex,in_stock,,,,61,18.22 USD,15.83 USD,2026-07-01/2026-12-31,txcd_99999999,exclusive,,"US:ALL:Standard:3-5:0.00 USD,US:ALL:Expedited:1-2:9.99 USD",US:ALL:Standard:50.00 USD,
HAH-CAND-0159,Luxe Travel Tin Candle,"The Luxe Travel Tin Candle from Harbor & Home, crafted in coconut wax, fills the room with a warm, inviting scent.",https://livgpt.vercel.app/?merchant=harbor-and-home&product=HAH-CAND-0159,Hearthstone,,HAH-CAND-0159,https://livgpt.vercel.app/mock-catalog/images/harbor-and-home/HAH-CAND-0159.jpg,,,,new,Home & Garden > Decor > Home Fragrances > Candles,Home > Fragrance > Candles,adult,Coconut Wax,4 in,4 in,5 in,1.21 lb,HAH-CAND-GRP-012,Candles,,,,unisex,in_stock,,,,230,40.23 USD,32.45 USD,2026-07-01/2026-12-31,txcd_99999999,exclusive,,"US:ALL:Standard:3-5:0.00 USD,US:ALL:Expedited:1-2:9.99 USD",US:ALL:Standard:50.00 USD,
HAH-CAND-0160,Essential Travel Tin Candle,"The Essential Travel Tin Candle from Harbor & Home, crafted in coconut wax, fills the room with a warm, inviting scent.",https://livgpt.vercel.app/?merchant=harbor-and-home&product=HAH-CAND-0160,Harbor & Home,,HAH-CAND-0160,https://livgpt.vercel.app/mock-catalog/images/harbor-and-home/HAH-CAND-0160.jpg,,,,new,Home & Garden > Decor > Home Fragrances > Candles,Home > Fragrance > Candles,adult,Coconut Wax,4 in,4 in,5 in,1.15 lb,HAH-CAND-GRP-013,Candles,,,,unisex,in_stock,,,,246,24.50 USD,21.12 USD,2026-07-01/2026-12-31,txcd_99999999,exclusive,,"US:ALL:Standard:3-5:0.00 USD,US:ALL:Expedited:1-2:9.99 USD",US:ALL:Standard:50.00 USD,
HAH-MUGS-0161,Trail Espresso Cup Set – Cream,"The Trail Espresso Cup Set from Harbor & Home, crafted in stoneware, for slow mornings and better coffee rituals. Shown in Cream.",https://livgpt.vercel.app/?merchant=harbor-and-home&product=HAH-MUGS-0161,Harbor Living,,HAH-MUGS-0161,https://livgpt.vercel.app/mock-catalog/images/harbor-and-home/HAH-MUGS-0161.jpg,,,,new,Home & Garden > Kitchen & Dining > Tableware > Drinkware,Drinkware > Mugs,adult,Stoneware,5 in,4 in,5 in,1.05 lb,HAH-MUGS-GRP-008,Mugs,Cream,,,unisex,in_stock,,,,205,40.57 USD,,,txcd_99999999,exclusive,,"US:ALL:Standard:3-5:0.00 USD,US:ALL:Expedited:1-2:9.99 USD",US:ALL:Standard:50.00 USD,
HAH-MUGS-0162,Luxe Espresso Cup Set – Olive,"The Luxe Espresso Cup Set from Harbor & Home, crafted in ceramic, for slow mornings and better coffee rituals. Shown in Olive.",https://livgpt.vercel.app/?merchant=harbor-and-home&product=HAH-MUGS-0162,Harbor & Home,,HAH-MUGS-0162,https://livgpt.vercel.app/mock-catalog/images/harbor-and-home/HAH-MUGS-0162.jpg,,,,new,Home & Garden > Kitchen & Dining > Tableware > Drinkware,Drinkware > Mugs,adult,Ceramic,5 in,4 in,5 in,1.03 lb,HAH-MUGS-GRP-009,Mugs,Olive,,,unisex,in_stock,,,,217,27.72 USD,,,txcd_99999999,exclusive,,"US:ALL:Standard:3-5:0.00 USD,US:ALL:Expedited:1-2:9.99 USD",US:ALL:Standard:50.00 USD,
HAH-MUGS-0163,Urban Espresso Cup Set – White,"The Urban Espresso Cup Set from Harbor & Home, crafted in stoneware, for slow mornings and better coffee rituals. Shown in White.",https://livgpt.vercel.app/?merchant=harbor-and-home&product=HAH-MUGS-0163,Hearthstone,,HAH-MUGS-0163,https://livgpt.vercel.app/mock-catalog/images/harbor-and-home/HAH-MUGS-0163.jpg,,,,new,Home & Garden > Kitchen & Dining > Tableware > Drinkware,Drinkware > Mugs,adult,Stoneware,5 in,4 in,5 in,1.17 lb,HAH-MUGS-GRP-009,Mugs,White,,,unisex,in_stock,,,,178,23.93 USD,18.62 USD,2026-07-01/2026-12-31,txcd_99999999,exclusive,,"US:ALL:Standard:3-5:0.00 USD,US:ALL:Expedited:1-2:9.99 USD",US:ALL:Standard:50.00 USD,
HAH-MUGS-0164,Urban Stoneware Mug Set – White,"The Urban Stoneware Mug Set from Harbor & Home, crafted in stoneware, for slow mornings and better coffee rituals. Shown in White.",https://livgpt.vercel.app/?merchant=harbor-and-home&product=HAH-MUGS-0164,Hearthstone,,HAH-MUGS-0164,https://livgpt.vercel.app/mock-catalog/images/harbor-and-home/HAH-MUGS-0164.jpg,,,,new,Home & Garden > Kitchen & Dining > Tableware > Drinkware,Drinkware > Mugs,adult,Stoneware,5 in,4 in,5 in,0.99 lb,HAH-MUGS-GRP-010,Mugs,White,,,unisex,in_stock,,,,84,37.67 USD,28.94 USD,2026-07-01/2026-12-31,txcd_99999999,exclusive,,"US:ALL:Standard:3-5:0.00 USD,US:ALL:Expedited:1-2:9.99 USD",US:ALL:Standard:50.00 USD,
HAH-MUGS-0165,Aero Ceramic Mug – Terracotta,"The Aero Ceramic Mug from Harbor & Home, crafted in stoneware, for slow mornings and better coffee rituals. Shown in Terracotta.",https://livgpt.vercel.app/?merchant=harbor-and-home&product=HAH-MUGS-0165,Harbor Living,,HAH-MUGS-0165,https://livgpt.vercel.app/mock-catalog/images/harbor-and-home/HAH-MUGS-0165.jpg,,,,new,Home & Garden > Kitchen & Dining > Tableware > Drinkware,Drinkware > Mugs,adult,Stoneware,5 in,4 in,5 in,1.13 lb,HAH-MUGS-GRP-010,Mugs,Terracotta,,,unisex,in_stock,,,,180,42.25 USD,,,txcd_99999999,exclusive,,"US:ALL:Standard:3-5:0.00 USD,US:ALL:Expedited:1-2:9.99 USD",US:ALL:Standard:50.00 USD,
HAH-MUGS-0166,Pro Espresso Cup Set – Sky Blue,"The Pro Espresso Cup Set from Harbor & Home, crafted in stoneware, for slow mornings and better coffee rituals. Shown in Sky Blue.",https://livgpt.vercel.app/?merchant=harbor-and-home&product=HAH-MUGS-0166,Harbor & Home,,HAH-MUGS-0166,https://livgpt.vercel.app/mock-catalog/images/harbor-and-home/HAH-MUGS-0166.jpg,,,,new,Home & Garden > Kitchen & Dining > Tableware > Drinkware,Drinkware > Mugs,adult,Stoneware,5 in,4 in,5 in,1.11 lb,HAH-MUGS-GRP-011,Mugs,Sky Blue,,,unisex,in_stock,,,,244,40.17 USD,,,txcd_99999999,exclusive,,"US:ALL:Standard:3-5:0.00 USD,US:ALL:Expedited:1-2:9.99 USD",US:ALL:Standard:50.00 USD,
HAH-MUGS-0167,Studio Espresso Cup Set – Terracotta,"The Studio Espresso Cup Set from Harbor & Home, crafted in ceramic, for slow mornings and better coffee rituals. Shown in Terracotta.",https://livgpt.vercel.app/?merchant=harbor-and-home&product=HAH-MUGS-0167,Harbor Living,,HAH-MUGS-0167,https://livgpt.vercel.app/mock-catalog/images/harbor-and-home/HAH-MUGS-0167.jpg,,,,new,Home & Garden > Kitchen & Dining > Tableware > Drinkware,Drinkware > Mugs,adult,Ceramic,5 in,4 in,5 in,1.2 lb,HAH-MUGS-GRP-011,Mugs,Terracotta,,,unisex,in_stock,,,,124,20.02 USD,16.44 USD,2026-07-01/2026-12-31,txcd_99999999,exclusive,,"US:ALL:Standard:3-5:0.00 USD,US:ALL:Expedited:1-2:9.99 USD",US:ALL:Standard:50.00 USD,
HAH-MUGS-0168,Aero Stoneware Mug Set – Sky Blue,"The Aero Stoneware Mug Set from Harbor & Home, crafted in stoneware, for slow mornings and better coffee rituals. Shown in Sky Blue.",https://livgpt.vercel.app/?merchant=harbor-and-home&product=HAH-MUGS-0168,Harbor & Home,,HAH-MUGS-0168,https://livgpt.vercel.app/mock-catalog/images/harbor-and-home/HAH-MUGS-0168.jpg,,,,new,Home & Garden > Kitchen & Dining > Tableware > Drinkware,Drinkware > Mugs,adult,Stoneware,5 in,4 in,5 in,1.17 lb,HAH-MUGS-GRP-012,Mugs,Sky Blue,,,unisex,in_stock,,,,49,26.18 USD,,,txcd_99999999,exclusive,,"US:ALL:Standard:3-5:0.00 USD,US:ALL:Expedited:1-2:9.99 USD",US:ALL:Standard:50.00 USD,
HAH-MUGS-0169,Pro Enamel Mug – Terracotta,"The Pro Enamel Mug from Harbor & Home, crafted in stoneware, for slow mornings and better coffee rituals. Shown in Terracotta.",https://livgpt.vercel.app/?merchant=harbor-and-home&product=HAH-MUGS-0169,Hearthstone,,HAH-MUGS-0169,https://livgpt.vercel.app/mock-catalog/images/harbor-and-home/HAH-MUGS-0169.jpg,,,,new,Home & Garden > Kitchen & Dining > Tableware > Drinkware,Drinkware > Mugs,adult,Stoneware,5 in,4 in,5 in,1.1 lb,HAH-MUGS-GRP-012,Mugs,Terracotta,,,unisex,in_stock,,,,195,19.16 USD,15.71 USD,2026-07-01/2026-12-31,txcd_99999999,exclusive,,"US:ALL:Standard:3-5:0.00 USD,US:ALL:Expedited:1-2:9.99 USD",US:ALL:Standard:50.00 USD,
HAH-MUGS-0170,Rugged Ceramic Mug – Burgundy,"The Rugged Ceramic Mug from Harbor & Home, crafted in stoneware, for slow mornings and better coffee rituals. Shown in Burgundy.",https://livgpt.vercel.app/?merchant=harbor-and-home&product=HAH-MUGS-0170,Harbor Living,,HAH-MUGS-0170,https://livgpt.vercel.app/mock-catalog/images/harbor-and-home/HAH-MUGS-0170.jpg,,,,new,Home & Garden > Kitchen & Dining > Tableware > Drinkware,Drinkware > Mugs,adult,Stoneware,5 in,4 in,5 in,1.06 lb,HAH-MUGS-GRP-013,Mugs,Burgundy,,,unisex,in_stock,,,,104,22.78 USD,,,txcd_99999999,exclusive,,"US:ALL:Standard:3-5:0.00 USD,US:ALL:Expedited:1-2:9.99 USD",US:ALL:Standard:50.00 USD,
HAH-COOK-0171,Minimalist Dutch Oven – Olive,"The Minimalist Dutch Oven from Harbor & Home, crafted in anodized aluminum, even heating for everyday cooking. Shown in Olive.",https://livgpt.vercel.app/?merchant=harbor-and-home&product=HAH-COOK-0171,Harbor & Home,,HAH-COOK-0171,https://livgpt.vercel.app/mock-catalog/images/harbor-and-home/HAH-COOK-0171.jpg,,,,new,Home & Garden > Kitchen & Dining > Cookware,Kitchen > Cookware,adult,Anodized Aluminum,14 in,11 in,6 in,3.91 lb,HAH-COOK-GRP-008,Cookware,Olive,,,unisex,in_stock,,,,99,141.40 USD,,,txcd_99999999,exclusive,,"US:ALL:Standard:3-5:0.00 USD,US:ALL:Expedited:1-2:9.99 USD",US:ALL:Standard:50.00 USD,
HAH-COOK-0172,Essential Cast Iron Pan – Olive,"The Essential Cast Iron Pan from Harbor & Home, crafted in cast iron, even heating for everyday cooking. Shown in Olive.",https://livgpt.vercel.app/?merchant=harbor-and-home&product=HAH-COOK-0172,Harbor Living,,HAH-COOK-0172,https://livgpt.vercel.app/mock-catalog/images/harbor-and-home/HAH-COOK-0172.jpg,,,,new,Home & Garden > Kitchen & Dining > Cookware,Kitchen > Cookware,adult,Cast Iron,14 in,11 in,6 in,4.07 lb,HAH-COOK-GRP-009,Cookware,Olive,,,unisex,in_stock,,,,86,132.43 USD,,,txcd_99999999,exclusive,,"US:ALL:Standard:3-5:0.00 USD,US:ALL:Expedited:1-2:9.99 USD",US:ALL:Standard:50.00 USD,
HAH-COOK-0173,Essential Saucepan – Burgundy,"The Essential Saucepan from Harbor & Home, crafted in anodized aluminum, even heating for everyday cooking. Shown in Burgundy.",https://livgpt.vercel.app/?merchant=harbor-and-home&product=HAH-COOK-0173,Harbor Living,,HAH-COOK-0173,https://livgpt.vercel.app/mock-catalog/images/harbor-and-home/HAH-COOK-0173.jpg,,,,new,Home & Garden > Kitchen & Dining > Cookware,Kitchen > Cookware,adult,Anodized Aluminum,14 in,11 in,6 in,3.82 lb,HAH-COOK-GRP-009,Cookware,Burgundy,,,unisex,in_stock,,,,48,48.93 USD,,,txcd_99999999,exclusive,,"US:ALL:Standard:3-5:0.00 USD,US:ALL:Expedited:1-2:9.99 USD",US:ALL:Standard:50.00 USD,
HAH-COOK-0174,Trail Nonstick Skillet – White,"The Trail Nonstick Skillet from Harbor & Home, crafted in anodized aluminum, even heating for everyday cooking. Shown in White.",https://livgpt.vercel.app/?merchant=harbor-and-home&product=HAH-COOK-0174,Hearthstone,,HAH-COOK-0174,https://livgpt.vercel.app/mock-catalog/images/harbor-and-home/HAH-COOK-0174.jpg,,,,new,Home & Garden > Kitchen & Dining > Cookware,Kitchen > Cookware,adult,Anodized Aluminum,14 in,11 in,6 in,3.95 lb,HAH-COOK-GRP-010,Cookware,White,,,unisex,in_stock,,,,70,146.43 USD,,,txcd_99999999,exclusive,,"US:ALL:Standard:3-5:0.00 USD,US:ALL:Expedited:1-2:9.99 USD",US:ALL:Standard:50.00 USD,
HAH-COOK-0175,Studio Saucepan – Black,"The Studio Saucepan from Harbor & Home, crafted in anodized aluminum, even heating for everyday cooking. Shown in Black.",https://livgpt.vercel.app/?merchant=harbor-and-home&product=HAH-COOK-0175,Harbor & Home,,HAH-COOK-0175,https://livgpt.vercel.app/mock-catalog/images/harbor-and-home/HAH-COOK-0175.jpg,,,,new,Home & Garden > Kitchen & Dining > Cookware,Kitchen > Cookware,adult,Anodized Aluminum,14 in,11 in,6 in,4.37 lb,HAH-COOK-GRP-010,Cookware,Black,,,unisex,in_stock,,,,106,101.38 USD,,,txcd_99999999,exclusive,,"US:ALL:Standard:3-5:0.00 USD,US:ALL:Expedited:1-2:9.99 USD",US:ALL:Standard:50.00 USD,
HAH-COOK-0176,Featherlight Saucepan – Black,"The Featherlight Saucepan from Harbor & Home, crafted in anodized aluminum, even heating for everyday cooking. Shown in Black.",https://livgpt.vercel.app/?merchant=harbor-and-home&product=HAH-COOK-0176,Harbor & Home,,HAH-COOK-0176,https://livgpt.vercel.app/mock-catalog/images/harbor-and-home/HAH-COOK-0176.jpg,,,,new,Home & Garden > Kitchen & Dining > Cookware,Kitchen > Cookware,adult,Anodized Aluminum,14 in,11 in,6 in,4.07 lb,HAH-COOK-GRP-011,Cookware,Black,,,unisex,in_stock,,,,110,111.58 USD,,,txcd_99999999,exclusive,,"US:ALL:Standard:3-5:0.00 USD,US:ALL:Expedited:1-2:9.99 USD",US:ALL:Standard:50.00 USD,
HAH-COOK-0177,Minimalist Nonstick Skillet – Slate Gray,"The Minimalist Nonstick Skillet from Harbor & Home, crafted in cast iron, even heating for everyday cooking. Shown in Slate Gray.",https://livgpt.vercel.app/?merchant=harbor-and-home&product=HAH-COOK-0177,Harbor & Home,,HAH-COOK-0177,https://livgpt.vercel.app/mock-catalog/images/harbor-and-home/HAH-COOK-0177.jpg,,,,new,Home & Garden > Kitchen & Dining > Cookware,Kitchen > Cookware,adult,Cast Iron,14 in,11 in,6 in,4.07 lb,HAH-COOK-GRP-011,Cookware,Slate Gray,,,unisex,in_stock,,,,245,134.18 USD,,,txcd_99999999,exclusive,,"US:ALL:Standard:3-5:0.00 USD,US:ALL:Expedited:1-2:9.99 USD",US:ALL:Standard:50.00 USD,
HAH-COOK-0178,Pro Saucepan – Sand,"The Pro Saucepan from Harbor & Home, crafted in anodized aluminum, even heating for everyday cooking. Shown in Sand.",https://livgpt.vercel.app/?merchant=harbor-and-home&product=HAH-COOK-0178,Harbor Living,,HAH-COOK-0178,https://livgpt.vercel.app/mock-catalog/images/harbor-and-home/HAH-COOK-0178.jpg,,,,new,Home & Garden > Kitchen & Dining > Cookware,Kitchen > Cookware,adult,Anodized Aluminum,14 in,11 in,6 in,4.28 lb,HAH-COOK-GRP-012,Cookware,Sand,,,unisex,in_stock,,,,199,171.89 USD,,,txcd_99999999,exclusive,,"US:ALL:Standard:3-5:0.00 USD,US:ALL:Expedited:1-2:9.99 USD",US:ALL:Standard:50.00 USD,
HAH-COOK-0179,Classic Saucepan – Cream,"The Classic Saucepan from Harbor & Home, crafted in cast iron, even heating for everyday cooking. Shown in Cream.",https://livgpt.vercel.app/?merchant=harbor-and-home&product=HAH-COOK-0179,Hearthstone,,HAH-COOK-0179,https://livgpt.vercel.app/mock-catalog/images/harbor-and-home/HAH-COOK-0179.jpg,,,,new,Home & Garden > Kitchen & Dining > Cookware,Kitchen > Cookware,adult,Cast Iron,14 in,11 in,6 in,4.07 lb,HAH-COOK-GRP-012,Cookware,Cream,,,unisex,in_stock,,,,60,72.23 USD,,,txcd_99999999,exclusive,,"US:ALL:Standard:3-5:0.00 USD,US:ALL:Expedited:1-2:9.99 USD",US:ALL:Standard:50.00 USD,
HAH-COOK-0180,Modern Dutch Oven – Forest Green,"The Modern Dutch Oven from Harbor & Home, crafted in cast iron, even heating for everyday cooking. Shown in Forest Green.",https://livgpt.vercel.app/?merchant=harbor-and-home&product=HAH-COOK-0180,Hearthstone,,HAH-COOK-0180,https://livgpt.vercel.app/mock-catalog/images/harbor-and-home/HAH-COOK-0180.jpg,,,,new,Home & Garden > Kitchen & Dining > Cookware,Kitchen > Cookware,adult,Cast Iron,14 in,11 in,6 in,4.54 lb,HAH-COOK-GRP-013,Cookware,Forest Green,,,unisex,in_stock,,,,39,119.60 USD,,,txcd_99999999,exclusive,,"US:ALL:Standard:3-5:0.00 USD,US:ALL:Expedited:1-2:9.99 USD",US:ALL:Standard:50.00 USD,
HAH-BEDD-0181,Modern Cotton Sheet Set – Forest Green,"The Modern Cotton Sheet Set from Harbor & Home, crafted in french linen, breathable, lived-in softness that gets better with every wash. Shown in Forest Green.",https://livgpt.vercel.app/?merchant=harbor-and-home&product=HAH-BEDD-0181,Hearthstone,,HAH-BEDD-0181,https://livgpt.vercel.app/mock-catalog/images/harbor-and-home/HAH-BEDD-0181.jpg,,,,new,Home & Garden > Linens & Bedding > Bedding,Home > Bedding,adult,French Linen,15 in,12 in,5 in,3.53 lb,HAH-BEDD-GRP-008,Bedding,Forest Green,L,US,unisex,in_stock,,,,95,97.08 USD,,,txcd_99999999,exclusive,,"US:ALL:Standard:3-5:0.00 USD,US:ALL:Expedited:1-2:9.99 USD",US:ALL:Standard:50.00 USD,
HAH-BEDD-0182,Trail Linen Duvet Cover – Navy,"The Trail Linen Duvet Cover from Harbor & Home, crafted in organic cotton, breathable, lived-in softness that gets better with every wash. Shown in Navy.",https://livgpt.vercel.app/?merchant=harbor-and-home&product=HAH-BEDD-0182,Harbor & Home,,HAH-BEDD-0182,https://livgpt.vercel.app/mock-catalog/images/harbor-and-home/HAH-BEDD-0182.jpg,,,,new,Home & Garden > Linens & Bedding > Bedding,Home > Bedding,adult,Organic Cotton,15 in,12 in,5 in,3.31 lb,HAH-BEDD-GRP-009,Bedding,Navy,XL,US,unisex,in_stock,,,,6,151.10 USD,,,txcd_99999999,exclusive,,"US:ALL:Standard:3-5:0.00 USD,US:ALL:Expedited:1-2:9.99 USD",US:ALL:Standard:50.00 USD,
HAH-BEDD-0183,Heritage Knit Throw – Black,"The Heritage Knit Throw from Harbor & Home, crafted in french linen, breathable, lived-in softness that gets better with every wash. Shown in Black.",https://livgpt.vercel.app/?merchant=harbor-and-home&product=HAH-BEDD-0183,Harbor Living,,HAH-BEDD-0183,https://livgpt.vercel.app/mock-catalog/images/harbor-and-home/HAH-BEDD-0183.jpg,,,,new,Home & Garden > Linens & Bedding > Bedding,Home > Bedding,adult,French Linen,15 in,12 in,5 in,3.49 lb,HAH-BEDD-GRP-009,Bedding,Black,XS,US,unisex,in_stock,,,,164,58.97 USD,47.65 USD,2026-07-01/2026-12-31,txcd_99999999,exclusive,,"US:ALL:Standard:3-5:0.00 USD,US:ALL:Expedited:1-2:9.99 USD",US:ALL:Standard:50.00 USD,
HAH-BEDD-0184,Essential Waffle Throw Blanket – White,"The Essential Waffle Throw Blanket from Harbor & Home, crafted in organic cotton, breathable, lived-in softness that gets better with every wash. Shown in White.",https://livgpt.vercel.app/?merchant=harbor-and-home&product=HAH-BEDD-0184,Harbor Living,,HAH-BEDD-0184,https://livgpt.vercel.app/mock-catalog/images/harbor-and-home/HAH-BEDD-0184.jpg,,,,new,Home & Garden > Linens & Bedding > Bedding,Home > Bedding,adult,Organic Cotton,15 in,12 in,5 in,3.74 lb,HAH-BEDD-GRP-010,Bedding,White,XXL,US,unisex,in_stock,,,,97,49.46 USD,39.98 USD,2026-07-01/2026-12-31,txcd_99999999,exclusive,,"US:ALL:Standard:3-5:0.00 USD,US:ALL:Expedited:1-2:9.99 USD",US:ALL:Standard:50.00 USD,
HAH-BEDD-0185,Featherlight Cotton Sheet Set – Slate Gray,"The Featherlight Cotton Sheet Set from Harbor & Home, crafted in organic cotton, breathable, lived-in softness that gets better with every wash. Shown in Slate Gray.",https://livgpt.vercel.app/?merchant=harbor-and-home&product=HAH-BEDD-0185,Harbor Living,,HAH-BEDD-0185,https://livgpt.vercel.app/mock-catalog/images/harbor-and-home/HAH-BEDD-0185.jpg,,,,new,Home & Garden > Linens & Bedding > Bedding,Home > Bedding,adult,Organic Cotton,15 in,12 in,5 in,3.46 lb,HAH-BEDD-GRP-010,Bedding,Slate Gray,M,US,unisex,in_stock,,,,129,176.66 USD,,,txcd_99999999,exclusive,,"US:ALL:Standard:3-5:0.00 USD,US:ALL:Expedited:1-2:9.99 USD",US:ALL:Standard:50.00 USD,
HAH-BEDD-0186,Studio Linen Duvet Cover – Cream,"The Studio Linen Duvet Cover from Harbor & Home, crafted in organic cotton, breathable, lived-in softness that gets better with every wash. Shown in Cream.",https://livgpt.vercel.app/?merchant=harbor-and-home&product=HAH-BEDD-0186,Harbor Living,,HAH-BEDD-0186,https://livgpt.vercel.app/mock-catalog/images/harbor-and-home/HAH-BEDD-0186.jpg,,,,new,Home & Garden > Linens & Bedding > Bedding,Home > Bedding,adult,Organic Cotton,15 in,12 in,5 in,3.78 lb,HAH-BEDD-GRP-011,Bedding,Cream,XL,US,unisex,in_stock,,,,197,98.09 USD,,,txcd_99999999,exclusive,,"US:ALL:Standard:3-5:0.00 USD,US:ALL:Expedited:1-2:9.99 USD",US:ALL:Standard:50.00 USD,
HAH-BEDD-0187,Coastal Linen Duvet Cover – Forest Green,"The Coastal Linen Duvet Cover from Harbor & Home, crafted in organic cotton, breathable, lived-in softness that gets better with every wash. Shown in Forest Green.",https://livgpt.vercel.app/?merchant=harbor-and-home&product=HAH-BEDD-0187,Hearthstone,,HAH-BEDD-0187,https://livgpt.vercel.app/mock-catalog/images/harbor-and-home/HAH-BEDD-0187.jpg,,,,new,Home & Garden > Linens & Bedding > Bedding,Home > Bedding,adult,Organic Cotton,15 in,12 in,5 in,3.24 lb,HAH-BEDD-GRP-011,Bedding,Forest Green,M,US,unisex,in_stock,,,,18,193.73 USD,,,txcd_99999999,exclusive,,"US:ALL:Standard:3-5:0.00 USD,US:ALL:Expedited:1-2:9.99 USD",US:ALL:Standard:50.00 USD,
HAH-BEDD-0188,Alpine Linen Duvet Cover – White,"The Alpine Linen Duvet Cover from Harbor & Home, crafted in french linen, breathable, lived-in softness that gets better with every wash. Shown in White.",https://livgpt.vercel.app/?merchant=harbor-and-home&product=HAH-BEDD-0188,Harbor Living,,HAH-BEDD-0188,https://livgpt.vercel.app/mock-catalog/images/harbor-and-home/HAH-BEDD-0188.jpg,,,,new,Home & Garden > Linens & Bedding > Bedding,Home > Bedding,adult,French Linen,15 in,12 in,5 in,3.31 lb,HAH-BEDD-GRP-012,Bedding,White,S,US,unisex,in_stock,,,,47,186.82 USD,,,txcd_99999999,exclusive,,"US:ALL:Standard:3-5:0.00 USD,US:ALL:Expedited:1-2:9.99 USD",US:ALL:Standard:50.00 USD,
HAH-BEDD-0189,Trail Cotton Sheet Set – Terracotta,"The Trail Cotton Sheet Set from Harbor & Home, crafted in french linen, breathable, lived-in softness that gets better with every wash. Shown in Terracotta.",https://livgpt.vercel.app/?merchant=harbor-and-home&product=HAH-BEDD-0189,Harbor Living,,HAH-BEDD-0189,https://livgpt.vercel.app/mock-catalog/images/harbor-and-home/HAH-BEDD-0189.jpg,,,,new,Home & Garden > Linens & Bedding > Bedding,Home > Bedding,adult,French Linen,15 in,12 in,5 in,3.53 lb,HAH-BEDD-GRP-012,Bedding,Terracotta,S,US,unisex,in_stock,,,,53,172.20 USD,,,txcd_99999999,exclusive,,"US:ALL:Standard:3-5:0.00 USD,US:ALL:Expedited:1-2:9.99 USD",US:ALL:Standard:50.00 USD,
HAH-BEDD-0190,Luxe Waffle Throw Blanket – Cream,"The Luxe Waffle Throw Blanket from Harbor & Home, crafted in french linen, breathable, lived-in softness that gets better with every wash. Shown in Cream.",https://livgpt.vercel.app/?merchant=harbor-and-home&product=HAH-BEDD-0190,Harbor & Home,,HAH-BEDD-0190,https://livgpt.vercel.app/mock-catalog/images/harbor-and-home/HAH-BEDD-0190.jpg,,,,new,Home & Garden > Linens & Bedding > Bedding,Home > Bedding,adult,French Linen,15 in,12 in,5 in,3.46 lb,HAH-BEDD-GRP-013,Bedding,Cream,XL,US,unisex,in_stock,,,,147,119.02 USD,,,txcd_99999999,exclusive,,"US:ALL:Standard:3-5:0.00 USD,US:ALL:Expedited:1-2:9.99 USD",US:ALL:Standard:50.00 USD,
HAH-LOUN-0191,Minimalist Waffle Robe – Slate Gray,"The Minimalist Waffle Robe from Harbor & Home, crafted in brushed cotton, the softest way to unwind at home. Shown in Slate Gray.",https://livgpt.vercel.app/?merchant=harbor-and-home&product=HAH-LOUN-0191,Harbor Living,,HAH-LOUN-0191,https://livgpt.vercel.app/mock-catalog/images/harbor-and-home/HAH-LOUN-0191.jpg,,,,new,Apparel & Accessories > Clothing > Sleepwear & Loungewear,Apparel > Loungewear,adult,Brushed Cotton,12 in,10 in,2 in,1.01 lb,HAH-LOUN-GRP-008,Loungewear,Slate Gray,XXL,US,unisex,in_stock,,,,158,77.24 USD,,,txcd_99999999,exclusive,,"US:ALL:Standard:3-5:0.00 USD,US:ALL:Expedited:1-2:9.99 USD",US:ALL:Standard:50.00 USD,
HAH-LOUN-0192,Premium Waffle Robe – Slate Gray,"The Premium Waffle Robe from Harbor & Home, crafted in waffle knit, the softest way to unwind at home. Shown in Slate Gray.",https://livgpt.vercel.app/?merchant=harbor-and-home&product=HAH-LOUN-0192,Hearthstone,,HAH-LOUN-0192,https://livgpt.vercel.app/mock-catalog/images/harbor-and-home/HAH-LOUN-0192.jpg,,,,new,Apparel & Accessories > Clothing > Sleepwear & Loungewear,Apparel > Loungewear,adult,Waffle Knit,12 in,10 in,2 in,1.06 lb,HAH-LOUN-GRP-009,Loungewear,Slate Gray,L,US,unisex,in_stock,,,,5,91.99 USD,80.75 USD,2026-07-01/2026-12-31,txcd_99999999,exclusive,,"US:ALL:Standard:3-5:0.00 USD,US:ALL:Expedited:1-2:9.99 USD",US:ALL:Standard:50.00 USD,
HAH-LOUN-0193,Luxe Lounge Pants – Burgundy,"The Luxe Lounge Pants from Harbor & Home, crafted in brushed cotton, the softest way to unwind at home. Shown in Burgundy.",https://livgpt.vercel.app/?merchant=harbor-and-home&product=HAH-LOUN-0193,Harbor & Home,,HAH-LOUN-0193,https://livgpt.vercel.app/mock-catalog/images/harbor-and-home/HAH-LOUN-0193.jpg,,,,new,Apparel & Accessories > Clothing > Sleepwear & Loungewear,Apparel > Loungewear,adult,Brushed Cotton,12 in,10 in,2 in,1.02 lb,HAH-LOUN-GRP-009,Loungewear,Burgundy,XS,US,unisex,in_stock,,,,116,92.89 USD,,,txcd_99999999,exclusive,,"US:ALL:Standard:3-5:0.00 USD,US:ALL:Expedited:1-2:9.99 USD",US:ALL:Standard:50.00 USD,
HAH-LOUN-0194,Rugged Knit Cardigan – Slate Gray,"The Rugged Knit Cardigan from Harbor & Home, crafted in brushed cotton, the softest way to unwind at home. Shown in Slate Gray.",https://livgpt.vercel.app/?merchant=harbor-and-home&product=HAH-LOUN-0194,Harbor & Home,,HAH-LOUN-0194,https://livgpt.vercel.app/mock-catalog/images/harbor-and-home/HAH-LOUN-0194.jpg,,,,new,Apparel & Accessories > Clothing > Sleepwear & Loungewear,Apparel > Loungewear,adult,Brushed Cotton,12 in,10 in,2 in,1.02 lb,HAH-LOUN-GRP-010,Loungewear,Slate Gray,M,US,unisex,in_stock,,,,79,90.30 USD,,,txcd_99999999,exclusive,,"US:ALL:Standard:3-5:0.00 USD,US:ALL:Expedited:1-2:9.99 USD",US:ALL:Standard:50.00 USD,
HAH-LOUN-0195,Everyday Lounge Pants – Blush Pink,"The Everyday Lounge Pants from Harbor & Home, crafted in brushed cotton, the softest way to unwind at home. Shown in Blush Pink.",https://livgpt.vercel.app/?merchant=harbor-and-home&product=HAH-LOUN-0195,Harbor & Home,,HAH-LOUN-0195,https://livgpt.vercel.app/mock-catalog/images/harbor-and-home/HAH-LOUN-0195.jpg,,,,new,Apparel & Accessories > Clothing > Sleepwear & Loungewear,Apparel > Loungewear,adult,Brushed Cotton,12 in,10 in,2 in,1.05 lb,HAH-LOUN-GRP-010,Loungewear,Blush Pink,S,US,unisex,in_stock,,,,114,66.78 USD,,,txcd_99999999,exclusive,,"US:ALL:Standard:3-5:0.00 USD,US:ALL:Expedited:1-2:9.99 USD",US:ALL:Standard:50.00 USD,
HAH-LOUN-0196,Minimalist Knit Cardigan – Forest Green,"The Minimalist Knit Cardigan from Harbor & Home, crafted in waffle knit, the softest way to unwind at home. Shown in Forest Green.",https://livgpt.vercel.app/?merchant=harbor-and-home&product=HAH-LOUN-0196,Harbor Living,,HAH-LOUN-0196,https://livgpt.vercel.app/mock-catalog/images/harbor-and-home/HAH-LOUN-0196.jpg,,,,new,Apparel & Accessories > Clothing > Sleepwear & Loungewear,Apparel > Loungewear,adult,Waffle Knit,12 in,10 in,2 in,0.99 lb,HAH-LOUN-GRP-011,Loungewear,Forest Green,L,US,unisex,in_stock,,,,28,55.00 USD,,,txcd_99999999,exclusive,,"US:ALL:Standard:3-5:0.00 USD,US:ALL:Expedited:1-2:9.99 USD",US:ALL:Standard:50.00 USD,
HAH-LOUN-0197,Aero Slipper Socks – Olive,"The Aero Slipper Socks from Harbor & Home, crafted in brushed cotton, the softest way to unwind at home. Shown in Olive.",https://livgpt.vercel.app/?merchant=harbor-and-home&product=HAH-LOUN-0197,Harbor Living,,HAH-LOUN-0197,https://livgpt.vercel.app/mock-catalog/images/harbor-and-home/HAH-LOUN-0197.jpg,,,,new,Apparel & Accessories > Clothing > Sleepwear & Loungewear,Apparel > Loungewear,adult,Brushed Cotton,12 in,10 in,2 in,1.08 lb,HAH-LOUN-GRP-011,Loungewear,Olive,L,US,unisex,in_stock,,,,117,94.99 USD,,,txcd_99999999,exclusive,,"US:ALL:Standard:3-5:0.00 USD,US:ALL:Expedited:1-2:9.99 USD",US:ALL:Standard:50.00 USD,
HAH-LOUN-0198,Rugged Slipper Socks – Sand,"The Rugged Slipper Socks from Harbor & Home, crafted in brushed cotton, the softest way to unwind at home. Shown in Sand.",https://livgpt.vercel.app/?merchant=harbor-and-home&product=HAH-LOUN-0198,Hearthstone,,HAH-LOUN-0198,https://livgpt.vercel.app/mock-catalog/images/harbor-and-home/HAH-LOUN-0198.jpg,,,,new,Apparel & Accessories > Clothing > Sleepwear & Loungewear,Apparel > Loungewear,adult,Brushed Cotton,12 in,10 in,2 in,0.99 lb,HAH-LOUN-GRP-012,Loungewear,Sand,S,US,unisex,in_stock,,,,195,68.31 USD,59.36 USD,2026-07-01/2026-12-31,txcd_99999999,exclusive,,"US:ALL:Standard:3-5:0.00 USD,US:ALL:Expedited:1-2:9.99 USD",US:ALL:Standard:50.00 USD,
HAH-LOUN-0199,Essential Waffle Robe – Cream,"The Essential Waffle Robe from Harbor & Home, crafted in brushed cotton, the softest way to unwind at home. Shown in Cream.",https://livgpt.vercel.app/?merchant=harbor-and-home&product=HAH-LOUN-0199,Harbor Living,,HAH-LOUN-0199,https://livgpt.vercel.app/mock-catalog/images/harbor-and-home/HAH-LOUN-0199.jpg,,,,new,Apparel & Accessories > Clothing > Sleepwear & Loungewear,Apparel > Loungewear,adult,Brushed Cotton,12 in,10 in,2 in,1.2 lb,HAH-LOUN-GRP-012,Loungewear,Cream,M,US,unisex,in_stock,,,,161,84.07 USD,,,txcd_99999999,exclusive,,"US:ALL:Standard:3-5:0.00 USD,US:ALL:Expedited:1-2:9.99 USD",US:ALL:Standard:50.00 USD,
HAH-LOUN-0200,Coastal Slipper Socks – Sky Blue,"The Coastal Slipper Socks from Harbor & Home, crafted in waffle knit, the softest way to unwind at home. Shown in Sky Blue.",https://livgpt.vercel.app/?merchant=harbor-and-home&product=HAH-LOUN-0200,Hearthstone,,HAH-LOUN-0200,https://livgpt.vercel.app/mock-catalog/images/harbor-and-home/HAH-LOUN-0200.jpg,,,,new,Apparel & Accessories > Clothing > Sleepwear & Loungewear,Apparel > Loungewear,adult,Waffle Knit,12 in,10 in,2 in,1.01 lb,HAH-LOUN-GRP-013,Loungewear,Sky Blue,S,US,unisex,in_stock,,,,189,95.84 USD,,,txcd_99999999,exclusive,,"US:ALL:Standard:3-5:0.00 USD,US:ALL:Expedited:1-2:9.99 USD",US:ALL:Standard:50.00 USD,
HAH-WELL-0201,Studio Aromatherapy Set – Sand,"The Studio Aromatherapy Set from Harbor & Home, crafted in cork, to bring a little calm into your daily routine. Shown in Sand.",https://livgpt.vercel.app/?merchant=harbor-and-home&product=HAH-WELL-0201,Harbor & Home,,HAH-WELL-0201,https://livgpt.vercel.app/mock-catalog/images/harbor-and-home/HAH-WELL-0201.jpg,,,,new,Health & Beauty > Health Care,Wellness > Aromatherapy,adult,Cork,4 in,4 in,6 in,0.84 lb,HAH-WELL-GRP-008,Aromatherapy,Sand,,,unisex,in_stock,,,,192,47.50 USD,,,txcd_99999999,exclusive,,"US:ALL:Standard:3-5:0.00 USD,US:ALL:Expedited:1-2:9.99 USD",US:ALL:Standard:50.00 USD,
HAH-WELL-0202,Essential Meditation Cushion – Charcoal,"The Essential Meditation Cushion from Harbor & Home, crafted in cork, to bring a little calm into your daily routine. Shown in Charcoal.",https://livgpt.vercel.app/?merchant=harbor-and-home&product=HAH-WELL-0202,Harbor Living,,HAH-WELL-0202,https://livgpt.vercel.app/mock-catalog/images/harbor-and-home/HAH-WELL-0202.jpg,,,,new,Health & Beauty > Health Care,Wellness > Aromatherapy,adult,Cork,4 in,4 in,6 in,0.95 lb,HAH-WELL-GRP-009,Aromatherapy,Charcoal,,,unisex,in_stock,,,,204,43.76 USD,,,txcd_99999999,exclusive,,"US:ALL:Standard:3-5:0.00 USD,US:ALL:Expedited:1-2:9.99 USD",US:ALL:Standard:50.00 USD,
HAH-WELL-0203,Everyday Aromatherapy Set – Navy,"The Everyday Aromatherapy Set from Harbor & Home, crafted in bamboo, to bring a little calm into your daily routine. Shown in Navy.",https://livgpt.vercel.app/?merchant=harbor-and-home&product=HAH-WELL-0203,Hearthstone,,HAH-WELL-0203,https://livgpt.vercel.app/mock-catalog/images/harbor-and-home/HAH-WELL-0203.jpg,,,,new,Health & Beauty > Health Care,Wellness > Aromatherapy,adult,Bamboo,4 in,4 in,6 in,0.99 lb,HAH-WELL-GRP-009,Aromatherapy,Navy,,,unisex,in_stock,,,,82,87.78 USD,,,txcd_99999999,exclusive,,"US:ALL:Standard:3-5:0.00 USD,US:ALL:Expedited:1-2:9.99 USD",US:ALL:Standard:50.00 USD,
HAH-WELL-0204,Premium Yoga Mat – Forest Green,"The Premium Yoga Mat from Harbor & Home, crafted in bamboo, to bring a little calm into your daily routine. Shown in Forest Green.",https://livgpt.vercel.app/?merchant=harbor-and-home&product=HAH-WELL-0204,Hearthstone,,HAH-WELL-0204,https://livgpt.vercel.app/mock-catalog/images/harbor-and-home/HAH-WELL-0204.jpg,,,,new,Health & Beauty > Health Care,Wellness > Aromatherapy,adult,Bamboo,4 in,4 in,6 in,0.9 lb,HAH-WELL-GRP-010,Aromatherapy,Forest Green,,,unisex,in_stock,,,,230,78.55 USD,,,txcd_99999999,exclusive,,"US:ALL:Standard:3-5:0.00 USD,US:ALL:Expedited:1-2:9.99 USD",US:ALL:Standard:50.00 USD,
HAH-WELL-0205,Pro Aromatherapy Set – Cream,"The Pro Aromatherapy Set from Harbor & Home, crafted in cork, to bring a little calm into your daily routine. Shown in Cream.",https://livgpt.vercel.app/?merchant=harbor-and-home&product=HAH-WELL-0205,Harbor Living,,HAH-WELL-0205,https://livgpt.vercel.app/mock-catalog/images/harbor-and-home/HAH-WELL-0205.jpg,,,,new,Health & Beauty > Health Care,Wellness > Aromatherapy,adult,Cork,4 in,4 in,6 in,0.84 lb,HAH-WELL-GRP-010,Aromatherapy,Cream,,,unisex,in_stock,,,,48,24.25 USD,,,txcd_99999999,exclusive,,"US:ALL:Standard:3-5:0.00 USD,US:ALL:Expedited:1-2:9.99 USD",US:ALL:Standard:50.00 USD,
HAH-WELL-0206,Terra Meditation Cushion – Navy,"The Terra Meditation Cushion from Harbor & Home, crafted in bamboo, to bring a little calm into your daily routine. Shown in Navy.",https://livgpt.vercel.app/?merchant=harbor-and-home&product=HAH-WELL-0206,Harbor Living,,HAH-WELL-0206,https://livgpt.vercel.app/mock-catalog/images/harbor-and-home/HAH-WELL-0206.jpg,,,,new,Health & Beauty > Health Care,Wellness > Aromatherapy,adult,Bamboo,4 in,4 in,6 in,0.97 lb,HAH-WELL-GRP-011,Aromatherapy,Navy,,,unisex,in_stock,,,,234,80.83 USD,,,txcd_99999999,exclusive,,"US:ALL:Standard:3-5:0.00 USD,US:ALL:Expedited:1-2:9.99 USD",US:ALL:Standard:50.00 USD,
HAH-WELL-0207,Luxe Essential Oil Diffuser – Sand,"The Luxe Essential Oil Diffuser from Harbor & Home, crafted in bamboo, to bring a little calm into your daily routine. Shown in Sand.",https://livgpt.vercel.app/?merchant=harbor-and-home&product=HAH-WELL-0207,Hearthstone,,HAH-WELL-0207,https://livgpt.vercel.app/mock-catalog/images/harbor-and-home/HAH-WELL-0207.jpg,,,,new,Health & Beauty > Health Care,Wellness > Aromatherapy,adult,Bamboo,4 in,4 in,6 in,0.99 lb,HAH-WELL-GRP-011,Aromatherapy,Sand,,,unisex,in_stock,,,,27,38.77 USD,33.92 USD,2026-07-01/2026-12-31,txcd_99999999,exclusive,,"US:ALL:Standard:3-5:0.00 USD,US:ALL:Expedited:1-2:9.99 USD",US:ALL:Standard:50.00 USD,
HAH-WELL-0208,Studio Yoga Mat – Olive,"The Studio Yoga Mat from Harbor & Home, crafted in cork, to bring a little calm into your daily routine. Shown in Olive.",https://livgpt.vercel.app/?merchant=harbor-and-home&product=HAH-WELL-0208,Hearthstone,,HAH-WELL-0208,https://livgpt.vercel.app/mock-catalog/images/harbor-and-home/HAH-WELL-0208.jpg,,,,new,Health & Beauty > Health Care,Wellness > Aromatherapy,adult,Cork,4 in,4 in,6 in,0.97 lb,HAH-WELL-GRP-012,Aromatherapy,Olive,,,unisex,in_stock,,,,19,66.58 USD,,,txcd_99999999,exclusive,,"US:ALL:Standard:3-5:0.00 USD,US:ALL:Expedited:1-2:9.99 USD",US:ALL:Standard:50.00 USD,
HAH-WELL-0209,Urban Essential Oil Diffuser – White,"The Urban Essential Oil Diffuser from Harbor & Home, crafted in bamboo, to bring a little calm into your daily routine. Shown in White.",https://livgpt.vercel.app/?merchant=harbor-and-home&product=HAH-WELL-0209,Harbor Living,,HAH-WELL-0209,https://livgpt.vercel.app/mock-catalog/images/harbor-and-home/HAH-WELL-0209.jpg,,,,new,Health & Beauty > Health Care,Wellness > Aromatherapy,adult,Bamboo,4 in,4 in,6 in,0.81 lb,HAH-WELL-GRP-012,Aromatherapy,White,,,unisex,in_stock,,,,183,32.48 USD,,,txcd_99999999,exclusive,,"US:ALL:Standard:3-5:0.00 USD,US:ALL:Expedited:1-2:9.99 USD",US:ALL:Standard:50.00 USD,
HAH-WELL-0210,Aero Yoga Mat – Slate Gray,"The Aero Yoga Mat from Harbor & Home, crafted in bamboo, to bring a little calm into your daily routine. Shown in Slate Gray.",https://livgpt.vercel.app/?merchant=harbor-and-home&product=HAH-WELL-0210,Harbor Living,,HAH-WELL-0210,https://livgpt.vercel.app/mock-catalog/images/harbor-and-home/HAH-WELL-0210.jpg,,,,new,Health & Beauty > Health Care,Wellness > Aromatherapy,adult,Bamboo,4 in,4 in,6 in,0.93 lb,HAH-WELL-GRP-013,Aromatherapy,Slate Gray,,,unisex,in_stock,,,,199,51.12 USD,,,txcd_99999999,exclusive,,"US:ALL:Standard:3-5:0.00 USD,US:ALL:Expedited:1-2:9.99 USD",US:ALL:Standard:50.00 USD,
HAH-TUMB-0211,Signature Travel Mug – Forest Green,"The Signature Travel Mug from Harbor & Home, crafted in stainless steel, double-walled to keep drinks hot or cold for hours. Shown in Forest Green.",https://livgpt.vercel.app/?merchant=harbor-and-home&product=HAH-TUMB-0211,Harbor Living,,HAH-TUMB-0211,https://livgpt.vercel.app/mock-catalog/images/harbor-and-home/HAH-TUMB-0211.jpg,,,,new,Home & Garden > Kitchen & Dining > Food & Beverage Carriers > Water Bottles,Drinkware > Tumblers,adult,Stainless Steel,4 in,4 in,8 in,0.96 lb,HAH-TUMB-GRP-008,Tumblers,Forest Green,,,unisex,in_stock,,,,132,25.68 USD,19.82 USD,2026-07-01/2026-12-31,txcd_99999999,exclusive,,"US:ALL:Standard:3-5:0.00 USD,US:ALL:Expedited:1-2:9.99 USD",US:ALL:Standard:50.00 USD,
HAH-TUMB-0212,Premium Travel Mug – Navy,"The Premium Travel Mug from Harbor & Home, crafted in borosilicate glass, double-walled to keep drinks hot or cold for hours. Shown in Navy.",https://livgpt.vercel.app/?merchant=harbor-and-home&product=HAH-TUMB-0212,Harbor Living,,HAH-TUMB-0212,https://livgpt.vercel.app/mock-catalog/images/harbor-and-home/HAH-TUMB-0212.jpg,,,,new,Home & Garden > Kitchen & Dining > Food & Beverage Carriers > Water Bottles,Drinkware > Tumblers,adult,Borosilicate Glass,4 in,4 in,8 in,0.96 lb,HAH-TUMB-GRP-009,Tumblers,Navy,,,unisex,in_stock,,,,108,32.62 USD,,,txcd_99999999,exclusive,,"US:ALL:Standard:3-5:0.00 USD,US:ALL:Expedited:1-2:9.99 USD",US:ALL:Standard:50.00 USD,
HAH-TUMB-0213,Luxe Travel Mug – Olive,"The Luxe Travel Mug from Harbor & Home, crafted in borosilicate glass, double-walled to keep drinks hot or cold for hours. Shown in Olive.",https://livgpt.vercel.app/?merchant=harbor-and-home&product=HAH-TUMB-0213,Harbor Living,,HAH-TUMB-0213,https://livgpt.vercel.app/mock-catalog/images/harbor-and-home/HAH-TUMB-0213.jpg,,,,new,Home & Garden > Kitchen & Dining > Food & Beverage Carriers > Water Bottles,Drinkware > Tumblers,adult,Borosilicate Glass,4 in,4 in,8 in,0.98 lb,HAH-TUMB-GRP-009,Tumblers,Olive,,,unisex,in_stock,,,,48,34.59 USD,27.76 USD,2026-07-01/2026-12-31,txcd_99999999,exclusive,,"US:ALL:Standard:3-5:0.00 USD,US:ALL:Expedited:1-2:9.99 USD",US:ALL:Standard:50.00 USD,
HAH-TUMB-0214,Pro Insulated Tumbler – Terracotta,"The Pro Insulated Tumbler from Harbor & Home, crafted in stainless steel, double-walled to keep drinks hot or cold for hours. Shown in Terracotta.",https://livgpt.vercel.app/?merchant=harbor-and-home&product=HAH-TUMB-0214,Hearthstone,,HAH-TUMB-0214,https://livgpt.vercel.app/mock-catalog/images/harbor-and-home/HAH-TUMB-0214.jpg,,,,new,Home & Garden > Kitchen & Dining > Food & Beverage Carriers > Water Bottles,Drinkware > Tumblers,adult,Stainless Steel,4 in,4 in,8 in,1.0 lb,HAH-TUMB-GRP-010,Tumblers,Terracotta,,,unisex,in_stock,,,,200,22.18 USD,,,txcd_99999999,exclusive,,"US:ALL:Standard:3-5:0.00 USD,US:ALL:Expedited:1-2:9.99 USD",US:ALL:Standard:50.00 USD,
HAH-TUMB-0215,Rugged Insulated Tumbler – Navy,"The Rugged Insulated Tumbler from Harbor & Home, crafted in stainless steel, double-walled to keep drinks hot or cold for hours. Shown in Navy.",https://livgpt.vercel.app/?merchant=harbor-and-home&product=HAH-TUMB-0215,Harbor & Home,,HAH-TUMB-0215,https://livgpt.vercel.app/mock-catalog/images/harbor-and-home/HAH-TUMB-0215.jpg,,,,new,Home & Garden > Kitchen & Dining > Food & Beverage Carriers > Water Bottles,Drinkware > Tumblers,adult,Stainless Steel,4 in,4 in,8 in,0.91 lb,HAH-TUMB-GRP-010,Tumblers,Navy,,,unisex,in_stock,,,,249,33.60 USD,,,txcd_99999999,exclusive,,"US:ALL:Standard:3-5:0.00 USD,US:ALL:Expedited:1-2:9.99 USD",US:ALL:Standard:50.00 USD,
HAH-TUMB-0216,Premium Insulated Tumbler – Burgundy,"The Premium Insulated Tumbler from Harbor & Home, crafted in stainless steel, double-walled to keep drinks hot or cold for hours. Shown in Burgundy.",https://livgpt.vercel.app/?merchant=harbor-and-home&product=HAH-TUMB-0216,Harbor & Home,,HAH-TUMB-0216,https://livgpt.vercel.app/mock-catalog/images/harbor-and-home/HAH-TUMB-0216.jpg,,,,new,Home & Garden > Kitchen & Dining > Food & Beverage Carriers > Water Bottles,Drinkware > Tumblers,adult,Stainless Steel,4 in,4 in,8 in,1.02 lb,HAH-TUMB-GRP-011,Tumblers,Burgundy,,,unisex,in_stock,,,,174,37.56 USD,,,txcd_99999999,exclusive,,"US:ALL:Standard:3-5:0.00 USD,US:ALL:Expedited:1-2:9.99 USD",US:ALL:Standard:50.00 USD,
HAH-TUMB-0217,Heritage Glass Water Bottle – Slate Gray,"The Heritage Glass Water Bottle from Harbor & Home, crafted in stainless steel, double-walled to keep drinks hot or cold for hours. Shown in Slate Gray.",https://livgpt.vercel.app/?merchant=harbor-and-home&product=HAH-TUMB-0217,Harbor & Home,,HAH-TUMB-0217,https://livgpt.vercel.app/mock-catalog/images/harbor-and-home/HAH-TUMB-0217.jpg,,,,new,Home & Garden > Kitchen & Dining > Food & Beverage Carriers > Water Bottles,Drinkware > Tumblers,adult,Stainless Steel,4 in,4 in,8 in,1.05 lb,HAH-TUMB-GRP-011,Tumblers,Slate Gray,,,unisex,in_stock,,,,140,28.33 USD,21.27 USD,2026-07-01/2026-12-31,txcd_99999999,exclusive,,"US:ALL:Standard:3-5:0.00 USD,US:ALL:Expedited:1-2:9.99 USD",US:ALL:Standard:50.00 USD,
HAH-TUMB-0218,Studio Glass Water Bottle – Cream,"The Studio Glass Water Bottle from Harbor & Home, crafted in stainless steel, double-walled to keep drinks hot or cold for hours. Shown in Cream.",https://livgpt.vercel.app/?merchant=harbor-and-home&product=HAH-TUMB-0218,Harbor & Home,,HAH-TUMB-0218,https://livgpt.vercel.app/mock-catalog/images/harbor-and-home/HAH-TUMB-0218.jpg,,,,new,Home & Garden > Kitchen & Dining > Food & Beverage Carriers > Water Bottles,Drinkware > Tumblers,adult,Stainless Steel,4 in,4 in,8 in,0.92 lb,HAH-TUMB-GRP-012,Tumblers,Cream,,,unisex,in_stock,,,,150,34.03 USD,,,txcd_99999999,exclusive,,"US:ALL:Standard:3-5:0.00 USD,US:ALL:Expedited:1-2:9.99 USD",US:ALL:Standard:50.00 USD,
HAH-TUMB-0219,Classic Insulated Tumbler – Burgundy,"The Classic Insulated Tumbler from Harbor & Home, crafted in stainless steel, double-walled to keep drinks hot or cold for hours. Shown in Burgundy.",https://livgpt.vercel.app/?merchant=harbor-and-home&product=HAH-TUMB-0219,Harbor Living,,HAH-TUMB-0219,https://livgpt.vercel.app/mock-catalog/images/harbor-and-home/HAH-TUMB-0219.jpg,,,,new,Home & Garden > Kitchen & Dining > Food & Beverage Carriers > Water Bottles,Drinkware > Tumblers,adult,Stainless Steel,4 in,4 in,8 in,0.93 lb,HAH-TUMB-GRP-012,Tumblers,Burgundy,,,unisex,in_stock,,,,202,34.87 USD,,,txcd_99999999,exclusive,,"US:ALL:Standard:3-5:0.00 USD,US:ALL:Expedited:1-2:9.99 USD",US:ALL:Standard:50.00 USD,
HAH-TUMB-0220,Pro Travel Mug – Sky Blue,"The Pro Travel Mug from Harbor & Home, crafted in borosilicate glass, double-walled to keep drinks hot or cold for hours. Shown in Sky Blue.",https://livgpt.vercel.app/?merchant=harbor-and-home&product=HAH-TUMB-0220,Hearthstone,,HAH-TUMB-0220,https://livgpt.vercel.app/mock-catalog/images/harbor-and-home/HAH-TUMB-0220.jpg,,,,new,Home & Garden > Kitchen & Dining > Food & Beverage Carriers > Water Bottles,Drinkware > Tumblers,adult,Borosilicate Glass,4 in,4 in,8 in,1.1 lb,HAH-TUMB-GRP-013,Tumblers,Sky Blue,,,unisex,in_stock,,,,73,44.86 USD,,,txcd_99999999,exclusive,,"US:ALL:Standard:3-5:0.00 USD,US:ALL:Expedited:1-2:9.99 USD",US:ALL:Standard:50.00 USD,
HAH-KITC-0221,Signature Cutting Board,"The Signature Cutting Board from Harbor & Home, crafted in stainless steel, the dependable tools every kitchen needs.",https://livgpt.vercel.app/?merchant=harbor-and-home&product=HAH-KITC-0221,Harbor & Home,,HAH-KITC-0221,https://livgpt.vercel.app/mock-catalog/images/harbor-and-home/HAH-KITC-0221.jpg,,,,new,Home & Garden > Kitchen & Dining > Kitchen Tools & Utensils,Kitchen > Tools,adult,Stainless Steel,13 in,5 in,3 in,1.41 lb,HAH-KITC-GRP-008,Tools,,,,unisex,in_stock,,,,75,64.88 USD,57.02 USD,2026-07-01/2026-12-31,txcd_99999999,exclusive,,"US:ALL:Standard:3-5:0.00 USD,US:ALL:Expedited:1-2:9.99 USD",US:ALL:Standard:50.00 USD,
HAH-KITC-0222,Rugged Measuring Cups,"The Rugged Measuring Cups from Harbor & Home, crafted in acacia wood, the dependable tools every kitchen needs.",https://livgpt.vercel.app/?merchant=harbor-and-home&product=HAH-KITC-0222,Harbor Living,,HAH-KITC-0222,https://livgpt.vercel.app/mock-catalog/images/harbor-and-home/HAH-KITC-0222.jpg,,,,new,Home & Garden > Kitchen & Dining > Kitchen Tools & Utensils,Kitchen > Tools,adult,Acacia Wood,13 in,5 in,3 in,1.29 lb,HAH-KITC-GRP-009,Tools,,,,unisex,in_stock,,,,209,25.16 USD,,,txcd_99999999,exclusive,,"US:ALL:Standard:3-5:0.00 USD,US:ALL:Expedited:1-2:9.99 USD",US:ALL:Standard:50.00 USD,
HAH-KITC-0223,Trail Knife Block Set,"The Trail Knife Block Set from Harbor & Home, crafted in acacia wood, the dependable tools every kitchen needs.",https://livgpt.vercel.app/?merchant=harbor-and-home&product=HAH-KITC-0223,Hearthstone,,HAH-KITC-0223,https://livgpt.vercel.app/mock-catalog/images/harbor-and-home/HAH-KITC-0223.jpg,,,,new,Home & Garden > Kitchen & Dining > Kitchen Tools & Utensils,Kitchen > Tools,adult,Acacia Wood,13 in,5 in,3 in,1.51 lb,HAH-KITC-GRP-009,Tools,,,,unisex,in_stock,,,,113,54.42 USD,44.12 USD,2026-07-01/2026-12-31,txcd_99999999,exclusive,,"US:ALL:Standard:3-5:0.00 USD,US:ALL:Expedited:1-2:9.99 USD",US:ALL:Standard:50.00 USD,
HAH-KITC-0224,Terra Utensil Set,"The Terra Utensil Set from Harbor & Home, crafted in acacia wood, the dependable tools every kitchen needs.",https://livgpt.vercel.app/?merchant=harbor-and-home&product=HAH-KITC-0224,Hearthstone,,HAH-KITC-0224,https://livgpt.vercel.app/mock-catalog/images/harbor-and-home/HAH-KITC-0224.jpg,,,,new,Home & Garden > Kitchen & Dining > Kitchen Tools & Utensils,Kitchen > Tools,adult,Acacia Wood,13 in,5 in,3 in,1.36 lb,HAH-KITC-GRP-010,Tools,,,,unisex,in_stock,,,,63,36.35 USD,28.12 USD,2026-07-01/2026-12-31,txcd_99999999,exclusive,,"US:ALL:Standard:3-5:0.00 USD,US:ALL:Expedited:1-2:9.99 USD",US:ALL:Standard:50.00 USD,
HAH-KITC-0225,Nova Knife Block Set,"The Nova Knife Block Set from Harbor & Home, crafted in stainless steel, the dependable tools every kitchen needs.",https://livgpt.vercel.app/?merchant=harbor-and-home&product=HAH-KITC-0225,Hearthstone,,HAH-KITC-0225,https://livgpt.vercel.app/mock-catalog/images/harbor-and-home/HAH-KITC-0225.jpg,,,,new,Home & Garden > Kitchen & Dining > Kitchen Tools & Utensils,Kitchen > Tools,adult,Stainless Steel,13 in,5 in,3 in,1.34 lb,HAH-KITC-GRP-010,Tools,,,,unisex,in_stock,,,,131,15.75 USD,,,txcd_99999999,exclusive,,"US:ALL:Standard:3-5:0.00 USD,US:ALL:Expedited:1-2:9.99 USD",US:ALL:Standard:50.00 USD,
HAH-KITC-0226,Heritage Knife Block Set,"The Heritage Knife Block Set from Harbor & Home, crafted in acacia wood, the dependable tools every kitchen needs.",https://livgpt.vercel.app/?merchant=harbor-and-home&product=HAH-KITC-0226,Harbor Living,,HAH-KITC-0226,https://livgpt.vercel.app/mock-catalog/images/harbor-and-home/HAH-KITC-0226.jpg,,,,new,Home & Garden > Kitchen & Dining > Kitchen Tools & Utensils,Kitchen > Tools,adult,Acacia Wood,13 in,5 in,3 in,1.53 lb,HAH-KITC-GRP-011,Tools,,,,unisex,in_stock,,,,195,63.05 USD,,,txcd_99999999,exclusive,,"US:ALL:Standard:3-5:0.00 USD,US:ALL:Expedited:1-2:9.99 USD",US:ALL:Standard:50.00 USD,
HAH-KITC-0227,Premium Knife Block Set,"The Premium Knife Block Set from Harbor & Home, crafted in acacia wood, the dependable tools every kitchen needs.",https://livgpt.vercel.app/?merchant=harbor-and-home&product=HAH-KITC-0227,Harbor Living,,HAH-KITC-0227,https://livgpt.vercel.app/mock-catalog/images/harbor-and-home/HAH-KITC-0227.jpg,,,,new,Home & Garden > Kitchen & Dining > Kitchen Tools & Utensils,Kitchen > Tools,adult,Acacia Wood,13 in,5 in,3 in,1.26 lb,HAH-KITC-GRP-011,Tools,,,,unisex,in_stock,,,,168,35.14 USD,28.42 USD,2026-07-01/2026-12-31,txcd_99999999,exclusive,,"US:ALL:Standard:3-5:0.00 USD,US:ALL:Expedited:1-2:9.99 USD",US:ALL:Standard:50.00 USD,
HAH-KITC-0228,Aero Cutting Board,"The Aero Cutting Board from Harbor & Home, crafted in stainless steel, the dependable tools every kitchen needs.",https://livgpt.vercel.app/?merchant=harbor-and-home&product=HAH-KITC-0228,Harbor Living,,HAH-KITC-0228,https://livgpt.vercel.app/mock-catalog/images/harbor-and-home/HAH-KITC-0228.jpg,,,,new,Home & Garden > Kitchen & Dining > Kitchen Tools & Utensils,Kitchen > Tools,adult,Stainless Steel,13 in,5 in,3 in,1.54 lb,HAH-KITC-GRP-012,Tools,,,,unisex,in_stock,,,,121,58.71 USD,,,txcd_99999999,exclusive,,"US:ALL:Standard:3-5:0.00 USD,US:ALL:Expedited:1-2:9.99 USD",US:ALL:Standard:50.00 USD,
HAH-KITC-0229,Alpine Knife Block Set,"The Alpine Knife Block Set from Harbor & Home, crafted in acacia wood, the dependable tools every kitchen needs.",https://livgpt.vercel.app/?merchant=harbor-and-home&product=HAH-KITC-0229,Harbor Living,,HAH-KITC-0229,https://livgpt.vercel.app/mock-catalog/images/harbor-and-home/HAH-KITC-0229.jpg,,,,new,Home & Garden > Kitchen & Dining > Kitchen Tools & Utensils,Kitchen > Tools,adult,Acacia Wood,13 in,5 in,3 in,1.47 lb,HAH-KITC-GRP-012,Tools,,,,unisex,in_stock,,,,196,49.04 USD,,,txcd_99999999,exclusive,,"US:ALL:Standard:3-5:0.00 USD,US:ALL:Expedited:1-2:9.99 USD",US:ALL:Standard:50.00 USD,
HAH-KITC-0230,Essential Measuring Cups,"The Essential Measuring Cups from Harbor & Home, crafted in stainless steel, the dependable tools every kitchen needs.",https://livgpt.vercel.app/?merchant=harbor-and-home&product=HAH-KITC-0230,Hearthstone,,HAH-KITC-0230,https://livgpt.vercel.app/mock-catalog/images/harbor-and-home/HAH-KITC-0230.jpg,,,,new,Home & Garden > Kitchen & Dining > Kitchen Tools & Utensils,Kitchen > Tools,adult,Stainless Steel,13 in,5 in,3 in,1.41 lb,HAH-KITC-GRP-013,Tools,,,,unisex,in_stock,,,,191,30.75 USD,,,txcd_99999999,exclusive,,"US:ALL:Standard:3-5:0.00 USD,US:ALL:Expedited:1-2:9.99 USD",US:ALL:Standard:50.00 USD,
HAH-STOR-0231,Studio Shelf Organizer – Cream,"The Studio Shelf Organizer from Harbor & Home, crafted in seagrass, tidy, natural storage that looks good on the shelf. Shown in Cream.",https://livgpt.vercel.app/?merchant=harbor-and-home&product=HAH-STOR-0231,Harbor & Home,,HAH-STOR-0231,https://livgpt.vercel.app/mock-catalog/images/harbor-and-home/HAH-STOR-0231.jpg,,,,new,Home & Garden > Household Supplies > Storage & Organization,Home > Storage,adult,Seagrass,16 in,12 in,10 in,2.42 lb,HAH-STOR-GRP-008,Storage,Cream,,,unisex,in_stock,,,,237,65.24 USD,,,txcd_99999999,exclusive,,"US:ALL:Standard:3-5:0.00 USD,US:ALL:Expedited:1-2:9.99 USD",US:ALL:Standard:50.00 USD,
HAH-STOR-0232,Minimalist Storage Bin Set – Cream,"The Minimalist Storage Bin Set from Harbor & Home, crafted in seagrass, tidy, natural storage that looks good on the shelf. Shown in Cream.",https://livgpt.vercel.app/?merchant=harbor-and-home&product=HAH-STOR-0232,Harbor & Home,,HAH-STOR-0232,https://livgpt.vercel.app/mock-catalog/images/harbor-and-home/HAH-STOR-0232.jpg,,,,new,Home & Garden > Household Supplies > Storage & Organization,Home > Storage,adult,Seagrass,16 in,12 in,10 in,2.63 lb,HAH-STOR-GRP-009,Storage,Cream,,,unisex,in_stock,,,,211,44.64 USD,,,txcd_99999999,exclusive,,"US:ALL:Standard:3-5:0.00 USD,US:ALL:Expedited:1-2:9.99 USD",US:ALL:Standard:50.00 USD,
HAH-STOR-0233,Terra Storage Bin Set – Olive,"The Terra Storage Bin Set from Harbor & Home, crafted in bamboo, tidy, natural storage that looks good on the shelf. Shown in Olive.",https://livgpt.vercel.app/?merchant=harbor-and-home&product=HAH-STOR-0233,Harbor Living,,HAH-STOR-0233,https://livgpt.vercel.app/mock-catalog/images/harbor-and-home/HAH-STOR-0233.jpg,,,,new,Home & Garden > Household Supplies > Storage & Organization,Home > Storage,adult,Bamboo,16 in,12 in,10 in,2.63 lb,HAH-STOR-GRP-009,Storage,Olive,,,unisex,in_stock,,,,136,68.34 USD,,,txcd_99999999,exclusive,,"US:ALL:Standard:3-5:0.00 USD,US:ALL:Expedited:1-2:9.99 USD",US:ALL:Standard:50.00 USD,
HAH-STOR-0234,Studio Woven Basket – Forest Green,"The Studio Woven Basket from Harbor & Home, crafted in bamboo, tidy, natural storage that looks good on the shelf. Shown in Forest Green.",https://livgpt.vercel.app/?merchant=harbor-and-home&product=HAH-STOR-0234,Harbor & Home,,HAH-STOR-0234,https://livgpt.vercel.app/mock-catalog/images/harbor-and-home/HAH-STOR-0234.jpg,,,,new,Home & Garden > Household Supplies > Storage & Organization,Home > Storage,adult,Bamboo,16 in,12 in,10 in,2.65 lb,HAH-STOR-GRP-010,Storage,Forest Green,,,unisex,in_stock,,,,143,36.72 USD,,,txcd_99999999,exclusive,,"US:ALL:Standard:3-5:0.00 USD,US:ALL:Expedited:1-2:9.99 USD",US:ALL:Standard:50.00 USD,
HAH-STOR-0235,Coastal Woven Basket – Terracotta,"The Coastal Woven Basket from Harbor & Home, crafted in seagrass, tidy, natural storage that looks good on the shelf. Shown in Terracotta.",https://livgpt.vercel.app/?merchant=harbor-and-home&product=HAH-STOR-0235,Harbor Living,,HAH-STOR-0235,https://livgpt.vercel.app/mock-catalog/images/harbor-and-home/HAH-STOR-0235.jpg,,,,new,Home & Garden > Household Supplies > Storage & Organization,Home > Storage,adult,Seagrass,16 in,12 in,10 in,2.55 lb,HAH-STOR-GRP-010,Storage,Terracotta,,,unisex,in_stock,,,,90,60.49 USD,46.06 USD,2026-07-01/2026-12-31,txcd_99999999,exclusive,,"US:ALL:Standard:3-5:0.00 USD,US:ALL:Expedited:1-2:9.99 USD",US:ALL:Standard:50.00 USD,
HAH-STOR-0236,Urban Storage Bin Set – White,"The Urban Storage Bin Set from Harbor & Home, crafted in bamboo, tidy, natural storage that looks good on the shelf. Shown in White.",https://livgpt.vercel.app/?merchant=harbor-and-home&product=HAH-STOR-0236,Hearthstone,,HAH-STOR-0236,https://livgpt.vercel.app/mock-catalog/images/harbor-and-home/HAH-STOR-0236.jpg,,,,new,Home & Garden > Household Supplies > Storage & Organization,Home > Storage,adult,Bamboo,16 in,12 in,10 in,2.73 lb,HAH-STOR-GRP-011,Storage,White,,,unisex,in_stock,,,,135,73.17 USD,,,txcd_99999999,exclusive,,"US:ALL:Standard:3-5:0.00 USD,US:ALL:Expedited:1-2:9.99 USD",US:ALL:Standard:50.00 USD,
HAH-STOR-0237,Luxe Glass Jar Set – Blush Pink,"The Luxe Glass Jar Set from Harbor & Home, crafted in seagrass, tidy, natural storage that looks good on the shelf. Shown in Blush Pink.",https://livgpt.vercel.app/?merchant=harbor-and-home&product=HAH-STOR-0237,Harbor Living,,HAH-STOR-0237,https://livgpt.vercel.app/mock-catalog/images/harbor-and-home/HAH-STOR-0237.jpg,,,,new,Home & Garden > Household Supplies > Storage & Organization,Home > Storage,adult,Seagrass,16 in,12 in,10 in,2.55 lb,HAH-STOR-GRP-011,Storage,Blush Pink,,,unisex,in_stock,,,,119,25.92 USD,,,txcd_99999999,exclusive,,"US:ALL:Standard:3-5:0.00 USD,US:ALL:Expedited:1-2:9.99 USD",US:ALL:Standard:50.00 USD,
HAH-STOR-0238,Pro Woven Basket – Cream,"The Pro Woven Basket from Harbor & Home, crafted in seagrass, tidy, natural storage that looks good on the shelf. Shown in Cream.",https://livgpt.vercel.app/?merchant=harbor-and-home&product=HAH-STOR-0238,Harbor Living,,HAH-STOR-0238,https://livgpt.vercel.app/mock-catalog/images/harbor-and-home/HAH-STOR-0238.jpg,,,,new,Home & Garden > Household Supplies > Storage & Organization,Home > Storage,adult,Seagrass,16 in,12 in,10 in,2.6 lb,HAH-STOR-GRP-012,Storage,Cream,,,unisex,in_stock,,,,40,45.06 USD,,,txcd_99999999,exclusive,,"US:ALL:Standard:3-5:0.00 USD,US:ALL:Expedited:1-2:9.99 USD",US:ALL:Standard:50.00 USD,
HAH-STOR-0239,Premium Storage Bin Set – Black,"The Premium Storage Bin Set from Harbor & Home, crafted in seagrass, tidy, natural storage that looks good on the shelf. Shown in Black.",https://livgpt.vercel.app/?merchant=harbor-and-home&product=HAH-STOR-0239,Harbor Living,,HAH-STOR-0239,https://livgpt.vercel.app/mock-catalog/images/harbor-and-home/HAH-STOR-0239.jpg,,,,new,Home & Garden > Household Supplies > Storage & Organization,Home > Storage,adult,Seagrass,16 in,12 in,10 in,2.47 lb,HAH-STOR-GRP-012,Storage,Black,,,unisex,in_stock,,,,126,39.40 USD,,,txcd_99999999,exclusive,,"US:ALL:Standard:3-5:0.00 USD,US:ALL:Expedited:1-2:9.99 USD",US:ALL:Standard:50.00 USD,
HAH-STOR-0240,Alpine Glass Jar Set – Olive,"The Alpine Glass Jar Set from Harbor & Home, crafted in seagrass, tidy, natural storage that looks good on the shelf. Shown in Olive.",https://livgpt.vercel.app/?merchant=harbor-and-home&product=HAH-STOR-0240,Harbor Living,,HAH-STOR-0240,https://livgpt.vercel.app/mock-catalog/images/harbor-and-home/HAH-STOR-0240.jpg,,,,new,Home & Garden > Household Supplies > Storage & Organization,Home > Storage,adult,Seagrass,16 in,12 in,10 in,2.34 lb,HAH-STOR-GRP-013,Storage,Olive,,,unisex,in_stock,,,,67,66.35 USD,,,txcd_99999999,exclusive,,"US:ALL:Standard:3-5:0.00 USD,US:ALL:Expedited:1-2:9.99 USD",US:ALL:Standard:50.00 USD,
HAH-LINE-0241,Rugged Linen Napkin Set – Cream,"The Rugged Linen Napkin Set from Harbor & Home, crafted in french linen, elevate the table for everyday and gatherings alike. Shown in Cream.",https://livgpt.vercel.app/?merchant=harbor-and-home&product=HAH-LINE-0241,Harbor & Home,,HAH-LINE-0241,https://livgpt.vercel.app/mock-catalog/images/harbor-and-home/HAH-LINE-0241.jpg,,,,new,Home & Garden > Linens & Bedding > Table Linens,Home > Table Linens,adult,French Linen,15 in,12 in,5 in,3.56 lb,HAH-LINE-GRP-008,Table Linens,Cream,,,unisex,in_stock,,,,204,27.39 USD,,,txcd_99999999,exclusive,,"US:ALL:Standard:3-5:0.00 USD,US:ALL:Expedited:1-2:9.99 USD",US:ALL:Standard:50.00 USD,
HAH-LINE-0242,Premium Linen Napkin Set – Terracotta,"The Premium Linen Napkin Set from Harbor & Home, crafted in cotton, elevate the table for everyday and gatherings alike. Shown in Terracotta.",https://livgpt.vercel.app/?merchant=harbor-and-home&product=HAH-LINE-0242,Harbor Living,,HAH-LINE-0242,https://livgpt.vercel.app/mock-catalog/images/harbor-and-home/HAH-LINE-0242.jpg,,,,new,Home & Garden > Linens & Bedding > Table Linens,Home > Table Linens,adult,Cotton,15 in,12 in,5 in,3.46 lb,HAH-LINE-GRP-009,Table Linens,Terracotta,,,unisex,in_stock,,,,159,48.69 USD,,,txcd_99999999,exclusive,,"US:ALL:Standard:3-5:0.00 USD,US:ALL:Expedited:1-2:9.99 USD",US:ALL:Standard:50.00 USD,
HAH-LINE-0243,Minimalist Cotton Placemats – Olive,"The Minimalist Cotton Placemats from Harbor & Home, crafted in cotton, elevate the table for everyday and gatherings alike. Shown in Olive.",https://livgpt.vercel.app/?merchant=harbor-and-home&product=HAH-LINE-0243,Harbor & Home,,HAH-LINE-0243,https://livgpt.vercel.app/mock-catalog/images/harbor-and-home/HAH-LINE-0243.jpg,,,,new,Home & Garden > Linens & Bedding > Table Linens,Home > Table Linens,adult,Cotton,15 in,12 in,5 in,3.28 lb,HAH-LINE-GRP-009,Table Linens,Olive,,,unisex,in_stock,,,,132,31.15 USD,,,txcd_99999999,exclusive,,"US:ALL:Standard:3-5:0.00 USD,US:ALL:Expedited:1-2:9.99 USD",US:ALL:Standard:50.00 USD,
HAH-LINE-0244,Featherlight Tea Towel Set – Forest Green,"The Featherlight Tea Towel Set from Harbor & Home, crafted in french linen, elevate the table for everyday and gatherings alike. Shown in Forest Green.",https://livgpt.vercel.app/?merchant=harbor-and-home&product=HAH-LINE-0244,Harbor & Home,,HAH-LINE-0244,https://livgpt.vercel.app/mock-catalog/images/harbor-and-home/HAH-LINE-0244.jpg,,,,new,Home & Garden > Linens & Bedding > Table Linens,Home > Table Linens,adult,French Linen,15 in,12 in,5 in,3.31 lb,HAH-LINE-GRP-010,Table Linens,Forest Green,,,unisex,in_stock,,,,186,19.47 USD,15.04 USD,2026-07-01/2026-12-31,txcd_99999999,exclusive,,"US:ALL:Standard:3-5:0.00 USD,US:ALL:Expedited:1-2:9.99 USD",US:ALL:Standard:50.00 USD,
HAH-LINE-0245,Aero Tea Towel Set – Black,"The Aero Tea Towel Set from Harbor & Home, crafted in cotton, elevate the table for everyday and gatherings alike. Shown in Black.",https://livgpt.vercel.app/?merchant=harbor-and-home&product=HAH-LINE-0245,Hearthstone,,HAH-LINE-0245,https://livgpt.vercel.app/mock-catalog/images/harbor-and-home/HAH-LINE-0245.jpg,,,,new,Home & Garden > Linens & Bedding > Table Linens,Home > Table Linens,adult,Cotton,15 in,12 in,5 in,3.6 lb,HAH-LINE-GRP-010,Table Linens,Black,,,unisex,in_stock,,,,28,23.76 USD,,,txcd_99999999,exclusive,,"US:ALL:Standard:3-5:0.00 USD,US:ALL:Expedited:1-2:9.99 USD",US:ALL:Standard:50.00 USD,
HAH-LINE-0246,Luxe Table Runner – Burgundy,"The Luxe Table Runner from Harbor & Home, crafted in cotton, elevate the table for everyday and gatherings alike. Shown in Burgundy.",https://livgpt.vercel.app/?merchant=harbor-and-home&product=HAH-LINE-0246,Harbor Living,,HAH-LINE-0246,https://livgpt.vercel.app/mock-catalog/images/harbor-and-home/HAH-LINE-0246.jpg,,,,new,Home & Garden > Linens & Bedding > Table Linens,Home > Table Linens,adult,Cotton,15 in,12 in,5 in,3.78 lb,HAH-LINE-GRP-011,Table Linens,Burgundy,,,unisex,in_stock,,,,225,20.89 USD,,,txcd_99999999,exclusive,,"US:ALL:Standard:3-5:0.00 USD,US:ALL:Expedited:1-2:9.99 USD",US:ALL:Standard:50.00 USD,
HAH-LINE-0247,Everyday Tea Towel Set – Charcoal,"The Everyday Tea Towel Set from Harbor & Home, crafted in cotton, elevate the table for everyday and gatherings alike. Shown in Charcoal.",https://livgpt.vercel.app/?merchant=harbor-and-home&product=HAH-LINE-0247,Harbor Living,,HAH-LINE-0247,https://livgpt.vercel.app/mock-catalog/images/harbor-and-home/HAH-LINE-0247.jpg,,,,new,Home & Garden > Linens & Bedding > Table Linens,Home > Table Linens,adult,Cotton,15 in,12 in,5 in,3.82 lb,HAH-LINE-GRP-011,Table Linens,Charcoal,,,unisex,in_stock,,,,109,14.63 USD,,,txcd_99999999,exclusive,,"US:ALL:Standard:3-5:0.00 USD,US:ALL:Expedited:1-2:9.99 USD",US:ALL:Standard:50.00 USD,
HAH-LINE-0248,Premium Cotton Placemats – White,"The Premium Cotton Placemats from Harbor & Home, crafted in cotton, elevate the table for everyday and gatherings alike. Shown in White.",https://livgpt.vercel.app/?merchant=harbor-and-home&product=HAH-LINE-0248,Harbor Living,,HAH-LINE-0248,https://livgpt.vercel.app/mock-catalog/images/harbor-and-home/HAH-LINE-0248.jpg,,,,new,Home & Garden > Linens & Bedding > Table Linens,Home > Table Linens,adult,Cotton,15 in,12 in,5 in,3.28 lb,HAH-LINE-GRP-012,Table Linens,White,,,unisex,in_stock,,,,51,41.33 USD,36.31 USD,2026-07-01/2026-12-31,txcd_99999999,exclusive,,"US:ALL:Standard:3-5:0.00 USD,US:ALL:Expedited:1-2:9.99 USD",US:ALL:Standard:50.00 USD,
HAH-LINE-0249,Essential Cotton Placemats – Black,"The Essential Cotton Placemats from Harbor & Home, crafted in french linen, elevate the table for everyday and gatherings alike. Shown in Black.",https://livgpt.vercel.app/?merchant=harbor-and-home&product=HAH-LINE-0249,Hearthstone,,HAH-LINE-0249,https://livgpt.vercel.app/mock-catalog/images/harbor-and-home/HAH-LINE-0249.jpg,,,,new,Home & Garden > Linens & Bedding > Table Linens,Home > Table Linens,adult,French Linen,15 in,12 in,5 in,3.6 lb,HAH-LINE-GRP-012,Table Linens,Black,,,unisex,in_stock,,,,208,38.05 USD,32.12 USD,2026-07-01/2026-12-31,txcd_99999999,exclusive,,"US:ALL:Standard:3-5:0.00 USD,US:ALL:Expedited:1-2:9.99 USD",US:ALL:Standard:50.00 USD,
HAH-LINE-0250,Minimalist Linen Napkin Set – Terracotta,"The Minimalist Linen Napkin Set from Harbor & Home, crafted in cotton, elevate the table for everyday and gatherings alike. Shown in Terracotta.",https://livgpt.vercel.app/?merchant=harbor-and-home&product=HAH-LINE-0250,Hearthstone,,HAH-LINE-0250,https://livgpt.vercel.app/mock-catalog/images/harbor-and-home/HAH-LINE-0250.jpg,,,,new,Home & Garden > Linens & Bedding > Table Linens,Home > Table Linens,adult,Cotton,15 in,12 in,5 in,3.42 lb,HAH-LINE-GRP-013,Table Linens,Terracotta,,,unisex,in_stock,,,,36,26.53 USD,,,txcd_99999999,exclusive,,"US:ALL:Standard:3-5:0.00 USD,US:ALL:Expedited:1-2:9.99 USD",US:ALL:Standard:50.00 USD,
