id,title,description,link,image_link,additional_image_link,availability,price,sale_price,brand,gtin,mpn,condition,google_product_category,product_type,item_group_id,color,size,material,quantity
HAH-CAND-0001,Premium Travel Tin Candle,"The Premium Travel Tin Candle from Harbor & Home, crafted in coconut wax, fills the room with a warm, inviting scent.",https://harbor-and-home.example.com/products/hah-cand-0001,/mock-catalog/images/harbor-and-home/HAH-CAND-0001.jpg,,in_stock,44.59 USD,,Harbor & Home,,HAH-CAND-0001,new,Home & Garden > Decor > Home Fragrances > Candles,Home > Fragrance > Candles,HAH-CAND-GRP-001,,,Coconut Wax,75
HAH-CAND-0002,Featherlight Wood-Wick Candle,"The Featherlight Wood-Wick Candle from Harbor & Home, crafted in soy wax, fills the room with a warm, inviting scent.",https://harbor-and-home.example.com/products/hah-cand-0002,/mock-catalog/images/harbor-and-home/HAH-CAND-0002.jpg,,in_stock,20.49 USD,17.86 USD,Harbor & Home,,HAH-CAND-0002,new,Home & Garden > Decor > Home Fragrances > Candles,Home > Fragrance > Candles,HAH-CAND-GRP-001,,,Soy Wax,167
HAH-CAND-0003,Trail Wood-Wick Candle,"The Trail Wood-Wick Candle from Harbor & Home, crafted in soy wax, fills the room with a warm, inviting scent.",https://harbor-and-home.example.com/products/hah-cand-0003,/mock-catalog/images/harbor-and-home/HAH-CAND-0003.jpg,,in_stock,23.30 USD,,Harbor Living,,HAH-CAND-0003,new,Home & Garden > Decor > Home Fragrances > Candles,Home > Fragrance > Candles,HAH-CAND-GRP-002,,,Soy Wax,180
HAH-CAND-0004,Minimalist 3-Wick Candle,"The Minimalist 3-Wick Candle from Harbor & Home, crafted in coconut wax, fills the room with a warm, inviting scent.",https://harbor-and-home.example.com/products/hah-cand-0004,/mock-catalog/images/harbor-and-home/HAH-CAND-0004.jpg,,in_stock,44.69 USD,,Harbor Living,,HAH-CAND-0004,new,Home & Garden > Decor > Home Fragrances > Candles,Home > Fragrance > Candles,HAH-CAND-GRP-002,,,Coconut Wax,15
HAH-CAND-0005,Minimalist Wood-Wick Candle,"The Minimalist Wood-Wick Candle from Harbor & Home, crafted in soy wax, fills the room with a warm, inviting scent.",https://harbor-and-home.example.com/products/hah-cand-0005,/mock-catalog/images/harbor-and-home/HAH-CAND-0005.jpg,,in_stock,49.24 USD,,Harbor Living,,HAH-CAND-0005,new,Home & Garden > Decor > Home Fragrances > Candles,Home > Fragrance > Candles,HAH-CAND-GRP-003,,,Soy Wax,121
HAH-CAND-0006,Pro Wood-Wick Candle,"The Pro Wood-Wick Candle from Harbor & Home, crafted in soy wax, fills the room with a warm, inviting scent.",https://harbor-and-home.example.com/products/hah-cand-0006,/mock-catalog/images/harbor-and-home/HAH-CAND-0006.jpg,,in_stock,47.40 USD,39.10 USD,Harbor Living,,HAH-CAND-0006,new,Home & Garden > Decor > Home Fragrances > Candles,Home > Fragrance > Candles,HAH-CAND-GRP-003,,,Soy Wax,184
HAH-CAND-0007,Nova Wood-Wick Candle,"The Nova Wood-Wick Candle from Harbor & Home, crafted in soy wax, fills the room with a warm, inviting scent.",https://harbor-and-home.example.com/products/hah-cand-0007,/mock-catalog/images/harbor-and-home/HAH-CAND-0007.jpg,,in_stock,47.77 USD,,Hearthstone,,HAH-CAND-0007,new,Home & Garden > Decor > Home Fragrances > Candles,Home > Fragrance > Candles,HAH-CAND-GRP-004,,,Soy Wax,155
HAH-CAND-0008,Classic Travel Tin Candle,"The Classic Travel Tin Candle from Harbor & Home, crafted in coconut wax, fills the room with a warm, inviting scent.",https://harbor-and-home.example.com/products/hah-cand-0008,/mock-catalog/images/harbor-and-home/HAH-CAND-0008.jpg,,in_stock,40.81 USD,,Harbor Living,,HAH-CAND-0008,new,Home & Garden > Decor > Home Fragrances > Candles,Home > Fragrance > Candles,HAH-CAND-GRP-004,,,Coconut Wax,226
HAH-CAND-0009,Rugged 3-Wick Candle,"The Rugged 3-Wick Candle from Harbor & Home, crafted in soy wax, fills the room with a warm, inviting scent.",https://harbor-and-home.example.com/products/hah-cand-0009,/mock-catalog/images/harbor-and-home/HAH-CAND-0009.jpg,,in_stock,42.29 USD,,Hearthstone,,HAH-CAND-0009,new,Home & Garden > Decor > Home Fragrances > Candles,Home > Fragrance > Candles,HAH-CAND-GRP-005,,,Soy Wax,60
HAH-CAND-0010,Rugged Travel Tin Candle,"The Rugged Travel Tin Candle from Harbor & Home, crafted in soy wax, fills the room with a warm, inviting scent.",https://harbor-and-home.example.com/products/hah-cand-0010,/mock-catalog/images/harbor-and-home/HAH-CAND-0010.jpg,,in_stock,27.26 USD,,Harbor Living,,HAH-CAND-0010,new,Home & Garden > Decor > Home Fragrances > Candles,Home > Fragrance > Candles,HAH-CAND-GRP-005,,,Soy Wax,207
HAH-CAND-0011,Everyday 3-Wick Candle,"The Everyday 3-Wick Candle from Harbor & Home, crafted in soy wax, fills the room with a warm, inviting scent.",https://harbor-and-home.example.com/products/hah-cand-0011,/mock-catalog/images/harbor-and-home/HAH-CAND-0011.jpg,,in_stock,46.14 USD,,Harbor Living,,HAH-CAND-0011,new,Home & Garden > Decor > Home Fragrances > Candles,Home > Fragrance > Candles,HAH-CAND-GRP-006,,,Soy Wax,89
HAH-CAND-0012,Urban 3-Wick Candle,"The Urban 3-Wick Candle from Harbor & Home, crafted in soy wax, fills the room with a warm, inviting scent.",https://harbor-and-home.example.com/products/hah-cand-0012,/mock-catalog/images/harbor-and-home/HAH-CAND-0012.jpg,,in_stock,43.14 USD,,Harbor & Home,,HAH-CAND-0012,new,Home & Garden > Decor > Home Fragrances > Candles,Home > Fragrance > Candles,HAH-CAND-GRP-006,,,Soy Wax,43
HAH-CAND-0013,Studio 3-Wick Candle,"The Studio 3-Wick Candle from Harbor & Home, crafted in soy wax, fills the room with a warm, inviting scent.",https://harbor-and-home.example.com/products/hah-cand-0013,/mock-catalog/images/harbor-and-home/HAH-CAND-0013.jpg,,in_stock,39.75 USD,,Harbor & Home,,HAH-CAND-0013,new,Home & Garden > Decor > Home Fragrances > Candles,Home > Fragrance > Candles,HAH-CAND-GRP-007,,,Soy Wax,135
HAH-CAND-0014,Classic 3-Wick Candle,"The Classic 3-Wick Candle from Harbor & Home, crafted in soy wax, fills the room with a warm, inviting scent.",https://harbor-and-home.example.com/products/hah-cand-0014,/mock-catalog/images/harbor-and-home/HAH-CAND-0014.jpg,,in_stock,19.61 USD,,Hearthstone,,HAH-CAND-0014,new,Home & Garden > Decor > Home Fragrances > Candles,Home > Fragrance > Candles,HAH-CAND-GRP-007,,,Soy Wax,179
HAH-CAND-0015,Heritage Travel Tin Candle,"The Heritage Travel Tin Candle from Harbor & Home, crafted in soy wax, fills the room with a warm, inviting scent.",https://harbor-and-home.example.com/products/hah-cand-0015,/mock-catalog/images/harbor-and-home/HAH-CAND-0015.jpg,,in_stock,43.57 USD,36.77 USD,Harbor & Home,,HAH-CAND-0015,new,Home & Garden > Decor > Home Fragrances > Candles,Home > Fragrance > Candles,HAH-CAND-GRP-008,,,Soy Wax,184
HAH-MUGS-0016,Premium Ceramic Mug – Blush Pink,"The Premium Ceramic Mug from Harbor & Home, crafted in ceramic, for slow mornings and better coffee rituals. Shown in Blush Pink.",https://harbor-and-home.example.com/products/hah-mugs-0016,/mock-catalog/images/harbor-and-home/HAH-MUGS-0016.jpg,,in_stock,37.28 USD,,Hearthstone,,HAH-MUGS-0016,new,Home & Garden > Kitchen & Dining > Tableware > Drinkware,Drinkware > Mugs,HAH-MUGS-GRP-001,Blush Pink,,Ceramic,23
HAH-MUGS-0017,Nova Enamel Mug – Navy,"The Nova Enamel Mug from Harbor & Home, crafted in stoneware, for slow mornings and better coffee rituals. Shown in Navy.",https://harbor-and-home.example.com/products/hah-mugs-0017,/mock-catalog/images/harbor-and-home/HAH-MUGS-0017.jpg,,in_stock,38.35 USD,,Harbor & Home,,HAH-MUGS-0017,new,Home & Garden > Kitchen & Dining > Tableware > Drinkware,Drinkware > Mugs,HAH-MUGS-GRP-001,Navy,,Stoneware,130
HAH-MUGS-0018,Coastal Stoneware Mug Set – Burgundy,"The Coastal Stoneware Mug Set from Harbor & Home, crafted in ceramic, for slow mornings and better coffee rituals. Shown in Burgundy.",https://harbor-and-home.example.com/products/hah-mugs-0018,/mock-catalog/images/harbor-and-home/HAH-MUGS-0018.jpg,,in_stock,26.70 USD,,Harbor Living,,HAH-MUGS-0018,new,Home & Garden > Kitchen & Dining > Tableware > Drinkware,Drinkware > Mugs,HAH-MUGS-GRP-002,Burgundy,,Ceramic,226
HAH-MUGS-0019,Classic Enamel Mug – Black,"The Classic Enamel Mug from Harbor & Home, crafted in ceramic, for slow mornings and better coffee rituals. Shown in Black.",https://harbor-and-home.example.com/products/hah-mugs-0019,/mock-catalog/images/harbor-and-home/HAH-MUGS-0019.jpg,,in_stock,35.96 USD,,Harbor & Home,,HAH-MUGS-0019,new,Home & Garden > Kitchen & Dining > Tableware > Drinkware,Drinkware > Mugs,HAH-MUGS-GRP-002,Black,,Ceramic,59
HAH-MUGS-0020,Everyday Stoneware Mug Set – Black,"The Everyday Stoneware Mug Set from Harbor & Home, crafted in ceramic, for slow mornings and better coffee rituals. Shown in Black.",https://harbor-and-home.example.com/products/hah-mugs-0020,/mock-catalog/images/harbor-and-home/HAH-MUGS-0020.jpg,,in_stock,16.32 USD,13.77 USD,Harbor Living,,HAH-MUGS-0020,new,Home & Garden > Kitchen & Dining > Tableware > Drinkware,Drinkware > Mugs,HAH-MUGS-GRP-003,Black,,Ceramic,147
HAH-MUGS-0021,Pro Ceramic Mug – Blush Pink,"The Pro Ceramic Mug from Harbor & Home, crafted in ceramic, for slow mornings and better coffee rituals. Shown in Blush Pink.",https://harbor-and-home.example.com/products/hah-mugs-0021,/mock-catalog/images/harbor-and-home/HAH-MUGS-0021.jpg,,in_stock,26.98 USD,,Harbor & Home,,HAH-MUGS-0021,new,Home & Garden > Kitchen & Dining > Tableware > Drinkware,Drinkware > Mugs,HAH-MUGS-GRP-003,Blush Pink,,Ceramic,1
HAH-MUGS-0022,Modern Enamel Mug – Terracotta,"The Modern Enamel Mug from Harbor & Home, crafted in stoneware, for slow mornings and better coffee rituals. Shown in Terracotta.",https://harbor-and-home.example.com/products/hah-mugs-0022,/mock-catalog/images/harbor-and-home/HAH-MUGS-0022.jpg,,in_stock,31.83 USD,,Hearthstone,,HAH-MUGS-0022,new,Home & Garden > Kitchen & Dining > Tableware > Drinkware,Drinkware > Mugs,HAH-MUGS-GRP-004,Terracotta,,Stoneware,52
HAH-MUGS-0023,Essential Enamel Mug – Olive,"The Essential Enamel Mug from Harbor & Home, crafted in stoneware, for slow mornings and better coffee rituals. Shown in Olive.",https://harbor-and-home.example.com/products/hah-mugs-0023,/mock-catalog/images/harbor-and-home/HAH-MUGS-0023.jpg,,in_stock,27.10 USD,,Harbor Living,,HAH-MUGS-0023,new,Home & Garden > Kitchen & Dining > Tableware > Drinkware,Drinkware > Mugs,HAH-MUGS-GRP-004,Olive,,Stoneware,188
HAH-MUGS-0024,Classic Stoneware Mug Set – Charcoal,"The Classic Stoneware Mug Set from Harbor & Home, crafted in stoneware, for slow mornings and better coffee rituals. Shown in Charcoal.",https://harbor-and-home.example.com/products/hah-mugs-0024,/mock-catalog/images/harbor-and-home/HAH-MUGS-0024.jpg,,in_stock,33.68 USD,,Hearthstone,,HAH-MUGS-0024,new,Home & Garden > Kitchen & Dining > Tableware > Drinkware,Drinkware > Mugs,HAH-MUGS-GRP-005,Charcoal,,Stoneware,85
HAH-MUGS-0025,Aero Enamel Mug – Slate Gray,"The Aero Enamel Mug from Harbor & Home, crafted in stoneware, for slow mornings and better coffee rituals. Shown in Slate Gray.",https://harbor-and-home.example.com/products/hah-mugs-0025,/mock-catalog/images/harbor-and-home/HAH-MUGS-0025.jpg,,in_stock,37.78 USD,29.87 USD,Harbor Living,,HAH-MUGS-0025,new,Home & Garden > Kitchen & Dining > Tableware > Drinkware,Drinkware > Mugs,HAH-MUGS-GRP-005,Slate Gray,,Stoneware,13
HAH-MUGS-0026,Studio Enamel Mug – Navy,"The Studio Enamel Mug from Harbor & Home, crafted in stoneware, for slow mornings and better coffee rituals. Shown in Navy.",https://harbor-and-home.example.com/products/hah-mugs-0026,/mock-catalog/images/harbor-and-home/HAH-MUGS-0026.jpg,,in_stock,27.20 USD,22.76 USD,Harbor & Home,,HAH-MUGS-0026,new,Home & Garden > Kitchen & Dining > Tableware > Drinkware,Drinkware > Mugs,HAH-MUGS-GRP-006,Navy,,Stoneware,60
HAH-MUGS-0027,Modern Ceramic Mug – Sky Blue,"The Modern Ceramic Mug from Harbor & Home, crafted in stoneware, for slow mornings and better coffee rituals. Shown in Sky Blue.",https://harbor-and-home.example.com/products/hah-mugs-0027,/mock-catalog/images/harbor-and-home/HAH-MUGS-0027.jpg,,in_stock,27.78 USD,21.03 USD,Hearthstone,,HAH-MUGS-0027,new,Home & Garden > Kitchen & Dining > Tableware > Drinkware,Drinkware > Mugs,HAH-MUGS-GRP-006,Sky Blue,,Stoneware,89
HAH-MUGS-0028,Luxe Ceramic Mug – Slate Gray,"The Luxe Ceramic Mug from Harbor & Home, crafted in stoneware, for slow mornings and better coffee rituals. Shown in Slate Gray.",https://harbor-and-home.example.com/products/hah-mugs-0028,/mock-catalog/images/harbor-and-home/HAH-MUGS-0028.jpg,,in_stock,24.53 USD,,Hearthstone,,HAH-MUGS-0028,new,Home & Garden > Kitchen & Dining > Tableware > Drinkware,Drinkware > Mugs,HAH-MUGS-GRP-007,Slate Gray,,Stoneware,166
HAH-MUGS-0029,Heritage Stoneware Mug Set – Olive,"The Heritage Stoneware Mug Set from Harbor & Home, crafted in stoneware, for slow mornings and better coffee rituals. Shown in Olive.",https://harbor-and-home.example.com/products/hah-mugs-0029,/mock-catalog/images/harbor-and-home/HAH-MUGS-0029.jpg,,in_stock,29.36 USD,,Harbor Living,,HAH-MUGS-0029,new,Home & Garden > Kitchen & Dining > Tableware > Drinkware,Drinkware > Mugs,HAH-MUGS-GRP-007,Olive,,Stoneware,168
HAH-MUGS-0030,Essential Espresso Cup Set – Charcoal,"The Essential Espresso Cup Set from Harbor & Home, crafted in ceramic, for slow mornings and better coffee rituals. Shown in Charcoal.",https://harbor-and-home.example.com/products/hah-mugs-0030,/mock-catalog/images/harbor-and-home/HAH-MUGS-0030.jpg,,in_stock,26.14 USD,22.61 USD,Harbor Living,,HAH-MUGS-0030,new,Home & Garden > Kitchen & Dining > Tableware > Drinkware,Drinkware > Mugs,HAH-MUGS-GRP-008,Charcoal,,Ceramic,94
HAH-COOK-0031,Rugged Dutch Oven – Charcoal,"The Rugged Dutch Oven from Harbor & Home, crafted in anodized aluminum, even heating for everyday cooking. Shown in Charcoal.",https://harbor-and-home.example.com/products/hah-cook-0031,/mock-catalog/images/harbor-and-home/HAH-COOK-0031.jpg,,in_stock,175.26 USD,,Harbor & Home,,HAH-COOK-0031,new,Home & Garden > Kitchen & Dining > Cookware,Kitchen > Cookware,HAH-COOK-GRP-001,Charcoal,,Anodized Aluminum,250
HAH-COOK-0032,Essential Nonstick Skillet – Charcoal,"The Essential Nonstick Skillet from Harbor & Home, crafted in cast iron, even heating for everyday cooking. Shown in Charcoal.",https://harbor-and-home.example.com/products/hah-cook-0032,/mock-catalog/images/harbor-and-home/HAH-COOK-0032.jpg,,in_stock,175.50 USD,,Hearthstone,,HAH-COOK-0032,new,Home & Garden > Kitchen & Dining > Cookware,Kitchen > Cookware,HAH-COOK-GRP-001,Charcoal,,Cast Iron,18
HAH-COOK-0033,Luxe Cast Iron Pan – Cream,"The Luxe Cast Iron Pan from Harbor & Home, crafted in cast iron, even heating for everyday cooking. Shown in Cream.",https://harbor-and-home.example.com/products/hah-cook-0033,/mock-catalog/images/harbor-and-home/HAH-COOK-0033.jpg,,in_stock,81.96 USD,,Harbor & Home,,HAH-COOK-0033,new,Home & Garden > Kitchen & Dining > Cookware,Kitchen > Cookware,HAH-COOK-GRP-002,Cream,,Cast Iron,212
HAH-COOK-0034,Coastal Nonstick Skillet – White,"The Coastal Nonstick Skillet from Harbor & Home, crafted in anodized aluminum, even heating for everyday cooking. Shown in White.",https://harbor-and-home.example.com/products/hah-cook-0034,/mock-catalog/images/harbor-and-home/HAH-COOK-0034.jpg,,in_stock,63.73 USD,,Hearthstone,,HAH-COOK-0034,new,Home & Garden > Kitchen & Dining > Cookware,Kitchen > Cookware,HAH-COOK-GRP-002,White,,Anodized Aluminum,5
HAH-COOK-0035,Featherlight Dutch Oven – Olive,"The Featherlight Dutch Oven from Harbor & Home, crafted in anodized aluminum, even heating for everyday cooking. Shown in Olive.",https://harbor-and-home.example.com/products/hah-cook-0035,/mock-catalog/images/harbor-and-home/HAH-COOK-0035.jpg,,in_stock,96.90 USD,73.50 USD,Harbor & Home,,HAH-COOK-0035,new,Home & Garden > Kitchen & Dining > Cookware,Kitchen > Cookware,HAH-COOK-GRP-003,Olive,,Anodized Aluminum,9
HAH-COOK-0036,Modern Saucepan – Cream,"The Modern Saucepan from Harbor & Home, crafted in cast iron, even heating for everyday cooking. Shown in Cream.",https://harbor-and-home.example.com/products/hah-cook-0036,/mock-catalog/images/harbor-and-home/HAH-COOK-0036.jpg,,in_stock,172.70 USD,134.96 USD,Harbor Living,,HAH-COOK-0036,new,Home & Garden > Kitchen & Dining > Cookware,Kitchen > Cookware,HAH-COOK-GRP-003,Cream,,Cast Iron,172
HAH-COOK-0037,Luxe Nonstick Skillet – Sky Blue,"The Luxe Nonstick Skillet from Harbor & Home, crafted in anodized aluminum, even heating for everyday cooking. Shown in Sky Blue.",https://harbor-and-home.example.com/products/hah-cook-0037,/mock-catalog/images/harbor-and-home/HAH-COOK-0037.jpg,,in_stock,141.52 USD,,Harbor & Home,,HAH-COOK-0037,new,Home & Garden > Kitchen & Dining > Cookware,Kitchen > Cookware,HAH-COOK-GRP-004,Sky Blue,,Anodized Aluminum,112
HAH-COOK-0038,Modern Nonstick Skillet – Sand,"The Modern Nonstick Skillet from Harbor & Home, crafted in anodized aluminum, even heating for everyday cooking. Shown in Sand.",https://harbor-and-home.example.com/products/hah-cook-0038,/mock-catalog/images/harbor-and-home/HAH-COOK-0038.jpg,,in_stock,147.54 USD,,Hearthstone,,HAH-COOK-0038,new,Home & Garden > Kitchen & Dining > Cookware,Kitchen > Cookware,HAH-COOK-GRP-004,Sand,,Anodized Aluminum,99
HAH-COOK-0039,Classic Dutch Oven – Charcoal,"The Classic Dutch Oven from Harbor & Home, crafted in anodized aluminum, even heating for everyday cooking. Shown in Charcoal.",https://harbor-and-home.example.com/products/hah-cook-0039,/mock-catalog/images/harbor-and-home/HAH-COOK-0039.jpg,,in_stock,94.07 USD,76.84 USD,Harbor Living,,HAH-COOK-0039,new,Home & Garden > Kitchen & Dining > Cookware,Kitchen > Cookware,HAH-COOK-GRP-005,Charcoal,,Anodized Aluminum,138
HAH-COOK-0040,Essential Dutch Oven – Slate Gray,"The Essential Dutch Oven from Harbor & Home, crafted in anodized aluminum, even heating for everyday cooking. Shown in Slate Gray.",https://harbor-and-home.example.com/products/hah-cook-0040,/mock-catalog/images/harbor-and-home/HAH-COOK-0040.jpg,,in_stock,130.40 USD,116.58 USD,Hearthstone,,HAH-COOK-0040,new,Home & Garden > Kitchen & Dining > Cookware,Kitchen > Cookware,HAH-COOK-GRP-005,Slate Gray,,Anodized Aluminum,172
HAH-COOK-0041,Trail Cast Iron Pan – Terracotta,"The Trail Cast Iron Pan from Harbor & Home, crafted in cast iron, even heating for everyday cooking. Shown in Terracotta.",https://harbor-and-home.example.com/products/hah-cook-0041,/mock-catalog/images/harbor-and-home/HAH-COOK-0041.jpg,,in_stock,108.86 USD,,Harbor & Home,,HAH-COOK-0041,new,Home & Garden > Kitchen & Dining > Cookware,Kitchen > Cookware,HAH-COOK-GRP-006,Terracotta,,Cast Iron,104
HAH-COOK-0042,Everyday Saucepan – Sand,"The Everyday Saucepan from Harbor & Home, crafted in cast iron, even heating for everyday cooking. Shown in Sand.",https://harbor-and-home.example.com/products/hah-cook-0042,/mock-catalog/images/harbor-and-home/HAH-COOK-0042.jpg,,in_stock,128.19 USD,,Harbor Living,,HAH-COOK-0042,new,Home & Garden > Kitchen & Dining > Cookware,Kitchen > Cookware,HAH-COOK-GRP-006,Sand,,Cast Iron,103
HAH-COOK-0043,Studio Dutch Oven – Sky Blue,"The Studio Dutch Oven from Harbor & Home, crafted in anodized aluminum, even heating for everyday cooking. Shown in Sky Blue.",https://harbor-and-home.example.com/products/hah-cook-0043,/mock-catalog/images/harbor-and-home/HAH-COOK-0043.jpg,,in_stock,52.80 USD,,Harbor Living,,HAH-COOK-0043,new,Home & Garden > Kitchen & Dining > Cookware,Kitchen > Cookware,HAH-COOK-GRP-007,Sky Blue,,Anodized Aluminum,163
HAH-COOK-0044,Premium Saucepan – Charcoal,"The Premium Saucepan from Harbor & Home, crafted in cast iron, even heating for everyday cooking. Shown in Charcoal.",https://harbor-and-home.example.com/products/hah-cook-0044,/mock-catalog/images/harbor-and-home/HAH-COOK-0044.jpg,,in_stock,82.82 USD,,Harbor Living,,HAH-COOK-0044,new,Home & Garden > Kitchen & Dining > Cookware,Kitchen > Cookware,HAH-COOK-GRP-007,Charcoal,,Cast Iron,28
HAH-COOK-0045,Nova Nonstick Skillet – Slate Gray,"The Nova Nonstick Skillet from Harbor & Home, crafted in cast iron, even heating for everyday cooking. Shown in Slate Gray.",https://harbor-and-home.example.com/products/hah-cook-0045,/mock-catalog/images/harbor-and-home/HAH-COOK-0045.jpg,,in_stock,127.07 USD,,Harbor Living,,HAH-COOK-0045,new,Home & Garden > Kitchen & Dining > Cookware,Kitchen > Cookware,HAH-COOK-GRP-008,Slate Gray,,Cast Iron,25
HAH-BEDD-0046,Featherlight Knit Throw – Charcoal,"The Featherlight Knit Throw from Harbor & Home, crafted in french linen, breathable, lived-in softness that gets better with every wash. Shown in Charcoal.",https://harbor-and-home.example.com/products/hah-bedd-0046,/mock-catalog/images/harbor-and-home/HAH-BEDD-0046.jpg,,in_stock,134.99 USD,101.59 USD,Hearthstone,,HAH-BEDD-0046,new,Home & Garden > Linens & Bedding > Bedding,Home > Bedding,HAH-BEDD-GRP-001,Charcoal,S,French Linen,78
HAH-BEDD-0047,Alpine Cotton Sheet Set – Navy,"The Alpine Cotton Sheet Set from Harbor & Home, crafted in french linen, breathable, lived-in softness that gets better with every wash. Shown in Navy.",https://harbor-and-home.example.com/products/hah-bedd-0047,/mock-catalog/images/harbor-and-home/HAH-BEDD-0047.jpg,,in_stock,124.35 USD,107.63 USD,Hearthstone,,HAH-BEDD-0047,new,Home & Garden > Linens & Bedding > Bedding,Home > Bedding,HAH-BEDD-GRP-001,Navy,XL,French Linen,152
HAH-BEDD-0048,Trail Knit Throw – Blush Pink,"The Trail Knit Throw from Harbor & Home, crafted in organic cotton, breathable, lived-in softness that gets better with every wash. Shown in Blush Pink.",https://harbor-and-home.example.com/products/hah-bedd-0048,/mock-catalog/images/harbor-and-home/HAH-BEDD-0048.jpg,,in_stock,81.58 USD,64.88 USD,Harbor & Home,,HAH-BEDD-0048,new,Home & Garden > Linens & Bedding > Bedding,Home > Bedding,HAH-BEDD-GRP-002,Blush Pink,XXL,Organic Cotton,74
HAH-BEDD-0049,Minimalist Waffle Throw Blanket – Sky Blue,"The Minimalist Waffle Throw Blanket from Harbor & Home, crafted in french linen, breathable, lived-in softness that gets better with every wash. Shown in Sky Blue.",https://harbor-and-home.example.com/products/hah-bedd-0049,/mock-catalog/images/harbor-and-home/HAH-BEDD-0049.jpg,,in_stock,76.19 USD,68.19 USD,Harbor Living,,HAH-BEDD-0049,new,Home & Garden > Linens & Bedding > Bedding,Home > Bedding,HAH-BEDD-GRP-002,Sky Blue,XXL,French Linen,68
HAH-BEDD-0050,Nova Linen Duvet Cover – Black,"The Nova Linen Duvet Cover from Harbor & Home, crafted in french linen, breathable, lived-in softness that gets better with every wash. Shown in Black.",https://harbor-and-home.example.com/products/hah-bedd-0050,/mock-catalog/images/harbor-and-home/HAH-BEDD-0050.jpg,,in_stock,178.59 USD,,Harbor Living,,HAH-BEDD-0050,new,Home & Garden > Linens & Bedding > Bedding,Home > Bedding,HAH-BEDD-GRP-003,Black,L,French Linen,180
HAH-BEDD-0051,Rugged Cotton Sheet Set – White,"The Rugged Cotton Sheet Set from Harbor & Home, crafted in organic cotton, breathable, lived-in softness that gets better with every wash. Shown in White.",https://harbor-and-home.example.com/products/hah-bedd-0051,/mock-catalog/images/harbor-and-home/HAH-BEDD-0051.jpg,,in_stock,192.76 USD,146.27 USD,Harbor Living,,HAH-BEDD-0051,new,Home & Garden > Linens & Bedding > Bedding,Home > Bedding,HAH-BEDD-GRP-003,White,XL,Organic Cotton,194
HAH-BEDD-0052,Signature Cotton Sheet Set – Cream,"The Signature Cotton Sheet Set from Harbor & Home, crafted in french linen, breathable, lived-in softness that gets better with every wash. Shown in Cream.",https://harbor-and-home.example.com/products/hah-bedd-0052,/mock-catalog/images/harbor-and-home/HAH-BEDD-0052.jpg,,in_stock,153.03 USD,,Harbor Living,,HAH-BEDD-0052,new,Home & Garden > Linens & Bedding > Bedding,Home > Bedding,HAH-BEDD-GRP-004,Cream,XL,French Linen,240
HAH-BEDD-0053,Featherlight Waffle Throw Blanket – Cream,"The Featherlight Waffle Throw Blanket from Harbor & Home, crafted in french linen, breathable, lived-in softness that gets better with every wash. Shown in Cream.",https://harbor-and-home.example.com/products/hah-bedd-0053,/mock-catalog/images/harbor-and-home/HAH-BEDD-0053.jpg,,in_stock,97.88 USD,89.40 USD,Harbor & Home,,HAH-BEDD-0053,new,Home & Garden > Linens & Bedding > Bedding,Home > Bedding,HAH-BEDD-GRP-004,Cream,M,French Linen,209
HAH-BEDD-0054,Terra Waffle Throw Blanket – Burgundy,"The Terra Waffle Throw Blanket from Harbor & Home, crafted in french linen, breathable, lived-in softness that gets better with every wash. Shown in Burgundy.",https://harbor-and-home.example.com/products/hah-bedd-0054,/mock-catalog/images/harbor-and-home/HAH-BEDD-0054.jpg,,in_stock,108.35 USD,,Hearthstone,,HAH-BEDD-0054,new,Home & Garden > Linens & Bedding > Bedding,Home > Bedding,HAH-BEDD-GRP-005,Burgundy,M,French Linen,29
HAH-BEDD-0055,Essential Knit Throw – Sand,"The Essential Knit Throw from Harbor & Home, crafted in organic cotton, breathable, lived-in softness that gets better with every wash. Shown in Sand.",https://harbor-and-home.example.com/products/hah-bedd-0055,/mock-catalog/images/harbor-and-home/HAH-BEDD-0055.jpg,,in_stock,145.70 USD,,Hearthstone,,HAH-BEDD-0055,new,Home & Garden > Linens & Bedding > Bedding,Home > Bedding,HAH-BEDD-GRP-005,Sand,M,Organic Cotton,80
HAH-BEDD-0056,Minimalist Linen Duvet Cover – Blush Pink,"The Minimalist Linen Duvet Cover from Harbor & Home, crafted in organic cotton, breathable, lived-in softness that gets better with every wash. Shown in Blush Pink.",https://harbor-and-home.example.com/products/hah-bedd-0056,/mock-catalog/images/harbor-and-home/HAH-BEDD-0056.jpg,,in_stock,149.66 USD,,Harbor Living,,HAH-BEDD-0056,new,Home & Garden > Linens & Bedding > Bedding,Home > Bedding,HAH-BEDD-GRP-006,Blush Pink,L,Organic Cotton,201
HAH-BEDD-0057,Nova Knit Throw – Sand,"The Nova Knit Throw from Harbor & Home, crafted in french linen, breathable, lived-in softness that gets better with every wash. Shown in Sand.",https://harbor-and-home.example.com/products/hah-bedd-0057,/mock-catalog/images/harbor-and-home/HAH-BEDD-0057.jpg,,in_stock,167.56 USD,,Harbor Living,,HAH-BEDD-0057,new,Home & Garden > Linens & Bedding > Bedding,Home > Bedding,HAH-BEDD-GRP-006,Sand,M,French Linen,46
HAH-BEDD-0058,Studio Knit Throw – Terracotta,"The Studio Knit Throw from Harbor & Home, crafted in organic cotton, breathable, lived-in softness that gets better with every wash. Shown in Terracotta.",https://harbor-and-home.example.com/products/hah-bedd-0058,/mock-catalog/images/harbor-and-home/HAH-BEDD-0058.jpg,,in_stock,186.48 USD,,Harbor & Home,,HAH-BEDD-0058,new,Home & Garden > Linens & Bedding > Bedding,Home > Bedding,HAH-BEDD-GRP-007,Terracotta,XL,Organic Cotton,238
HAH-BEDD-0059,Aero Linen Duvet Cover – Navy,"The Aero Linen Duvet Cover from Harbor & Home, crafted in organic cotton, breathable, lived-in softness that gets better with every wash. Shown in Navy.",https://harbor-and-home.example.com/products/hah-bedd-0059,/mock-catalog/images/harbor-and-home/HAH-BEDD-0059.jpg,,in_stock,50.95 USD,,Hearthstone,,HAH-BEDD-0059,new,Home & Garden > Linens & Bedding > Bedding,Home > Bedding,HAH-BEDD-GRP-007,Navy,L,Organic Cotton,27
HAH-BEDD-0060,Signature Waffle Throw Blanket – Black,"The Signature Waffle Throw Blanket from Harbor & Home, crafted in organic cotton, breathable, lived-in softness that gets better with every wash. Shown in Black.",https://harbor-and-home.example.com/products/hah-bedd-0060,/mock-catalog/images/harbor-and-home/HAH-BEDD-0060.jpg,,in_stock,134.10 USD,,Harbor & Home,,HAH-BEDD-0060,new,Home & Garden > Linens & Bedding > Bedding,Home > Bedding,HAH-BEDD-GRP-008,Black,XL,Organic Cotton,84
HAH-LOUN-0061,Pro Waffle Robe – Terracotta,"The Pro Waffle Robe from Harbor & Home, crafted in waffle knit, the softest way to unwind at home. Shown in Terracotta.",https://harbor-and-home.example.com/products/hah-loun-0061,/mock-catalog/images/harbor-and-home/HAH-LOUN-0061.jpg,,in_stock,83.12 USD,,Harbor & Home,,HAH-LOUN-0061,new,Apparel & Accessories > Clothing > Sleepwear & Loungewear,Apparel > Loungewear,HAH-LOUN-GRP-001,Terracotta,M,Waffle Knit,10
HAH-LOUN-0062,Premium Slipper Socks – Blush Pink,"The Premium Slipper Socks from Harbor & Home, crafted in waffle knit, the softest way to unwind at home. Shown in Blush Pink.",https://harbor-and-home.example.com/products/hah-loun-0062,/mock-catalog/images/harbor-and-home/HAH-LOUN-0062.jpg,,in_stock,89.58 USD,,Harbor & Home,,HAH-LOUN-0062,new,Apparel & Accessories > Clothing > Sleepwear & Loungewear,Apparel > Loungewear,HAH-LOUN-GRP-001,Blush Pink,XS,Waffle Knit,90
HAH-LOUN-0063,Terra Slipper Socks – Slate Gray,"The Terra Slipper Socks from Harbor & Home, crafted in waffle knit, the softest way to unwind at home. Shown in Slate Gray.",https://harbor-and-home.example.com/products/hah-loun-0063,/mock-catalog/images/harbor-and-home/HAH-LOUN-0063.jpg,,in_stock,39.90 USD,,Harbor Living,,HAH-LOUN-0063,new,Apparel & Accessories > Clothing > Sleepwear & Loungewear,Apparel > Loungewear,HAH-LOUN-GRP-002,Slate Gray,XL,Waffle Knit,178
HAH-LOUN-0064,Urban Waffle Robe – Forest Green,"The Urban Waffle Robe from Harbor & Home, crafted in brushed cotton, the softest way to unwind at home. Shown in Forest Green.",https://harbor-and-home.example.com/products/hah-loun-0064,/mock-catalog/images/harbor-and-home/HAH-LOUN-0064.jpg,,in_stock,38.04 USD,,Harbor & Home,,HAH-LOUN-0064,new,Apparel & Accessories > Clothing > Sleepwear & Loungewear,Apparel > Loungewear,HAH-LOUN-GRP-002,Forest Green,M,Brushed Cotton,181
HAH-LOUN-0065,Minimalist Lounge Pants – Olive,"The Minimalist Lounge Pants from Harbor & Home, crafted in brushed cotton, the softest way to unwind at home. Shown in Olive.",https://harbor-and-home.example.com/products/hah-loun-0065,/mock-catalog/images/harbor-and-home/HAH-LOUN-0065.jpg,,in_stock,75.22 USD,,Hearthstone,,HAH-LOUN-0065,new,Apparel & Accessories > Clothing > Sleepwear & Loungewear,Apparel > Loungewear,HAH-LOUN-GRP-003,Olive,M,Brushed Cotton,140
HAH-LOUN-0066,Rugged Waffle Robe – Blush Pink,"The Rugged Waffle Robe from Harbor & Home, crafted in waffle knit, the softest way to unwind at home. Shown in Blush Pink.",https://harbor-and-home.example.com/products/hah-loun-0066,/mock-catalog/images/harbor-and-home/HAH-LOUN-0066.jpg,,in_stock,75.72 USD,,Harbor & Home,,HAH-LOUN-0066,new,Apparel & Accessories > Clothing > Sleepwear & Loungewear,Apparel > Loungewear,HAH-LOUN-GRP-003,Blush Pink,L,Waffle Knit,45
HAH-LOUN-0067,Aero Lounge Pants – Terracotta,"The Aero Lounge Pants from Harbor & Home, crafted in waffle knit, the softest way to unwind at home. Shown in Terracotta.",https://harbor-and-home.example.com/products/hah-loun-0067,/mock-catalog/images/harbor-and-home/HAH-LOUN-0067.jpg,,in_stock,78.76 USD,,Hearthstone,,HAH-LOUN-0067,new,Apparel & Accessories > Clothing > Sleepwear & Loungewear,Apparel > Loungewear,HAH-LOUN-GRP-004,Terracotta,S,Waffle Knit,86
HAH-LOUN-0068,Terra Lounge Pants – Black,"The Terra Lounge Pants from Harbor & Home, crafted in waffle knit, the softest way to unwind at home. Shown in Black.",https://harbor-and-home.example.com/products/hah-loun-0068,/mock-catalog/images/harbor-and-home/HAH-LOUN-0068.jpg,,in_stock,80.36 USD,,Harbor Living,,HAH-LOUN-0068,new,Apparel & Accessories > Clothing > Sleepwear & Loungewear,Apparel > Loungewear,HAH-LOUN-GRP-004,Black,XS,Waffle Knit,142
HAH-LOUN-0069,Trail Knit Cardigan – White,"The Trail Knit Cardigan from Harbor & Home, crafted in brushed cotton, the softest way to unwind at home. Shown in White.",https://harbor-and-home.example.com/products/hah-loun-0069,/mock-catalog/images/harbor-and-home/HAH-LOUN-0069.jpg,,in_stock,49.83 USD,,Hearthstone,,HAH-LOUN-0069,new,Apparel & Accessories > Clothing > Sleepwear & Loungewear,Apparel > Loungewear,HAH-LOUN-GRP-005,White,L,Brushed Cotton,246
HAH-LOUN-0070,Nova Waffle Robe – Black,"The Nova Waffle Robe from Harbor & Home, crafted in waffle knit, the softest way to unwind at home. Shown in Black.",https://harbor-and-home.example.com/products/hah-loun-0070,/mock-catalog/images/harbor-and-home/HAH-LOUN-0070.jpg,,in_stock,63.81 USD,,Hearthstone,,HAH-LOUN-0070,new,Apparel & Accessories > Clothing > Sleepwear & Loungewear,Apparel > Loungewear,HAH-LOUN-GRP-005,Black,XS,Waffle Knit,235
HAH-LOUN-0071,Rugged Lounge Pants – Cream,"The Rugged Lounge Pants from Harbor & Home, crafted in waffle knit, the softest way to unwind at home. Shown in Cream.",https://harbor-and-home.example.com/products/hah-loun-0071,/mock-catalog/images/harbor-and-home/HAH-LOUN-0071.jpg,,in_stock,41.46 USD,,Harbor & Home,,HAH-LOUN-0071,new,Apparel & Accessories > Clothing > Sleepwear & Loungewear,Apparel > Loungewear,HAH-LOUN-GRP-006,Cream,XXL,Waffle Knit,43
HAH-LOUN-0072,Studio Waffle Robe – Blush Pink,"The Studio Waffle Robe from Harbor & Home, crafted in waffle knit, the softest way to unwind at home. Shown in Blush Pink.",https://harbor-and-home.example.com/products/hah-loun-0072,/mock-catalog/images/harbor-and-home/HAH-LOUN-0072.jpg,,in_stock,67.42 USD,,Harbor & Home,,HAH-LOUN-0072,new,Apparel & Accessories > Clothing > Sleepwear & Loungewear,Apparel > Loungewear,HAH-LOUN-GRP-006,Blush Pink,S,Waffle Knit,73
HAH-LOUN-0073,Signature Lounge Pants – Navy,"The Signature Lounge Pants from Harbor & Home, crafted in waffle knit, the softest way to unwind at home. Shown in Navy.",https://harbor-and-home.example.com/products/hah-loun-0073,/mock-catalog/images/harbor-and-home/HAH-LOUN-0073.jpg,,in_stock,91.67 USD,,Harbor Living,,HAH-LOUN-0073,new,Apparel & Accessories > Clothing > Sleepwear & Loungewear,Apparel > Loungewear,HAH-LOUN-GRP-007,Navy,L,Waffle Knit,248
HAH-LOUN-0074,Classic Slipper Socks – Slate Gray,"The Classic Slipper Socks from Harbor & Home, crafted in waffle knit, the softest way to unwind at home. Shown in Slate Gray.",https://harbor-and-home.example.com/products/hah-loun-0074,/mock-catalog/images/harbor-and-home/HAH-LOUN-0074.jpg,,in_stock,53.74 USD,,Hearthstone,,HAH-LOUN-0074,new,Apparel & Accessories > Clothing > Sleepwear & Loungewear,Apparel > Loungewear,HAH-LOUN-GRP-007,Slate Gray,XL,Waffle Knit,8
HAH-LOUN-0075,Everyday Waffle Robe – Olive,"The Everyday Waffle Robe from Harbor & Home, crafted in waffle knit, the softest way to unwind at home. Shown in Olive.",https://harbor-and-home.example.com/products/hah-loun-0075,/mock-catalog/images/harbor-and-home/HAH-LOUN-0075.jpg,,in_stock,92.41 USD,,Hearthstone,,HAH-LOUN-0075,new,Apparel & Accessories > Clothing > Sleepwear & Loungewear,Apparel > Loungewear,HAH-LOUN-GRP-008,Olive,S,Waffle Knit,216
HAH-WELL-0076,Nova Meditation Cushion – Forest Green,"The Nova Meditation Cushion from Harbor & Home, crafted in bamboo, to bring a little calm into your daily routine. Shown in Forest Green.",https://harbor-and-home.example.com/products/hah-well-0076,/mock-catalog/images/harbor-and-home/HAH-WELL-0076.jpg,,in_stock,45.54 USD,,Harbor & Home,,HAH-WELL-0076,new,Health & Beauty > Health Care,Wellness > Aromatherapy,HAH-WELL-GRP-001,Forest Green,,Bamboo,125
HAH-WELL-0077,Minimalist Essential Oil Diffuser – Sky Blue,"The Minimalist Essential Oil Diffuser from Harbor & Home, crafted in cork, to bring a little calm into your daily routine. Shown in Sky Blue.",https://harbor-and-home.example.com/products/hah-well-0077,/mock-catalog/images/harbor-and-home/HAH-WELL-0077.jpg,,in_stock,25.28 USD,,Harbor & Home,,HAH-WELL-0077,new,Health & Beauty > Health Care,Wellness > Aromatherapy,HAH-WELL-GRP-001,Sky Blue,,Cork,100
HAH-WELL-0078,Modern Aromatherapy Set – Charcoal,"The Modern Aromatherapy Set from Harbor & Home, crafted in bamboo, to bring a little calm into your daily routine. Shown in Charcoal.",https://harbor-and-home.example.com/products/hah-well-0078,/mock-catalog/images/harbor-and-home/HAH-WELL-0078.jpg,,in_stock,35.04 USD,29.65 USD,Harbor Living,,HAH-WELL-0078,new,Health & Beauty > Health Care,Wellness > Aromatherapy,HAH-WELL-GRP-002,Charcoal,,Bamboo,88
HAH-WELL-0079,Terra Aromatherapy Set – Sand,"The Terra Aromatherapy Set from Harbor & Home, crafted in cork, to bring a little calm into your daily routine. Shown in Sand.",https://harbor-and-home.example.com/products/hah-well-0079,/mock-catalog/images/harbor-and-home/HAH-WELL-0079.jpg,,in_stock,65.52 USD,,Hearthstone,,HAH-WELL-0079,new,Health & Beauty > Health Care,Wellness > Aromatherapy,HAH-WELL-GRP-002,Sand,,Cork,250
HAH-WELL-0080,Trail Essential Oil Diffuser – Cream,"The Trail Essential Oil Diffuser from Harbor & Home, crafted in bamboo, to bring a little calm into your daily routine. Shown in Cream.",https://harbor-and-home.example.com/products/hah-well-0080,/mock-catalog/images/harbor-and-home/HAH-WELL-0080.jpg,,in_stock,54.73 USD,,Hearthstone,,HAH-WELL-0080,new,Health & Beauty > Health Care,Wellness > Aromatherapy,HAH-WELL-GRP-003,Cream,,Bamboo,250
HAH-WELL-0081,Everyday Essential Oil Diffuser – Cream,"The Everyday Essential Oil Diffuser from Harbor & Home, crafted in bamboo, to bring a little calm into your daily routine. Shown in Cream.",https://harbor-and-home.example.com/products/hah-well-0081,/mock-catalog/images/harbor-and-home/HAH-WELL-0081.jpg,,in_stock,38.59 USD,,Hearthstone,,HAH-WELL-0081,new,Health & Beauty > Health Care,Wellness > Aromatherapy,HAH-WELL-GRP-003,Cream,,Bamboo,209
HAH-WELL-0082,Modern Yoga Mat – Olive,"The Modern Yoga Mat from Harbor & Home, crafted in cork, to bring a little calm into your daily routine. Shown in Olive.",https://harbor-and-home.example.com/products/hah-well-0082,/mock-catalog/images/harbor-and-home/HAH-WELL-0082.jpg,,in_stock,58.17 USD,,Hearthstone,,HAH-WELL-0082,new,Health & Beauty > Health Care,Wellness > Aromatherapy,HAH-WELL-GRP-004,Olive,,Cork,15
HAH-WELL-0083,Featherlight Aromatherapy Set – Sand,"The Featherlight Aromatherapy Set from Harbor & Home, crafted in bamboo, to bring a little calm into your daily routine. Shown in Sand.",https://harbor-and-home.example.com/products/hah-well-0083,/mock-catalog/images/harbor-and-home/HAH-WELL-0083.jpg,,in_stock,56.32 USD,45.91 USD,Harbor Living,,HAH-WELL-0083,new,Health & Beauty > Health Care,Wellness > Aromatherapy,HAH-WELL-GRP-004,Sand,,Bamboo,235
HAH-WELL-0084,Signature Essential Oil Diffuser – Charcoal,"The Signature Essential Oil Diffuser from Harbor & Home, crafted in cork, to bring a little calm into your daily routine. Shown in Charcoal.",https://harbor-and-home.example.com/products/hah-well-0084,/mock-catalog/images/harbor-and-home/HAH-WELL-0084.jpg,,in_stock,25.45 USD,,Harbor & Home,,HAH-WELL-0084,new,Health & Beauty > Health Care,Wellness > Aromatherapy,HAH-WELL-GRP-005,Charcoal,,Cork,194
HAH-WELL-0085,Aero Aromatherapy Set – Black,"The Aero Aromatherapy Set from Harbor & Home, crafted in cork, to bring a little calm into your daily routine. Shown in Black.",https://harbor-and-home.example.com/products/hah-well-0085,/mock-catalog/images/harbor-and-home/HAH-WELL-0085.jpg,,in_stock,83.27 USD,,Hearthstone,,HAH-WELL-0085,new,Health & Beauty > Health Care,Wellness > Aromatherapy,HAH-WELL-GRP-005,Black,,Cork,177
HAH-WELL-0086,Luxe Meditation Cushion – Blush Pink,"The Luxe Meditation Cushion from Harbor & Home, crafted in cork, to bring a little calm into your daily routine. Shown in Blush Pink.",https://harbor-and-home.example.com/products/hah-well-0086,/mock-catalog/images/harbor-and-home/HAH-WELL-0086.jpg,,in_stock,85.01 USD,,Harbor & Home,,HAH-WELL-0086,new,Health & Beauty > Health Care,Wellness > Aromatherapy,HAH-WELL-GRP-006,Blush Pink,,Cork,183
HAH-WELL-0087,Alpine Aromatherapy Set – Charcoal,"The Alpine Aromatherapy Set from Harbor & Home, crafted in bamboo, to bring a little calm into your daily routine. Shown in Charcoal.",https://harbor-and-home.example.com/products/hah-well-0087,/mock-catalog/images/harbor-and-home/HAH-WELL-0087.jpg,,in_stock,36.12 USD,28.76 USD,Harbor Living,,HAH-WELL-0087,new,Health & Beauty > Health Care,Wellness > Aromatherapy,HAH-WELL-GRP-006,Charcoal,,Bamboo,97
HAH-WELL-0088,Signature Aromatherapy Set – Charcoal,"The Signature Aromatherapy Set from Harbor & Home, crafted in bamboo, to bring a little calm into your daily routine. Shown in Charcoal.",https://harbor-and-home.example.com/products/hah-well-0088,/mock-catalog/images/harbor-and-home/HAH-WELL-0088.jpg,,in_stock,81.37 USD,,Harbor Living,,HAH-WELL-0088,new,Health & Beauty > Health Care,Wellness > Aromatherapy,HAH-WELL-GRP-007,Charcoal,,Bamboo,144
HAH-WELL-0089,Classic Aromatherapy Set – Forest Green,"The Classic Aromatherapy Set from Harbor & Home, crafted in bamboo, to bring a little calm into your daily routine. Shown in Forest Green.",https://harbor-and-home.example.com/products/hah-well-0089,/mock-catalog/images/harbor-and-home/HAH-WELL-0089.jpg,,in_stock,60.53 USD,,Harbor & Home,,HAH-WELL-0089,new,Health & Beauty > Health Care,Wellness > Aromatherapy,HAH-WELL-GRP-007,Forest Green,,Bamboo,93
HAH-WELL-0090,Alpine Essential Oil Diffuser – Sky Blue,"The Alpine Essential Oil Diffuser from Harbor & Home, crafted in cork, to bring a little calm into your daily routine. Shown in Sky Blue.",https://harbor-and-home.example.com/products/hah-well-0090,/mock-catalog/images/harbor-and-home/HAH-WELL-0090.jpg,,in_stock,77.90 USD,63.94 USD,Hearthstone,,HAH-WELL-0090,new,Health & Beauty > Health Care,Wellness > Aromatherapy,HAH-WELL-GRP-008,Sky Blue,,Cork,41
HAH-TUMB-0091,Urban Travel Mug – Sand,"The Urban Travel Mug from Harbor & Home, crafted in stainless steel, double-walled to keep drinks hot or cold for hours. Shown in Sand.",https://harbor-and-home.example.com/products/hah-tumb-0091,/mock-catalog/images/harbor-and-home/HAH-TUMB-0091.jpg,,in_stock,24.50 USD,,Harbor & Home,,HAH-TUMB-0091,new,Home & Garden > Kitchen & Dining > Food & Beverage Carriers > Water Bottles,Drinkware > Tumblers,HAH-TUMB-GRP-001,Sand,,Stainless Steel,199
HAH-TUMB-0092,Rugged Glass Water Bottle – Cream,"The Rugged Glass Water Bottle from Harbor & Home, crafted in stainless steel, double-walled to keep drinks hot or cold for hours. Shown in Cream.",https://harbor-and-home.example.com/products/hah-tumb-0092,/mock-catalog/images/harbor-and-home/HAH-TUMB-0092.jpg,,in_stock,39.09 USD,,Hearthstone,,HAH-TUMB-0092,new,Home & Garden > Kitchen & Dining > Food & Beverage Carriers > Water Bottles,Drinkware > Tumblers,HAH-TUMB-GRP-001,Cream,,Stainless Steel,80
HAH-TUMB-0093,Modern Glass Water Bottle – Slate Gray,"The Modern Glass Water Bottle from Harbor & Home, crafted in stainless steel, double-walled to keep drinks hot or cold for hours. Shown in Slate Gray.",https://harbor-and-home.example.com/products/hah-tumb-0093,/mock-catalog/images/harbor-and-home/HAH-TUMB-0093.jpg,,in_stock,22.85 USD,18.11 USD,Harbor Living,,HAH-TUMB-0093,new,Home & Garden > Kitchen & Dining > Food & Beverage Carriers > Water Bottles,Drinkware > Tumblers,HAH-TUMB-GRP-002,Slate Gray,,Stainless Steel,157
HAH-TUMB-0094,Coastal Insulated Tumbler – Terracotta,"The Coastal Insulated Tumbler from Harbor & Home, crafted in stainless steel, double-walled to keep drinks hot or cold for hours. Shown in Terracotta.",https://harbor-and-home.example.com/products/hah-tumb-0094,/mock-catalog/images/harbor-and-home/HAH-TUMB-0094.jpg,,in_stock,36.49 USD,31.43 USD,Hearthstone,,HAH-TUMB-0094,new,Home & Garden > Kitchen & Dining > Food & Beverage Carriers > Water Bottles,Drinkware > Tumblers,HAH-TUMB-GRP-002,Terracotta,,Stainless Steel,84
HAH-TUMB-0095,Terra Glass Water Bottle – Terracotta,"The Terra Glass Water Bottle from Harbor & Home, crafted in borosilicate glass, double-walled to keep drinks hot or cold for hours. Shown in Terracotta.",https://harbor-and-home.example.com/products/hah-tumb-0095,/mock-catalog/images/harbor-and-home/HAH-TUMB-0095.jpg,,in_stock,41.66 USD,,Hearthstone,,HAH-TUMB-0095,new,Home & Garden > Kitchen & Dining > Food & Beverage Carriers > Water Bottles,Drinkware > Tumblers,HAH-TUMB-GRP-003,Terracotta,,Borosilicate Glass,224
HAH-TUMB-0096,Trail Glass Water Bottle – Olive,"The Trail Glass Water Bottle from Harbor & Home, crafted in stainless steel, double-walled to keep drinks hot or cold for hours. Shown in Olive.",https://harbor-and-home.example.com/products/hah-tumb-0096,/mock-catalog/images/harbor-and-home/HAH-TUMB-0096.jpg,,in_stock,38.11 USD,,Harbor & Home,,HAH-TUMB-0096,new,Home & Garden > Kitchen & Dining > Food & Beverage Carriers > Water Bottles,Drinkware > Tumblers,HAH-TUMB-GRP-003,Olive,,Stainless Steel,168
HAH-TUMB-0097,Aero Travel Mug – Olive,"The Aero Travel Mug from Harbor & Home, crafted in stainless steel, double-walled to keep drinks hot or cold for hours. Shown in Olive.",https://harbor-and-home.example.com/products/hah-tumb-0097,/mock-catalog/images/harbor-and-home/HAH-TUMB-0097.jpg,,in_stock,29.55 USD,,Harbor Living,,HAH-TUMB-0097,new,Home & Garden > Kitchen & Dining > Food & Beverage Carriers > Water Bottles,Drinkware > Tumblers,HAH-TUMB-GRP-004,Olive,,Stainless Steel,124
HAH-TUMB-0098,Trail Travel Mug – Slate Gray,"The Trail Travel Mug from Harbor & Home, crafted in stainless steel, double-walled to keep drinks hot or cold for hours. Shown in Slate Gray.",https://harbor-and-home.example.com/products/hah-tumb-0098,/mock-catalog/images/harbor-and-home/HAH-TUMB-0098.jpg,,in_stock,45.22 USD,,Harbor & Home,,HAH-TUMB-0098,new,Home & Garden > Kitchen & Dining > Food & Beverage Carriers > Water Bottles,Drinkware > Tumblers,HAH-TUMB-GRP-004,Slate Gray,,Stainless Steel,10
HAH-TUMB-0099,Premium Glass Water Bottle – Black,"The Premium Glass Water Bottle from Harbor & Home, crafted in borosilicate glass, double-walled to keep drinks hot or cold for hours. Shown in Black.",https://harbor-and-home.example.com/products/hah-tumb-0099,/mock-catalog/images/harbor-and-home/HAH-TUMB-0099.jpg,,in_stock,26.22 USD,22.45 USD,Harbor & Home,,HAH-TUMB-0099,new,Home & Garden > Kitchen & Dining > Food & Beverage Carriers > Water Bottles,Drinkware > Tumblers,HAH-TUMB-GRP-005,Black,,Borosilicate Glass,183
HAH-TUMB-0100,Nova Travel Mug – Olive,"The Nova Travel Mug from Harbor & Home, crafted in stainless steel, double-walled to keep drinks hot or cold for hours. Shown in Olive.",https://harbor-and-home.example.com/products/hah-tumb-0100,/mock-catalog/images/harbor-and-home/HAH-TUMB-0100.jpg,,in_stock,34.10 USD,,Hearthstone,,HAH-TUMB-0100,new,Home & Garden > Kitchen & Dining > Food & Beverage Carriers > Water Bottles,Drinkware > Tumblers,HAH-TUMB-GRP-005,Olive,,Stainless Steel,162
HAH-TUMB-0101,Everyday Insulated Tumbler – Blush Pink,"The Everyday Insulated Tumbler from Harbor & Home, crafted in stainless steel, double-walled to keep drinks hot or cold for hours. Shown in Blush Pink.",https://harbor-and-home.example.com/products/hah-tumb-0101,/mock-catalog/images/harbor-and-home/HAH-TUMB-0101.jpg,,in_stock,27.49 USD,,Harbor Living,,HAH-TUMB-0101,new,Home & Garden > Kitchen & Dining > Food & Beverage Carriers > Water Bottles,Drinkware > Tumblers,HAH-TUMB-GRP-006,Blush Pink,,Stainless Steel,223
HAH-TUMB-0102,Everyday Travel Mug – Blush Pink,"The Everyday Travel Mug from Harbor & Home, crafted in borosilicate glass, double-walled to keep drinks hot or cold for hours. Shown in Blush Pink.",https://harbor-and-home.example.com/products/hah-tumb-0102,/mock-catalog/images/harbor-and-home/HAH-TUMB-0102.jpg,,in_stock,39.08 USD,,Harbor Living,,HAH-TUMB-0102,new,Home & Garden > Kitchen & Dining > Food & Beverage Carriers > Water Bottles,Drinkware > Tumblers,HAH-TUMB-GRP-006,Blush Pink,,Borosilicate Glass,222
HAH-TUMB-0103,Alpine Glass Water Bottle – White,"The Alpine Glass Water Bottle from Harbor & Home, crafted in borosilicate glass, double-walled to keep drinks hot or cold for hours. Shown in White.",https://harbor-and-home.example.com/products/hah-tumb-0103,/mock-catalog/images/harbor-and-home/HAH-TUMB-0103.jpg,,in_stock,32.25 USD,,Hearthstone,,HAH-TUMB-0103,new,Home & Garden > Kitchen & Dining > Food & Beverage Carriers > Water Bottles,Drinkware > Tumblers,HAH-TUMB-GRP-007,White,,Borosilicate Glass,173
HAH-TUMB-0104,Rugged Travel Mug – Cream,"The Rugged Travel Mug from Harbor & Home, crafted in stainless steel, double-walled to keep drinks hot or cold for hours. Shown in Cream.",https://harbor-and-home.example.com/products/hah-tumb-0104,/mock-catalog/images/harbor-and-home/HAH-TUMB-0104.jpg,,in_stock,22.39 USD,,Harbor Living,,HAH-TUMB-0104,new,Home & Garden > Kitchen & Dining > Food & Beverage Carriers > Water Bottles,Drinkware > Tumblers,HAH-TUMB-GRP-007,Cream,,Stainless Steel,56
HAH-TUMB-0105,Luxe Glass Water Bottle – Slate Gray,"The Luxe Glass Water Bottle from Harbor & Home, crafted in stainless steel, double-walled to keep drinks hot or cold for hours. Shown in Slate Gray.",https://harbor-and-home.example.com/products/hah-tumb-0105,/mock-catalog/images/harbor-and-home/HAH-TUMB-0105.jpg,,in_stock,39.77 USD,,Harbor & Home,,HAH-TUMB-0105,new,Home & Garden > Kitchen & Dining > Food & Beverage Carriers > Water Bottles,Drinkware > Tumblers,HAH-TUMB-GRP-008,Slate Gray,,Stainless Steel,83
HAH-KITC-0106,Alpine Utensil Set,"The Alpine Utensil Set from Harbor & Home, crafted in acacia wood, the dependable tools every kitchen needs.",https://harbor-and-home.example.com/products/hah-kitc-0106,/mock-catalog/images/harbor-and-home/HAH-KITC-0106.jpg,,in_stock,58.56 USD,,Hearthstone,,HAH-KITC-0106,new,Home & Garden > Kitchen & Dining > Kitchen Tools & Utensils,Kitchen > Tools,HAH-KITC-GRP-001,,,Acacia Wood,65
HAH-KITC-0107,Minimalist Cutting Board,"The Minimalist Cutting Board from Harbor & Home, crafted in acacia wood, the dependable tools every kitchen needs.",https://harbor-and-home.example.com/products/hah-kitc-0107,/mock-catalog/images/harbor-and-home/HAH-KITC-0107.jpg,,in_stock,26.93 USD,,Hearthstone,,HAH-KITC-0107,new,Home & Garden > Kitchen & Dining > Kitchen Tools & Utensils,Kitchen > Tools,HAH-KITC-GRP-001,,,Acacia Wood,222
HAH-KITC-0108,Premium Measuring Cups,"The Premium Measuring Cups from Harbor & Home, crafted in stainless steel, the dependable tools every kitchen needs.",https://harbor-and-home.example.com/products/hah-kitc-0108,/mock-catalog/images/harbor-and-home/HAH-KITC-0108.jpg,,in_stock,21.78 USD,,Hearthstone,,HAH-KITC-0108,new,Home & Garden > Kitchen & Dining > Kitchen Tools & Utensils,Kitchen > Tools,HAH-KITC-GRP-002,,,Stainless Steel,195
HAH-KITC-0109,Rugged Knife Block Set,"The Rugged Knife Block Set from Harbor & Home, crafted in acacia wood, the dependable tools every kitchen needs.",https://harbor-and-home.example.com/products/hah-kitc-0109,/mock-catalog/images/harbor-and-home/HAH-KITC-0109.jpg,,in_stock,67.62 USD,,Harbor & Home,,HAH-KITC-0109,new,Home & Garden > Kitchen & Dining > Kitchen Tools & Utensils,Kitchen > Tools,HAH-KITC-GRP-002,,,Acacia Wood,36
HAH-KITC-0110,Essential Cutting Board,"The Essential Cutting Board from Harbor & Home, crafted in acacia wood, the dependable tools every kitchen needs.",https://harbor-and-home.example.com/products/hah-kitc-0110,/mock-catalog/images/harbor-and-home/HAH-KITC-0110.jpg,,in_stock,31.23 USD,25.42 USD,Harbor Living,,HAH-KITC-0110,new,Home & Garden > Kitchen & Dining > Kitchen Tools & Utensils,Kitchen > Tools,HAH-KITC-GRP-003,,,Acacia Wood,102
HAH-KITC-0111,Minimalist Knife Block Set,"The Minimalist Knife Block Set from Harbor & Home, crafted in acacia wood, the dependable tools every kitchen needs.",https://harbor-and-home.example.com/products/hah-kitc-0111,/mock-catalog/images/harbor-and-home/HAH-KITC-0111.jpg,,in_stock,20.96 USD,,Hearthstone,,HAH-KITC-0111,new,Home & Garden > Kitchen & Dining > Kitchen Tools & Utensils,Kitchen > Tools,HAH-KITC-GRP-003,,,Acacia Wood,225
HAH-KITC-0112,Coastal Cutting Board,"The Coastal Cutting Board from Harbor & Home, crafted in stainless steel, the dependable tools every kitchen needs.",https://harbor-and-home.example.com/products/hah-kitc-0112,/mock-catalog/images/harbor-and-home/HAH-KITC-0112.jpg,,in_stock,46.82 USD,,Hearthstone,,HAH-KITC-0112,new,Home & Garden > Kitchen & Dining > Kitchen Tools & Utensils,Kitchen > Tools,HAH-KITC-GRP-004,,,Stainless Steel,243
HAH-KITC-0113,Urban Utensil Set,"The Urban Utensil Set from Harbor & Home, crafted in acacia wood, the dependable tools every kitchen needs.",https://harbor-and-home.example.com/products/hah-kitc-0113,/mock-catalog/images/harbor-and-home/HAH-KITC-0113.jpg,,in_stock,14.80 USD,,Harbor & Home,,HAH-KITC-0113,new,Home & Garden > Kitchen & Dining > Kitchen Tools & Utensils,Kitchen > Tools,HAH-KITC-GRP-004,,,Acacia Wood,24
HAH-KITC-0114,Everyday Cutting Board,"The Everyday Cutting Board from Harbor & Home, crafted in stainless steel, the dependable tools every kitchen needs.",https://harbor-and-home.example.com/products/hah-kitc-0114,/mock-catalog/images/harbor-and-home/HAH-KITC-0114.jpg,,in_stock,13.97 USD,,Hearthstone,,HAH-KITC-0114,new,Home & Garden > Kitchen & Dining > Kitchen Tools & Utensils,Kitchen > Tools,HAH-KITC-GRP-005,,,Stainless Steel,158
HAH-KITC-0115,Studio Knife Block Set,"The Studio Knife Block Set from Harbor & Home, crafted in acacia wood, the dependable tools every kitchen needs.",https://harbor-and-home.example.com/products/hah-kitc-0115,/mock-catalog/images/harbor-and-home/HAH-KITC-0115.jpg,,in_stock,32.25 USD,,Hearthstone,,HAH-KITC-0115,new,Home & Garden > Kitchen & Dining > Kitchen Tools & Utensils,Kitchen > Tools,HAH-KITC-GRP-005,,,Acacia Wood,223
HAH-KITC-0116,Urban Measuring Cups,"The Urban Measuring Cups from Harbor & Home, crafted in stainless steel, the dependable tools every kitchen needs.",https://harbor-and-home.example.com/products/hah-kitc-0116,/mock-catalog/images/harbor-and-home/HAH-KITC-0116.jpg,,in_stock,62.90 USD,,Harbor & Home,,HAH-KITC-0116,new,Home & Garden > Kitchen & Dining > Kitchen Tools & Utensils,Kitchen > Tools,HAH-KITC-GRP-006,,,Stainless Steel,201
HAH-KITC-0117,Featherlight Measuring Cups,"The Featherlight Measuring Cups from Harbor & Home, crafted in stainless steel, the dependable tools every kitchen needs.",https://harbor-and-home.example.com/products/hah-kitc-0117,/mock-catalog/images/harbor-and-home/HAH-KITC-0117.jpg,,in_stock,55.06 USD,,Harbor Living,,HAH-KITC-0117,new,Home & Garden > Kitchen & Dining > Kitchen Tools & Utensils,Kitchen > Tools,HAH-KITC-GRP-006,,,Stainless Steel,8
HAH-KITC-0118,Aero Measuring Cups,"The Aero Measuring Cups from Harbor & Home, crafted in acacia wood, the dependable tools every kitchen needs.",https://harbor-and-home.example.com/products/hah-kitc-0118,/mock-catalog/images/harbor-and-home/HAH-KITC-0118.jpg,,in_stock,25.64 USD,,Harbor & Home,,HAH-KITC-0118,new,Home & Garden > Kitchen & Dining > Kitchen Tools & Utensils,Kitchen > Tools,HAH-KITC-GRP-007,,,Acacia Wood,14
HAH-KITC-0119,Minimalist Measuring Cups,"The Minimalist Measuring Cups from Harbor & Home, crafted in acacia wood, the dependable tools every kitchen needs.",https://harbor-and-home.example.com/products/hah-kitc-0119,/mock-catalog/images/harbor-and-home/HAH-KITC-0119.jpg,,in_stock,41.00 USD,,Hearthstone,,HAH-KITC-0119,new,Home & Garden > Kitchen & Dining > Kitchen Tools & Utensils,Kitchen > Tools,HAH-KITC-GRP-007,,,Acacia Wood,126
HAH-KITC-0120,Modern Cutting Board,"The Modern Cutting Board from Harbor & Home, crafted in stainless steel, the dependable tools every kitchen needs.",https://harbor-and-home.example.com/products/hah-kitc-0120,/mock-catalog/images/harbor-and-home/HAH-KITC-0120.jpg,,in_stock,41.19 USD,,Harbor & Home,,HAH-KITC-0120,new,Home & Garden > Kitchen & Dining > Kitchen Tools & Utensils,Kitchen > Tools,HAH-KITC-GRP-008,,,Stainless Steel,35
HAH-STOR-0121,Featherlight Shelf Organizer – Slate Gray,"The Featherlight Shelf Organizer from Harbor & Home, crafted in seagrass, tidy, natural storage that looks good on the shelf. Shown in Slate Gray.",https://harbor-and-home.example.com/products/hah-stor-0121,/mock-catalog/images/harbor-and-home/HAH-STOR-0121.jpg,,in_stock,54.30 USD,,Hearthstone,,HAH-STOR-0121,new,Home & Garden > Household Supplies > Storage & Organization,Home > Storage,HAH-STOR-GRP-001,Slate Gray,,Seagrass,171
HAH-STOR-0122,Premium Glass Jar Set – Blush Pink,"The Premium Glass Jar Set from Harbor & Home, crafted in seagrass, tidy, natural storage that looks good on the shelf. Shown in Blush Pink.",https://harbor-and-home.example.com/products/hah-stor-0122,/mock-catalog/images/harbor-and-home/HAH-STOR-0122.jpg,,in_stock,45.71 USD,39.71 USD,Hearthstone,,HAH-STOR-0122,new,Home & Garden > Household Supplies > Storage & Organization,Home > Storage,HAH-STOR-GRP-001,Blush Pink,,Seagrass,235
HAH-STOR-0123,Minimalist Glass Jar Set – Sand,"The Minimalist Glass Jar Set from Harbor & Home, crafted in bamboo, tidy, natural storage that looks good on the shelf. Shown in Sand.",https://harbor-and-home.example.com/products/hah-stor-0123,/mock-catalog/images/harbor-and-home/HAH-STOR-0123.jpg,,in_stock,43.49 USD,,Harbor Living,,HAH-STOR-0123,new,Home & Garden > Household Supplies > Storage & Organization,Home > Storage,HAH-STOR-GRP-002,Sand,,Bamboo,237
HAH-STOR-0124,Urban Woven Basket – Olive,"The Urban Woven Basket from Harbor & Home, crafted in bamboo, tidy, natural storage that looks good on the shelf. Shown in Olive.",https://harbor-and-home.example.com/products/hah-stor-0124,/mock-catalog/images/harbor-and-home/HAH-STOR-0124.jpg,,in_stock,45.04 USD,,Harbor Living,,HAH-STOR-0124,new,Home & Garden > Household Supplies > Storage & Organization,Home > Storage,HAH-STOR-GRP-002,Olive,,Bamboo,9
HAH-STOR-0125,Alpine Shelf Organizer – Sand,"The Alpine Shelf Organizer from Harbor & Home, crafted in bamboo, tidy, natural storage that looks good on the shelf. Shown in Sand.",https://harbor-and-home.example.com/products/hah-stor-0125,/mock-catalog/images/harbor-and-home/HAH-STOR-0125.jpg,,in_stock,50.09 USD,,Harbor & Home,,HAH-STOR-0125,new,Home & Garden > Household Supplies > Storage & Organization,Home > Storage,HAH-STOR-GRP-003,Sand,,Bamboo,28
HAH-STOR-0126,Nova Glass Jar Set – Charcoal,"The Nova Glass Jar Set from Harbor & Home, crafted in seagrass, tidy, natural storage that looks good on the shelf. Shown in Charcoal.",https://harbor-and-home.example.com/products/hah-stor-0126,/mock-catalog/images/harbor-and-home/HAH-STOR-0126.jpg,,in_stock,42.29 USD,,Harbor Living,,HAH-STOR-0126,new,Home & Garden > Household Supplies > Storage & Organization,Home > Storage,HAH-STOR-GRP-003,Charcoal,,Seagrass,69
HAH-STOR-0127,Signature Woven Basket – Blush Pink,"The Signature Woven Basket from Harbor & Home, crafted in seagrass, tidy, natural storage that looks good on the shelf. Shown in Blush Pink.",https://harbor-and-home.example.com/products/hah-stor-0127,/mock-catalog/images/harbor-and-home/HAH-STOR-0127.jpg,,in_stock,37.02 USD,,Hearthstone,,HAH-STOR-0127,new,Home & Garden > Household Supplies > Storage & Organization,Home > Storage,HAH-STOR-GRP-004,Blush Pink,,Seagrass,78
HAH-STOR-0128,Essential Woven Basket – Burgundy,"The Essential Woven Basket from Harbor & Home, crafted in seagrass, tidy, natural storage that looks good on the shelf. Shown in Burgundy.",https://harbor-and-home.example.com/products/hah-stor-0128,/mock-catalog/images/harbor-and-home/HAH-STOR-0128.jpg,,in_stock,45.81 USD,,Harbor Living,,HAH-STOR-0128,new,Home & Garden > Household Supplies > Storage & Organization,Home > Storage,HAH-STOR-GRP-004,Burgundy,,Seagrass,208
HAH-STOR-0129,Rugged Woven Basket – Cream,"The Rugged Woven Basket from Harbor & Home, crafted in seagrass, tidy, natural storage that looks good on the shelf. Shown in Cream.",https://harbor-and-home.example.com/products/hah-stor-0129,/mock-catalog/images/harbor-and-home/HAH-STOR-0129.jpg,,in_stock,70.74 USD,,Harbor Living,,HAH-STOR-0129,new,Home & Garden > Household Supplies > Storage & Organization,Home > Storage,HAH-STOR-GRP-005,Cream,,Seagrass,182
HAH-STOR-0130,Trail Shelf Organizer – Sand,"The Trail Shelf Organizer from Harbor & Home, crafted in bamboo, tidy, natural storage that looks good on the shelf. Shown in Sand.",https://harbor-and-home.example.com/products/hah-stor-0130,/mock-catalog/images/harbor-and-home/HAH-STOR-0130.jpg,,in_stock,67.82 USD,,Harbor & Home,,HAH-STOR-0130,new,Home & Garden > Household Supplies > Storage & Organization,Home > Storage,HAH-STOR-GRP-005,Sand,,Bamboo,195
HAH-STOR-0131,Classic Storage Bin Set – Sand,"The Classic Storage Bin Set from Harbor & Home, crafted in bamboo, tidy, natural storage that looks good on the shelf. Shown in Sand.",https://harbor-and-home.example.com/products/hah-stor-0131,/mock-catalog/images/harbor-and-home/HAH-STOR-0131.jpg,,in_stock,34.65 USD,,Harbor & Home,,HAH-STOR-0131,new,Home & Garden > Household Supplies > Storage & Organization,Home > Storage,HAH-STOR-GRP-006,Sand,,Bamboo,65
HAH-STOR-0132,Heritage Woven Basket – Sand,"The Heritage Woven Basket from Harbor & Home, crafted in seagrass, tidy, natural storage that looks good on the shelf. Shown in Sand.",https://harbor-and-home.example.com/products/hah-stor-0132,/mock-catalog/images/harbor-and-home/HAH-STOR-0132.jpg,,in_stock,52.41 USD,,Hearthstone,,HAH-STOR-0132,new,Home & Garden > Household Supplies > Storage & Organization,Home > Storage,HAH-STOR-GRP-006,Sand,,Seagrass,240
HAH-STOR-0133,Everyday Shelf Organizer – Charcoal,"The Everyday Shelf Organizer from Harbor & Home, crafted in seagrass, tidy, natural storage that looks good on the shelf. Shown in Charcoal.",https://harbor-and-home.example.com/products/hah-stor-0133,/mock-catalog/images/harbor-and-home/HAH-STOR-0133.jpg,,in_stock,59.65 USD,,Hearthstone,,HAH-STOR-0133,new,Home & Garden > Household Supplies > Storage & Organization,Home > Storage,HAH-STOR-GRP-007,Charcoal,,Seagrass,186
HAH-STOR-0134,Luxe Woven Basket – Olive,"The Luxe Woven Basket from Harbor & Home, crafted in seagrass, tidy, natural storage that looks good on the shelf. Shown in Olive.",https://harbor-and-home.example.com/products/hah-stor-0134,/mock-catalog/images/harbor-and-home/HAH-STOR-0134.jpg,,in_stock,25.19 USD,,Harbor & Home,,HAH-STOR-0134,new,Home & Garden > Household Supplies > Storage & Organization,Home > Storage,HAH-STOR-GRP-007,Olive,,Seagrass,95
HAH-STOR-0135,Classic Glass Jar Set – Blush Pink,"The Classic Glass Jar Set from Harbor & Home, crafted in seagrass, tidy, natural storage that looks good on the shelf. Shown in Blush Pink.",https://harbor-and-home.example.com/products/hah-stor-0135,/mock-catalog/images/harbor-and-home/HAH-STOR-0135.jpg,,in_stock,40.08 USD,34.63 USD,Harbor & Home,,HAH-STOR-0135,new,Home & Garden > Household Supplies > Storage & Organization,Home > Storage,HAH-STOR-GRP-008,Blush Pink,,Seagrass,76
HAH-LINE-0136,Nova Cotton Placemats – Terracotta,"The Nova Cotton Placemats from Harbor & Home, crafted in cotton, elevate the table for everyday and gatherings alike. Shown in Terracotta.",https://harbor-and-home.example.com/products/hah-line-0136,/mock-catalog/images/harbor-and-home/HAH-LINE-0136.jpg,,in_stock,25.73 USD,,Hearthstone,,HAH-LINE-0136,new,Home & Garden > Linens & Bedding > Table Linens,Home > Table Linens,HAH-LINE-GRP-001,Terracotta,,Cotton,34
HAH-LINE-0137,Essential Tea Towel Set – Slate Gray,"The Essential Tea Towel Set from Harbor & Home, crafted in cotton, elevate the table for everyday and gatherings alike. Shown in Slate Gray.",https://harbor-and-home.example.com/products/hah-line-0137,/mock-catalog/images/harbor-and-home/HAH-LINE-0137.jpg,,in_stock,32.13 USD,25.51 USD,Harbor Living,,HAH-LINE-0137,new,Home & Garden > Linens & Bedding > Table Linens,Home > Table Linens,HAH-LINE-GRP-001,Slate Gray,,Cotton,149
HAH-LINE-0138,Terra Linen Napkin Set – Cream,"The Terra Linen Napkin Set from Harbor & Home, crafted in french linen, elevate the table for everyday and gatherings alike. Shown in Cream.",https://harbor-and-home.example.com/products/hah-line-0138,/mock-catalog/images/harbor-and-home/HAH-LINE-0138.jpg,,in_stock,19.86 USD,16.47 USD,Hearthstone,,HAH-LINE-0138,new,Home & Garden > Linens & Bedding > Table Linens,Home > Table Linens,HAH-LINE-GRP-002,Cream,,French Linen,32
HAH-LINE-0139,Classic Tea Towel Set – Olive,"The Classic Tea Towel Set from Harbor & Home, crafted in french linen, elevate the table for everyday and gatherings alike. Shown in Olive.",https://harbor-and-home.example.com/products/hah-line-0139,/mock-catalog/images/harbor-and-home/HAH-LINE-0139.jpg,,in_stock,28.78 USD,,Harbor Living,,HAH-LINE-0139,new,Home & Garden > Linens & Bedding > Table Linens,Home > Table Linens,HAH-LINE-GRP-002,Olive,,French Linen,45
HAH-LINE-0140,Featherlight Table Runner – Charcoal,"The Featherlight Table Runner from Harbor & Home, crafted in french linen, elevate the table for everyday and gatherings alike. Shown in Charcoal.",https://harbor-and-home.example.com/products/hah-line-0140,/mock-catalog/images/harbor-and-home/HAH-LINE-0140.jpg,,in_stock,26.50 USD,,Harbor Living,,HAH-LINE-0140,new,Home & Garden > Linens & Bedding > Table Linens,Home > Table Linens,HAH-LINE-GRP-003,Charcoal,,French Linen,138
HAH-LINE-0141,Terra Cotton Placemats – White,"The Terra Cotton Placemats from Harbor & Home, crafted in french linen, elevate the table for everyday and gatherings alike. Shown in White.",https://harbor-and-home.example.com/products/hah-line-0141,/mock-catalog/images/harbor-and-home/HAH-LINE-0141.jpg,,in_stock,37.18 USD,,Harbor & Home,,HAH-LINE-0141,new,Home & Garden > Linens & Bedding > Table Linens,Home > Table Linens,HAH-LINE-GRP-003,White,,French Linen,10
HAH-LINE-0142,Urban Cotton Placemats – Black,"The Urban Cotton Placemats from Harbor & Home, crafted in french linen, elevate the table for everyday and gatherings alike. Shown in Black.",https://harbor-and-home.example.com/products/hah-line-0142,/mock-catalog/images/harbor-and-home/HAH-LINE-0142.jpg,,in_stock,57.18 USD,,Harbor & Home,,HAH-LINE-0142,new,Home & Garden > Linens & Bedding > Table Linens,Home > Table Linens,HAH-LINE-GRP-004,Black,,French Linen,199
HAH-LINE-0143,Nova Linen Napkin Set – Olive,"The Nova Linen Napkin Set from Harbor & Home, crafted in french linen, elevate the table for everyday and gatherings alike. Shown in Olive.",https://harbor-and-home.example.com/products/hah-line-0143,/mock-catalog/images/harbor-and-home/HAH-LINE-0143.jpg,,in_stock,31.86 USD,,Hearthstone,,HAH-LINE-0143,new,Home & Garden > Linens & Bedding > Table Linens,Home > Table Linens,HAH-LINE-GRP-004,Olive,,French Linen,218
HAH-LINE-0144,Featherlight Linen Napkin Set – Charcoal,"The Featherlight Linen Napkin Set from Harbor & Home, crafted in cotton, elevate the table for everyday and gatherings alike. Shown in Charcoal.",https://harbor-and-home.example.com/products/hah-line-0144,/mock-catalog/images/harbor-and-home/HAH-LINE-0144.jpg,,in_stock,20.94 USD,,Harbor & Home,,HAH-LINE-0144,new,Home & Garden > Linens & Bedding > Table Linens,Home > Table Linens,HAH-LINE-GRP-005,Charcoal,,Cotton,124
HAH-LINE-0145,Signature Cotton Placemats – Cream,"The Signature Cotton Placemats from Harbor & Home, crafted in french linen, elevate the table for everyday and gatherings alike. Shown in Cream.",https://harbor-and-home.example.com/products/hah-line-0145,/mock-catalog/images/harbor-and-home/HAH-LINE-0145.jpg,,in_stock,49.06 USD,,Harbor & Home,,HAH-LINE-0145,new,Home & Garden > Linens & Bedding > Table Linens,Home > Table Linens,HAH-LINE-GRP-005,Cream,,French Linen,95
HAH-LINE-0146,Rugged Table Runner – Olive,"The Rugged Table Runner from Harbor & Home, crafted in french linen, elevate the table for everyday and gatherings alike. Shown in Olive.",https://harbor-and-home.example.com/products/hah-line-0146,/mock-catalog/images/harbor-and-home/HAH-LINE-0146.jpg,,in_stock,29.68 USD,,Hearthstone,,HAH-LINE-0146,new,Home & Garden > Linens & Bedding > Table Linens,Home > Table Linens,HAH-LINE-GRP-006,Olive,,French Linen,1
HAH-LINE-0147,Nova Table Runner – Sky Blue,"The Nova Table Runner from Harbor & Home, crafted in french linen, elevate the table for everyday and gatherings alike. Shown in Sky Blue.",https://harbor-and-home.example.com/products/hah-line-0147,/mock-catalog/images/harbor-and-home/HAH-LINE-0147.jpg,,in_stock,46.07 USD,36.33 USD,Harbor & Home,,HAH-LINE-0147,new,Home & Garden > Linens & Bedding > Table Linens,Home > Table Linens,HAH-LINE-GRP-006,Sky Blue,,French Linen,101
HAH-LINE-0148,Minimalist Tea Towel Set – Cream,"The Minimalist Tea Towel Set from Harbor & Home, crafted in cotton, elevate the table for everyday and gatherings alike. Shown in Cream.",https://harbor-and-home.example.com/products/hah-line-0148,/mock-catalog/images/harbor-and-home/HAH-LINE-0148.jpg,,in_stock,39.11 USD,,Harbor & Home,,HAH-LINE-0148,new,Home & Garden > Linens & Bedding > Table Linens,Home > Table Linens,HAH-LINE-GRP-007,Cream,,Cotton,134
HAH-LINE-0149,Everyday Table Runner – Sand,"The Everyday Table Runner from Harbor & Home, crafted in french linen, elevate the table for everyday and gatherings alike. Shown in Sand.",https://harbor-and-home.example.com/products/hah-line-0149,/mock-catalog/images/harbor-and-home/HAH-LINE-0149.jpg,,in_stock,17.99 USD,14.49 USD,Hearthstone,,HAH-LINE-0149,new,Home & Garden > Linens & Bedding > Table Linens,Home > Table Linens,HAH-LINE-GRP-007,Sand,,French Linen,228
HAH-LINE-0150,Classic Linen Napkin Set – Sand,"The Classic Linen Napkin Set from Harbor & Home, crafted in french linen, elevate the table for everyday and gatherings alike. Shown in Sand.",https://harbor-and-home.example.com/products/hah-line-0150,/mock-catalog/images/harbor-and-home/HAH-LINE-0150.jpg,,in_stock,28.69 USD,,Harbor & Home,,HAH-LINE-0150,new,Home & Garden > Linens & Bedding > Table Linens,Home > Table Linens,HAH-LINE-GRP-008,Sand,,French Linen,68
HAH-CAND-0151,Aero Wood-Wick Candle,"The Aero Wood-Wick Candle from Harbor & Home, crafted in soy wax, fills the room with a warm, inviting scent.",https://harbor-and-home.example.com/products/hah-cand-0151,/mock-catalog/images/harbor-and-home/HAH-CAND-0151.jpg,,in_stock,36.46 USD,,Hearthstone,,HAH-CAND-0151,new,Home & Garden > Decor > Home Fragrances > Candles,Home > Fragrance > Candles,HAH-CAND-GRP-008,,,Soy Wax,11
HAH-CAND-0152,Classic Wood-Wick Candle,"The Classic Wood-Wick Candle from Harbor & Home, crafted in coconut wax, fills the room with a warm, inviting scent.",https://harbor-and-home.example.com/products/hah-cand-0152,/mock-catalog/images/harbor-and-home/HAH-CAND-0152.jpg,,in_stock,27.23 USD,,Hearthstone,,HAH-CAND-0152,new,Home & Garden > Decor > Home Fragrances > Candles,Home > Fragrance > Candles,HAH-CAND-GRP-009,,,Coconut Wax,69
HAH-CAND-0153,Coastal Travel Tin Candle,"The Coastal Travel Tin Candle from Harbor & Home, crafted in soy wax, fills the room with a warm, inviting scent.",https://harbor-and-home.example.com/products/hah-cand-0153,/mock-catalog/images/harbor-and-home/HAH-CAND-0153.jpg,,in_stock,30.15 USD,,Harbor & Home,,HAH-CAND-0153,new,Home & Garden > Decor > Home Fragrances > Candles,Home > Fragrance > Candles,HAH-CAND-GRP-009,,,Soy Wax,151
HAH-CAND-0154,Terra Soy Candle,"The Terra Soy Candle from Harbor & Home, crafted in coconut wax, fills the room with a warm, inviting scent.",https://harbor-and-home.example.com/products/hah-cand-0154,/mock-catalog/images/harbor-and-home/HAH-CAND-0154.jpg,,in_stock,41.54 USD,35.42 USD,Hearthstone,,HAH-CAND-0154,new,Home & Garden > Decor > Home Fragrances > Candles,Home > Fragrance > Candles,HAH-CAND-GRP-010,,,Coconut Wax,52
HAH-CAND-0155,Featherlight Travel Tin Candle,"The Featherlight Travel Tin Candle from Harbor & Home, crafted in soy wax, fills the room with a warm, inviting scent.",https://harbor-and-home.example.com/products/hah-cand-0155,/mock-catalog/images/harbor-and-home/HAH-CAND-0155.jpg,,in_stock,24.54 USD,,Harbor Living,,HAH-CAND-0155,new,Home & Garden > Decor > Home Fragrances > Candles,Home > Fragrance > Candles,HAH-CAND-GRP-010,,,Soy Wax,46
HAH-CAND-0156,Terra Wood-Wick Candle,"The Terra Wood-Wick Candle from Harbor & Home, crafted in coconut wax, fills the room with a warm, inviting scent.",https://harbor-and-home.example.com/products/hah-cand-0156,/mock-catalog/images/harbor-and-home/HAH-CAND-0156.jpg,,in_stock,51.08 USD,,Hearthstone,,HAH-CAND-0156,new,Home & Garden > Decor > Home Fragrances > Candles,Home > Fragrance > Candles,HAH-CAND-GRP-011,,,Coconut Wax,176
HAH-CAND-0157,Featherlight Soy Candle,"The Featherlight Soy Candle from Harbor & Home, crafted in coconut wax, fills the room with a warm, inviting scent.",https://harbor-and-home.example.com/products/hah-cand-0157,/mock-catalog/images/harbor-and-home/HAH-CAND-0157.jpg,,in_stock,22.23 USD,,Harbor Living,,HAH-CAND-0157,new,Home & Garden > Decor > Home Fragrances > Candles,Home > Fragrance > Candles,HAH-CAND-GRP-011,,,Coconut Wax,215
HAH-CAND-0158,Signature Soy Candle,"The Signature Soy Candle from Harbor & Home, crafted in coconut wax, fills the room with a warm, inviting scent.",https://harbor-and-home.example.com/products/hah-cand-0158,/mock-catalog/images/harbor-and-home/HAH-CAND-0158.jpg,,in_stock,18.22 USD,15.83 USD,Hearthstone,,HAH-CAND-0158,new,Home & Garden > Decor > Home Fragrances > Candles,Home > Fragrance > Candles,HAH-CAND-GRP-012,,,Coconut Wax,61
HAH-CAND-0159,Luxe Travel Tin Candle,"The Luxe Travel Tin Candle from Harbor & Home, crafted in coconut wax, fills the room with a warm, inviting scent.",https://harbor-and-home.example.com/products/hah-cand-0159,/mock-catalog/images/harbor-and-home/HAH-CAND-0159.jpg,,in_stock,40.23 USD,32.45 USD,Hearthstone,,HAH-CAND-0159,new,Home & Garden > Decor > Home Fragrances > Candles,Home > Fragrance > Candles,HAH-CAND-GRP-012,,,Coconut Wax,230
HAH-CAND-0160,Essential Travel Tin Candle,"The Essential Travel Tin Candle from Harbor & Home, crafted in coconut wax, fills the room with a warm, inviting scent.",https://harbor-and-home.example.com/products/hah-cand-0160,/mock-catalog/images/harbor-and-home/HAH-CAND-0160.jpg,,in_stock,24.50 USD,21.12 USD,Harbor & Home,,HAH-CAND-0160,new,Home & Garden > Decor > Home Fragrances > Candles,Home > Fragrance > Candles,HAH-CAND-GRP-013,,,Coconut Wax,246
HAH-MUGS-0161,Trail Espresso Cup Set – Cream,"The Trail Espresso Cup Set from Harbor & Home, crafted in stoneware, for slow mornings and better coffee rituals. Shown in Cream.",https://harbor-and-home.example.com/products/hah-mugs-0161,/mock-catalog/images/harbor-and-home/HAH-MUGS-0161.jpg,,in_stock,40.57 USD,,Harbor Living,,HAH-MUGS-0161,new,Home & Garden > Kitchen & Dining > Tableware > Drinkware,Drinkware > Mugs,HAH-MUGS-GRP-008,Cream,,Stoneware,205
HAH-MUGS-0162,Luxe Espresso Cup Set – Olive,"The Luxe Espresso Cup Set from Harbor & Home, crafted in ceramic, for slow mornings and better coffee rituals. Shown in Olive.",https://harbor-and-home.example.com/products/hah-mugs-0162,/mock-catalog/images/harbor-and-home/HAH-MUGS-0162.jpg,,in_stock,27.72 USD,,Harbor & Home,,HAH-MUGS-0162,new,Home & Garden > Kitchen & Dining > Tableware > Drinkware,Drinkware > Mugs,HAH-MUGS-GRP-009,Olive,,Ceramic,217
HAH-MUGS-0163,Urban Espresso Cup Set – White,"The Urban Espresso Cup Set from Harbor & Home, crafted in stoneware, for slow mornings and better coffee rituals. Shown in White.",https://harbor-and-home.example.com/products/hah-mugs-0163,/mock-catalog/images/harbor-and-home/HAH-MUGS-0163.jpg,,in_stock,23.93 USD,18.62 USD,Hearthstone,,HAH-MUGS-0163,new,Home & Garden > Kitchen & Dining > Tableware > Drinkware,Drinkware > Mugs,HAH-MUGS-GRP-009,White,,Stoneware,178
HAH-MUGS-0164,Urban Stoneware Mug Set – White,"The Urban Stoneware Mug Set from Harbor & Home, crafted in stoneware, for slow mornings and better coffee rituals. Shown in White.",https://harbor-and-home.example.com/products/hah-mugs-0164,/mock-catalog/images/harbor-and-home/HAH-MUGS-0164.jpg,,in_stock,37.67 USD,28.94 USD,Hearthstone,,HAH-MUGS-0164,new,Home & Garden > Kitchen & Dining > Tableware > Drinkware,Drinkware > Mugs,HAH-MUGS-GRP-010,White,,Stoneware,84
HAH-MUGS-0165,Aero Ceramic Mug – Terracotta,"The Aero Ceramic Mug from Harbor & Home, crafted in stoneware, for slow mornings and better coffee rituals. Shown in Terracotta.",https://harbor-and-home.example.com/products/hah-mugs-0165,/mock-catalog/images/harbor-and-home/HAH-MUGS-0165.jpg,,in_stock,42.25 USD,,Harbor Living,,HAH-MUGS-0165,new,Home & Garden > Kitchen & Dining > Tableware > Drinkware,Drinkware > Mugs,HAH-MUGS-GRP-010,Terracotta,,Stoneware,180
HAH-MUGS-0166,Pro Espresso Cup Set – Sky Blue,"The Pro Espresso Cup Set from Harbor & Home, crafted in stoneware, for slow mornings and better coffee rituals. Shown in Sky Blue.",https://harbor-and-home.example.com/products/hah-mugs-0166,/mock-catalog/images/harbor-and-home/HAH-MUGS-0166.jpg,,in_stock,40.17 USD,,Harbor & Home,,HAH-MUGS-0166,new,Home & Garden > Kitchen & Dining > Tableware > Drinkware,Drinkware > Mugs,HAH-MUGS-GRP-011,Sky Blue,,Stoneware,244
HAH-MUGS-0167,Studio Espresso Cup Set – Terracotta,"The Studio Espresso Cup Set from Harbor & Home, crafted in ceramic, for slow mornings and better coffee rituals. Shown in Terracotta.",https://harbor-and-home.example.com/products/hah-mugs-0167,/mock-catalog/images/harbor-and-home/HAH-MUGS-0167.jpg,,in_stock,20.02 USD,16.44 USD,Harbor Living,,HAH-MUGS-0167,new,Home & Garden > Kitchen & Dining > Tableware > Drinkware,Drinkware > Mugs,HAH-MUGS-GRP-011,Terracotta,,Ceramic,124
HAH-MUGS-0168,Aero Stoneware Mug Set – Sky Blue,"The Aero Stoneware Mug Set from Harbor & Home, crafted in stoneware, for slow mornings and better coffee rituals. Shown in Sky Blue.",https://harbor-and-home.example.com/products/hah-mugs-0168,/mock-catalog/images/harbor-and-home/HAH-MUGS-0168.jpg,,in_stock,26.18 USD,,Harbor & Home,,HAH-MUGS-0168,new,Home & Garden > Kitchen & Dining > Tableware > Drinkware,Drinkware > Mugs,HAH-MUGS-GRP-012,Sky Blue,,Stoneware,49
HAH-MUGS-0169,Pro Enamel Mug – Terracotta,"The Pro Enamel Mug from Harbor & Home, crafted in stoneware, for slow mornings and better coffee rituals. Shown in Terracotta.",https://harbor-and-home.example.com/products/hah-mugs-0169,/mock-catalog/images/harbor-and-home/HAH-MUGS-0169.jpg,,in_stock,19.16 USD,15.71 USD,Hearthstone,,HAH-MUGS-0169,new,Home & Garden > Kitchen & Dining > Tableware > Drinkware,Drinkware > Mugs,HAH-MUGS-GRP-012,Terracotta,,Stoneware,195
HAH-MUGS-0170,Rugged Ceramic Mug – Burgundy,"The Rugged Ceramic Mug from Harbor & Home, crafted in stoneware, for slow mornings and better coffee rituals. Shown in Burgundy.",https://harbor-and-home.example.com/products/hah-mugs-0170,/mock-catalog/images/harbor-and-home/HAH-MUGS-0170.jpg,,in_stock,22.78 USD,,Harbor Living,,HAH-MUGS-0170,new,Home & Garden > Kitchen & Dining > Tableware > Drinkware,Drinkware > Mugs,HAH-MUGS-GRP-013,Burgundy,,Stoneware,104
HAH-COOK-0171,Minimalist Dutch Oven – Olive,"The Minimalist Dutch Oven from Harbor & Home, crafted in anodized aluminum, even heating for everyday cooking. Shown in Olive.",https://harbor-and-home.example.com/products/hah-cook-0171,/mock-catalog/images/harbor-and-home/HAH-COOK-0171.jpg,,in_stock,141.40 USD,,Harbor & Home,,HAH-COOK-0171,new,Home & Garden > Kitchen & Dining > Cookware,Kitchen > Cookware,HAH-COOK-GRP-008,Olive,,Anodized Aluminum,99
HAH-COOK-0172,Essential Cast Iron Pan – Olive,"The Essential Cast Iron Pan from Harbor & Home, crafted in cast iron, even heating for everyday cooking. Shown in Olive.",https://harbor-and-home.example.com/products/hah-cook-0172,/mock-catalog/images/harbor-and-home/HAH-COOK-0172.jpg,,in_stock,132.43 USD,,Harbor Living,,HAH-COOK-0172,new,Home & Garden > Kitchen & Dining > Cookware,Kitchen > Cookware,HAH-COOK-GRP-009,Olive,,Cast Iron,86
HAH-COOK-0173,Essential Saucepan – Burgundy,"The Essential Saucepan from Harbor & Home, crafted in anodized aluminum, even heating for everyday cooking. Shown in Burgundy.",https://harbor-and-home.example.com/products/hah-cook-0173,/mock-catalog/images/harbor-and-home/HAH-COOK-0173.jpg,,in_stock,48.93 USD,,Harbor Living,,HAH-COOK-0173,new,Home & Garden > Kitchen & Dining > Cookware,Kitchen > Cookware,HAH-COOK-GRP-009,Burgundy,,Anodized Aluminum,48
HAH-COOK-0174,Trail Nonstick Skillet – White,"The Trail Nonstick Skillet from Harbor & Home, crafted in anodized aluminum, even heating for everyday cooking. Shown in White.",https://harbor-and-home.example.com/products/hah-cook-0174,/mock-catalog/images/harbor-and-home/HAH-COOK-0174.jpg,,in_stock,146.43 USD,,Hearthstone,,HAH-COOK-0174,new,Home & Garden > Kitchen & Dining > Cookware,Kitchen > Cookware,HAH-COOK-GRP-010,White,,Anodized Aluminum,70
HAH-COOK-0175,Studio Saucepan – Black,"The Studio Saucepan from Harbor & Home, crafted in anodized aluminum, even heating for everyday cooking. Shown in Black.",https://harbor-and-home.example.com/products/hah-cook-0175,/mock-catalog/images/harbor-and-home/HAH-COOK-0175.jpg,,in_stock,101.38 USD,,Harbor & Home,,HAH-COOK-0175,new,Home & Garden > Kitchen & Dining > Cookware,Kitchen > Cookware,HAH-COOK-GRP-010,Black,,Anodized Aluminum,106
HAH-COOK-0176,Featherlight Saucepan – Black,"The Featherlight Saucepan from Harbor & Home, crafted in anodized aluminum, even heating for everyday cooking. Shown in Black.",https://harbor-and-home.example.com/products/hah-cook-0176,/mock-catalog/images/harbor-and-home/HAH-COOK-0176.jpg,,in_stock,111.58 USD,,Harbor & Home,,HAH-COOK-0176,new,Home & Garden > Kitchen & Dining > Cookware,Kitchen > Cookware,HAH-COOK-GRP-011,Black,,Anodized Aluminum,110
HAH-COOK-0177,Minimalist Nonstick Skillet – Slate Gray,"The Minimalist Nonstick Skillet from Harbor & Home, crafted in cast iron, even heating for everyday cooking. Shown in Slate Gray.",https://harbor-and-home.example.com/products/hah-cook-0177,/mock-catalog/images/harbor-and-home/HAH-COOK-0177.jpg,,in_stock,134.18 USD,,Harbor & Home,,HAH-COOK-0177,new,Home & Garden > Kitchen & Dining > Cookware,Kitchen > Cookware,HAH-COOK-GRP-011,Slate Gray,,Cast Iron,245
HAH-COOK-0178,Pro Saucepan – Sand,"The Pro Saucepan from Harbor & Home, crafted in anodized aluminum, even heating for everyday cooking. Shown in Sand.",https://harbor-and-home.example.com/products/hah-cook-0178,/mock-catalog/images/harbor-and-home/HAH-COOK-0178.jpg,,in_stock,171.89 USD,,Harbor Living,,HAH-COOK-0178,new,Home & Garden > Kitchen & Dining > Cookware,Kitchen > Cookware,HAH-COOK-GRP-012,Sand,,Anodized Aluminum,199
HAH-COOK-0179,Classic Saucepan – Cream,"The Classic Saucepan from Harbor & Home, crafted in cast iron, even heating for everyday cooking. Shown in Cream.",https://harbor-and-home.example.com/products/hah-cook-0179,/mock-catalog/images/harbor-and-home/HAH-COOK-0179.jpg,,in_stock,72.23 USD,,Hearthstone,,HAH-COOK-0179,new,Home & Garden > Kitchen & Dining > Cookware,Kitchen > Cookware,HAH-COOK-GRP-012,Cream,,Cast Iron,60
HAH-COOK-0180,Modern Dutch Oven – Forest Green,"The Modern Dutch Oven from Harbor & Home, crafted in cast iron, even heating for everyday cooking. Shown in Forest Green.",https://harbor-and-home.example.com/products/hah-cook-0180,/mock-catalog/images/harbor-and-home/HAH-COOK-0180.jpg,,in_stock,119.60 USD,,Hearthstone,,HAH-COOK-0180,new,Home & Garden > Kitchen & Dining > Cookware,Kitchen > Cookware,HAH-COOK-GRP-013,Forest Green,,Cast Iron,39
HAH-BEDD-0181,Modern Cotton Sheet Set – Forest Green,"The Modern Cotton Sheet Set from Harbor & Home, crafted in french linen, breathable, lived-in softness that gets better with every wash. Shown in Forest Green.",https://harbor-and-home.example.com/products/hah-bedd-0181,/mock-catalog/images/harbor-and-home/HAH-BEDD-0181.jpg,,in_stock,97.08 USD,,Hearthstone,,HAH-BEDD-0181,new,Home & Garden > Linens & Bedding > Bedding,Home > Bedding,HAH-BEDD-GRP-008,Forest Green,L,French Linen,95
HAH-BEDD-0182,Trail Linen Duvet Cover – Navy,"The Trail Linen Duvet Cover from Harbor & Home, crafted in organic cotton, breathable, lived-in softness that gets better with every wash. Shown in Navy.",https://harbor-and-home.example.com/products/hah-bedd-0182,/mock-catalog/images/harbor-and-home/HAH-BEDD-0182.jpg,,in_stock,151.10 USD,,Harbor & Home,,HAH-BEDD-0182,new,Home & Garden > Linens & Bedding > Bedding,Home > Bedding,HAH-BEDD-GRP-009,Navy,XL,Organic Cotton,6
HAH-BEDD-0183,Heritage Knit Throw – Black,"The Heritage Knit Throw from Harbor & Home, crafted in french linen, breathable, lived-in softness that gets better with every wash. Shown in Black.",https://harbor-and-home.example.com/products/hah-bedd-0183,/mock-catalog/images/harbor-and-home/HAH-BEDD-0183.jpg,,in_stock,58.97 USD,47.65 USD,Harbor Living,,HAH-BEDD-0183,new,Home & Garden > Linens & Bedding > Bedding,Home > Bedding,HAH-BEDD-GRP-009,Black,XS,French Linen,164
HAH-BEDD-0184,Essential Waffle Throw Blanket – White,"The Essential Waffle Throw Blanket from Harbor & Home, crafted in organic cotton, breathable, lived-in softness that gets better with every wash. Shown in White.",https://harbor-and-home.example.com/products/hah-bedd-0184,/mock-catalog/images/harbor-and-home/HAH-BEDD-0184.jpg,,in_stock,49.46 USD,39.98 USD,Harbor Living,,HAH-BEDD-0184,new,Home & Garden > Linens & Bedding > Bedding,Home > Bedding,HAH-BEDD-GRP-010,White,XXL,Organic Cotton,97
HAH-BEDD-0185,Featherlight Cotton Sheet Set – Slate Gray,"The Featherlight Cotton Sheet Set from Harbor & Home, crafted in organic cotton, breathable, lived-in softness that gets better with every wash. Shown in Slate Gray.",https://harbor-and-home.example.com/products/hah-bedd-0185,/mock-catalog/images/harbor-and-home/HAH-BEDD-0185.jpg,,in_stock,176.66 USD,,Harbor Living,,HAH-BEDD-0185,new,Home & Garden > Linens & Bedding > Bedding,Home > Bedding,HAH-BEDD-GRP-010,Slate Gray,M,Organic Cotton,129
HAH-BEDD-0186,Studio Linen Duvet Cover – Cream,"The Studio Linen Duvet Cover from Harbor & Home, crafted in organic cotton, breathable, lived-in softness that gets better with every wash. Shown in Cream.",https://harbor-and-home.example.com/products/hah-bedd-0186,/mock-catalog/images/harbor-and-home/HAH-BEDD-0186.jpg,,in_stock,98.09 USD,,Harbor Living,,HAH-BEDD-0186,new,Home & Garden > Linens & Bedding > Bedding,Home > Bedding,HAH-BEDD-GRP-011,Cream,XL,Organic Cotton,197
HAH-BEDD-0187,Coastal Linen Duvet Cover – Forest Green,"The Coastal Linen Duvet Cover from Harbor & Home, crafted in organic cotton, breathable, lived-in softness that gets better with every wash. Shown in Forest Green.",https://harbor-and-home.example.com/products/hah-bedd-0187,/mock-catalog/images/harbor-and-home/HAH-BEDD-0187.jpg,,in_stock,193.73 USD,,Hearthstone,,HAH-BEDD-0187,new,Home & Garden > Linens & Bedding > Bedding,Home > Bedding,HAH-BEDD-GRP-011,Forest Green,M,Organic Cotton,18
HAH-BEDD-0188,Alpine Linen Duvet Cover – White,"The Alpine Linen Duvet Cover from Harbor & Home, crafted in french linen, breathable, lived-in softness that gets better with every wash. Shown in White.",https://harbor-and-home.example.com/products/hah-bedd-0188,/mock-catalog/images/harbor-and-home/HAH-BEDD-0188.jpg,,in_stock,186.82 USD,,Harbor Living,,HAH-BEDD-0188,new,Home & Garden > Linens & Bedding > Bedding,Home > Bedding,HAH-BEDD-GRP-012,White,S,French Linen,47
HAH-BEDD-0189,Trail Cotton Sheet Set – Terracotta,"The Trail Cotton Sheet Set from Harbor & Home, crafted in french linen, breathable, lived-in softness that gets better with every wash. Shown in Terracotta.",https://harbor-and-home.example.com/products/hah-bedd-0189,/mock-catalog/images/harbor-and-home/HAH-BEDD-0189.jpg,,in_stock,172.20 USD,,Harbor Living,,HAH-BEDD-0189,new,Home & Garden > Linens & Bedding > Bedding,Home > Bedding,HAH-BEDD-GRP-012,Terracotta,S,French Linen,53
HAH-BEDD-0190,Luxe Waffle Throw Blanket – Cream,"The Luxe Waffle Throw Blanket from Harbor & Home, crafted in french linen, breathable, lived-in softness that gets better with every wash. Shown in Cream.",https://harbor-and-home.example.com/products/hah-bedd-0190,/mock-catalog/images/harbor-and-home/HAH-BEDD-0190.jpg,,in_stock,119.02 USD,,Harbor & Home,,HAH-BEDD-0190,new,Home & Garden > Linens & Bedding > Bedding,Home > Bedding,HAH-BEDD-GRP-013,Cream,XL,French Linen,147
HAH-LOUN-0191,Minimalist Waffle Robe – Slate Gray,"The Minimalist Waffle Robe from Harbor & Home, crafted in brushed cotton, the softest way to unwind at home. Shown in Slate Gray.",https://harbor-and-home.example.com/products/hah-loun-0191,/mock-catalog/images/harbor-and-home/HAH-LOUN-0191.jpg,,in_stock,77.24 USD,,Harbor Living,,HAH-LOUN-0191,new,Apparel & Accessories > Clothing > Sleepwear & Loungewear,Apparel > Loungewear,HAH-LOUN-GRP-008,Slate Gray,XXL,Brushed Cotton,158
HAH-LOUN-0192,Premium Waffle Robe – Slate Gray,"The Premium Waffle Robe from Harbor & Home, crafted in waffle knit, the softest way to unwind at home. Shown in Slate Gray.",https://harbor-and-home.example.com/products/hah-loun-0192,/mock-catalog/images/harbor-and-home/HAH-LOUN-0192.jpg,,in_stock,91.99 USD,80.75 USD,Hearthstone,,HAH-LOUN-0192,new,Apparel & Accessories > Clothing > Sleepwear & Loungewear,Apparel > Loungewear,HAH-LOUN-GRP-009,Slate Gray,L,Waffle Knit,5
HAH-LOUN-0193,Luxe Lounge Pants – Burgundy,"The Luxe Lounge Pants from Harbor & Home, crafted in brushed cotton, the softest way to unwind at home. Shown in Burgundy.",https://harbor-and-home.example.com/products/hah-loun-0193,/mock-catalog/images/harbor-and-home/HAH-LOUN-0193.jpg,,in_stock,92.89 USD,,Harbor & Home,,HAH-LOUN-0193,new,Apparel & Accessories > Clothing > Sleepwear & Loungewear,Apparel > Loungewear,HAH-LOUN-GRP-009,Burgundy,XS,Brushed Cotton,116
HAH-LOUN-0194,Rugged Knit Cardigan – Slate Gray,"The Rugged Knit Cardigan from Harbor & Home, crafted in brushed cotton, the softest way to unwind at home. Shown in Slate Gray.",https://harbor-and-home.example.com/products/hah-loun-0194,/mock-catalog/images/harbor-and-home/HAH-LOUN-0194.jpg,,in_stock,90.30 USD,,Harbor & Home,,HAH-LOUN-0194,new,Apparel & Accessories > Clothing > Sleepwear & Loungewear,Apparel > Loungewear,HAH-LOUN-GRP-010,Slate Gray,M,Brushed Cotton,79
HAH-LOUN-0195,Everyday Lounge Pants – Blush Pink,"The Everyday Lounge Pants from Harbor & Home, crafted in brushed cotton, the softest way to unwind at home. Shown in Blush Pink.",https://harbor-and-home.example.com/products/hah-loun-0195,/mock-catalog/images/harbor-and-home/HAH-LOUN-0195.jpg,,in_stock,66.78 USD,,Harbor & Home,,HAH-LOUN-0195,new,Apparel & Accessories > Clothing > Sleepwear & Loungewear,Apparel > Loungewear,HAH-LOUN-GRP-010,Blush Pink,S,Brushed Cotton,114
HAH-LOUN-0196,Minimalist Knit Cardigan – Forest Green,"The Minimalist Knit Cardigan from Harbor & Home, crafted in waffle knit, the softest way to unwind at home. Shown in Forest Green.",https://harbor-and-home.example.com/products/hah-loun-0196,/mock-catalog/images/harbor-and-home/HAH-LOUN-0196.jpg,,in_stock,55.00 USD,,Harbor Living,,HAH-LOUN-0196,new,Apparel & Accessories > Clothing > Sleepwear & Loungewear,Apparel > Loungewear,HAH-LOUN-GRP-011,Forest Green,L,Waffle Knit,28
HAH-LOUN-0197,Aero Slipper Socks – Olive,"The Aero Slipper Socks from Harbor & Home, crafted in brushed cotton, the softest way to unwind at home. Shown in Olive.",https://harbor-and-home.example.com/products/hah-loun-0197,/mock-catalog/images/harbor-and-home/HAH-LOUN-0197.jpg,,in_stock,94.99 USD,,Harbor Living,,HAH-LOUN-0197,new,Apparel & Accessories > Clothing > Sleepwear & Loungewear,Apparel > Loungewear,HAH-LOUN-GRP-011,Olive,L,Brushed Cotton,117
HAH-LOUN-0198,Rugged Slipper Socks – Sand,"The Rugged Slipper Socks from Harbor & Home, crafted in brushed cotton, the softest way to unwind at home. Shown in Sand.",https://harbor-and-home.example.com/products/hah-loun-0198,/mock-catalog/images/harbor-and-home/HAH-LOUN-0198.jpg,,in_stock,68.31 USD,59.36 USD,Hearthstone,,HAH-LOUN-0198,new,Apparel & Accessories > Clothing > Sleepwear & Loungewear,Apparel > Loungewear,HAH-LOUN-GRP-012,Sand,S,Brushed Cotton,195
HAH-LOUN-0199,Essential Waffle Robe – Cream,"The Essential Waffle Robe from Harbor & Home, crafted in brushed cotton, the softest way to unwind at home. Shown in Cream.",https://harbor-and-home.example.com/products/hah-loun-0199,/mock-catalog/images/harbor-and-home/HAH-LOUN-0199.jpg,,in_stock,84.07 USD,,Harbor Living,,HAH-LOUN-0199,new,Apparel & Accessories > Clothing > Sleepwear & Loungewear,Apparel > Loungewear,HAH-LOUN-GRP-012,Cream,M,Brushed Cotton,161
HAH-LOUN-0200,Coastal Slipper Socks – Sky Blue,"The Coastal Slipper Socks from Harbor & Home, crafted in waffle knit, the softest way to unwind at home. Shown in Sky Blue.",https://harbor-and-home.example.com/products/hah-loun-0200,/mock-catalog/images/harbor-and-home/HAH-LOUN-0200.jpg,,in_stock,95.84 USD,,Hearthstone,,HAH-LOUN-0200,new,Apparel & Accessories > Clothing > Sleepwear & Loungewear,Apparel > Loungewear,HAH-LOUN-GRP-013,Sky Blue,S,Waffle Knit,189
HAH-WELL-0201,Studio Aromatherapy Set – Sand,"The Studio Aromatherapy Set from Harbor & Home, crafted in cork, to bring a little calm into your daily routine. Shown in Sand.",https://harbor-and-home.example.com/products/hah-well-0201,/mock-catalog/images/harbor-and-home/HAH-WELL-0201.jpg,,in_stock,47.50 USD,,Harbor & Home,,HAH-WELL-0201,new,Health & Beauty > Health Care,Wellness > Aromatherapy,HAH-WELL-GRP-008,Sand,,Cork,192
HAH-WELL-0202,Essential Meditation Cushion – Charcoal,"The Essential Meditation Cushion from Harbor & Home, crafted in cork, to bring a little calm into your daily routine. Shown in Charcoal.",https://harbor-and-home.example.com/products/hah-well-0202,/mock-catalog/images/harbor-and-home/HAH-WELL-0202.jpg,,in_stock,43.76 USD,,Harbor Living,,HAH-WELL-0202,new,Health & Beauty > Health Care,Wellness > Aromatherapy,HAH-WELL-GRP-009,Charcoal,,Cork,204
HAH-WELL-0203,Everyday Aromatherapy Set – Navy,"The Everyday Aromatherapy Set from Harbor & Home, crafted in bamboo, to bring a little calm into your daily routine. Shown in Navy.",https://harbor-and-home.example.com/products/hah-well-0203,/mock-catalog/images/harbor-and-home/HAH-WELL-0203.jpg,,in_stock,87.78 USD,,Hearthstone,,HAH-WELL-0203,new,Health & Beauty > Health Care,Wellness > Aromatherapy,HAH-WELL-GRP-009,Navy,,Bamboo,82
HAH-WELL-0204,Premium Yoga Mat – Forest Green,"The Premium Yoga Mat from Harbor & Home, crafted in bamboo, to bring a little calm into your daily routine. Shown in Forest Green.",https://harbor-and-home.example.com/products/hah-well-0204,/mock-catalog/images/harbor-and-home/HAH-WELL-0204.jpg,,in_stock,78.55 USD,,Hearthstone,,HAH-WELL-0204,new,Health & Beauty > Health Care,Wellness > Aromatherapy,HAH-WELL-GRP-010,Forest Green,,Bamboo,230
HAH-WELL-0205,Pro Aromatherapy Set – Cream,"The Pro Aromatherapy Set from Harbor & Home, crafted in cork, to bring a little calm into your daily routine. Shown in Cream.",https://harbor-and-home.example.com/products/hah-well-0205,/mock-catalog/images/harbor-and-home/HAH-WELL-0205.jpg,,in_stock,24.25 USD,,Harbor Living,,HAH-WELL-0205,new,Health & Beauty > Health Care,Wellness > Aromatherapy,HAH-WELL-GRP-010,Cream,,Cork,48
HAH-WELL-0206,Terra Meditation Cushion – Navy,"The Terra Meditation Cushion from Harbor & Home, crafted in bamboo, to bring a little calm into your daily routine. Shown in Navy.",https://harbor-and-home.example.com/products/hah-well-0206,/mock-catalog/images/harbor-and-home/HAH-WELL-0206.jpg,,in_stock,80.83 USD,,Harbor Living,,HAH-WELL-0206,new,Health & Beauty > Health Care,Wellness > Aromatherapy,HAH-WELL-GRP-011,Navy,,Bamboo,234
HAH-WELL-0207,Luxe Essential Oil Diffuser – Sand,"The Luxe Essential Oil Diffuser from Harbor & Home, crafted in bamboo, to bring a little calm into your daily routine. Shown in Sand.",https://harbor-and-home.example.com/products/hah-well-0207,/mock-catalog/images/harbor-and-home/HAH-WELL-0207.jpg,,in_stock,38.77 USD,33.92 USD,Hearthstone,,HAH-WELL-0207,new,Health & Beauty > Health Care,Wellness > Aromatherapy,HAH-WELL-GRP-011,Sand,,Bamboo,27
HAH-WELL-0208,Studio Yoga Mat – Olive,"The Studio Yoga Mat from Harbor & Home, crafted in cork, to bring a little calm into your daily routine. Shown in Olive.",https://harbor-and-home.example.com/products/hah-well-0208,/mock-catalog/images/harbor-and-home/HAH-WELL-0208.jpg,,in_stock,66.58 USD,,Hearthstone,,HAH-WELL-0208,new,Health & Beauty > Health Care,Wellness > Aromatherapy,HAH-WELL-GRP-012,Olive,,Cork,19
HAH-WELL-0209,Urban Essential Oil Diffuser – White,"The Urban Essential Oil Diffuser from Harbor & Home, crafted in bamboo, to bring a little calm into your daily routine. Shown in White.",https://harbor-and-home.example.com/products/hah-well-0209,/mock-catalog/images/harbor-and-home/HAH-WELL-0209.jpg,,in_stock,32.48 USD,,Harbor Living,,HAH-WELL-0209,new,Health & Beauty > Health Care,Wellness > Aromatherapy,HAH-WELL-GRP-012,White,,Bamboo,183
HAH-WELL-0210,Aero Yoga Mat – Slate Gray,"The Aero Yoga Mat from Harbor & Home, crafted in bamboo, to bring a little calm into your daily routine. Shown in Slate Gray.",https://harbor-and-home.example.com/products/hah-well-0210,/mock-catalog/images/harbor-and-home/HAH-WELL-0210.jpg,,in_stock,51.12 USD,,Harbor Living,,HAH-WELL-0210,new,Health & Beauty > Health Care,Wellness > Aromatherapy,HAH-WELL-GRP-013,Slate Gray,,Bamboo,199
HAH-TUMB-0211,Signature Travel Mug – Forest Green,"The Signature Travel Mug from Harbor & Home, crafted in stainless steel, double-walled to keep drinks hot or cold for hours. Shown in Forest Green.",https://harbor-and-home.example.com/products/hah-tumb-0211,/mock-catalog/images/harbor-and-home/HAH-TUMB-0211.jpg,,in_stock,25.68 USD,19.82 USD,Harbor Living,,HAH-TUMB-0211,new,Home & Garden > Kitchen & Dining > Food & Beverage Carriers > Water Bottles,Drinkware > Tumblers,HAH-TUMB-GRP-008,Forest Green,,Stainless Steel,132
HAH-TUMB-0212,Premium Travel Mug – Navy,"The Premium Travel Mug from Harbor & Home, crafted in borosilicate glass, double-walled to keep drinks hot or cold for hours. Shown in Navy.",https://harbor-and-home.example.com/products/hah-tumb-0212,/mock-catalog/images/harbor-and-home/HAH-TUMB-0212.jpg,,in_stock,32.62 USD,,Harbor Living,,HAH-TUMB-0212,new,Home & Garden > Kitchen & Dining > Food & Beverage Carriers > Water Bottles,Drinkware > Tumblers,HAH-TUMB-GRP-009,Navy,,Borosilicate Glass,108
HAH-TUMB-0213,Luxe Travel Mug – Olive,"The Luxe Travel Mug from Harbor & Home, crafted in borosilicate glass, double-walled to keep drinks hot or cold for hours. Shown in Olive.",https://harbor-and-home.example.com/products/hah-tumb-0213,/mock-catalog/images/harbor-and-home/HAH-TUMB-0213.jpg,,in_stock,34.59 USD,27.76 USD,Harbor Living,,HAH-TUMB-0213,new,Home & Garden > Kitchen & Dining > Food & Beverage Carriers > Water Bottles,Drinkware > Tumblers,HAH-TUMB-GRP-009,Olive,,Borosilicate Glass,48
HAH-TUMB-0214,Pro Insulated Tumbler – Terracotta,"The Pro Insulated Tumbler from Harbor & Home, crafted in stainless steel, double-walled to keep drinks hot or cold for hours. Shown in Terracotta.",https://harbor-and-home.example.com/products/hah-tumb-0214,/mock-catalog/images/harbor-and-home/HAH-TUMB-0214.jpg,,in_stock,22.18 USD,,Hearthstone,,HAH-TUMB-0214,new,Home & Garden > Kitchen & Dining > Food & Beverage Carriers > Water Bottles,Drinkware > Tumblers,HAH-TUMB-GRP-010,Terracotta,,Stainless Steel,200
HAH-TUMB-0215,Rugged Insulated Tumbler – Navy,"The Rugged Insulated Tumbler from Harbor & Home, crafted in stainless steel, double-walled to keep drinks hot or cold for hours. Shown in Navy.",https://harbor-and-home.example.com/products/hah-tumb-0215,/mock-catalog/images/harbor-and-home/HAH-TUMB-0215.jpg,,in_stock,33.60 USD,,Harbor & Home,,HAH-TUMB-0215,new,Home & Garden > Kitchen & Dining > Food & Beverage Carriers > Water Bottles,Drinkware > Tumblers,HAH-TUMB-GRP-010,Navy,,Stainless Steel,249
HAH-TUMB-0216,Premium Insulated Tumbler – Burgundy,"The Premium Insulated Tumbler from Harbor & Home, crafted in stainless steel, double-walled to keep drinks hot or cold for hours. Shown in Burgundy.",https://harbor-and-home.example.com/products/hah-tumb-0216,/mock-catalog/images/harbor-and-home/HAH-TUMB-0216.jpg,,in_stock,37.56 USD,,Harbor & Home,,HAH-TUMB-0216,new,Home & Garden > Kitchen & Dining > Food & Beverage Carriers > Water Bottles,Drinkware > Tumblers,HAH-TUMB-GRP-011,Burgundy,,Stainless Steel,174
HAH-TUMB-0217,Heritage Glass Water Bottle – Slate Gray,"The Heritage Glass Water Bottle from Harbor & Home, crafted in stainless steel, double-walled to keep drinks hot or cold for hours. Shown in Slate Gray.",https://harbor-and-home.example.com/products/hah-tumb-0217,/mock-catalog/images/harbor-and-home/HAH-TUMB-0217.jpg,,in_stock,28.33 USD,21.27 USD,Harbor & Home,,HAH-TUMB-0217,new,Home & Garden > Kitchen & Dining > Food & Beverage Carriers > Water Bottles,Drinkware > Tumblers,HAH-TUMB-GRP-011,Slate Gray,,Stainless Steel,140
HAH-TUMB-0218,Studio Glass Water Bottle – Cream,"The Studio Glass Water Bottle from Harbor & Home, crafted in stainless steel, double-walled to keep drinks hot or cold for hours. Shown in Cream.",https://harbor-and-home.example.com/products/hah-tumb-0218,/mock-catalog/images/harbor-and-home/HAH-TUMB-0218.jpg,,in_stock,34.03 USD,,Harbor & Home,,HAH-TUMB-0218,new,Home & Garden > Kitchen & Dining > Food & Beverage Carriers > Water Bottles,Drinkware > Tumblers,HAH-TUMB-GRP-012,Cream,,Stainless Steel,150
HAH-TUMB-0219,Classic Insulated Tumbler – Burgundy,"The Classic Insulated Tumbler from Harbor & Home, crafted in stainless steel, double-walled to keep drinks hot or cold for hours. Shown in Burgundy.",https://harbor-and-home.example.com/products/hah-tumb-0219,/mock-catalog/images/harbor-and-home/HAH-TUMB-0219.jpg,,in_stock,34.87 USD,,Harbor Living,,HAH-TUMB-0219,new,Home & Garden > Kitchen & Dining > Food & Beverage Carriers > Water Bottles,Drinkware > Tumblers,HAH-TUMB-GRP-012,Burgundy,,Stainless Steel,202
HAH-TUMB-0220,Pro Travel Mug – Sky Blue,"The Pro Travel Mug from Harbor & Home, crafted in borosilicate glass, double-walled to keep drinks hot or cold for hours. Shown in Sky Blue.",https://harbor-and-home.example.com/products/hah-tumb-0220,/mock-catalog/images/harbor-and-home/HAH-TUMB-0220.jpg,,in_stock,44.86 USD,,Hearthstone,,HAH-TUMB-0220,new,Home & Garden > Kitchen & Dining > Food & Beverage Carriers > Water Bottles,Drinkware > Tumblers,HAH-TUMB-GRP-013,Sky Blue,,Borosilicate Glass,73
HAH-KITC-0221,Signature Cutting Board,"The Signature Cutting Board from Harbor & Home, crafted in stainless steel, the dependable tools every kitchen needs.",https://harbor-and-home.example.com/products/hah-kitc-0221,/mock-catalog/images/harbor-and-home/HAH-KITC-0221.jpg,,in_stock,64.88 USD,57.02 USD,Harbor & Home,,HAH-KITC-0221,new,Home & Garden > Kitchen & Dining > Kitchen Tools & Utensils,Kitchen > Tools,HAH-KITC-GRP-008,,,Stainless Steel,75
HAH-KITC-0222,Rugged Measuring Cups,"The Rugged Measuring Cups from Harbor & Home, crafted in acacia wood, the dependable tools every kitchen needs.",https://harbor-and-home.example.com/products/hah-kitc-0222,/mock-catalog/images/harbor-and-home/HAH-KITC-0222.jpg,,in_stock,25.16 USD,,Harbor Living,,HAH-KITC-0222,new,Home & Garden > Kitchen & Dining > Kitchen Tools & Utensils,Kitchen > Tools,HAH-KITC-GRP-009,,,Acacia Wood,209
HAH-KITC-0223,Trail Knife Block Set,"The Trail Knife Block Set from Harbor & Home, crafted in acacia wood, the dependable tools every kitchen needs.",https://harbor-and-home.example.com/products/hah-kitc-0223,/mock-catalog/images/harbor-and-home/HAH-KITC-0223.jpg,,in_stock,54.42 USD,44.12 USD,Hearthstone,,HAH-KITC-0223,new,Home & Garden > Kitchen & Dining > Kitchen Tools & Utensils,Kitchen > Tools,HAH-KITC-GRP-009,,,Acacia Wood,113
HAH-KITC-0224,Terra Utensil Set,"The Terra Utensil Set from Harbor & Home, crafted in acacia wood, the dependable tools every kitchen needs.",https://harbor-and-home.example.com/products/hah-kitc-0224,/mock-catalog/images/harbor-and-home/HAH-KITC-0224.jpg,,in_stock,36.35 USD,28.12 USD,Hearthstone,,HAH-KITC-0224,new,Home & Garden > Kitchen & Dining > Kitchen Tools & Utensils,Kitchen > Tools,HAH-KITC-GRP-010,,,Acacia Wood,63
HAH-KITC-0225,Nova Knife Block Set,"The Nova Knife Block Set from Harbor & Home, crafted in stainless steel, the dependable tools every kitchen needs.",https://harbor-and-home.example.com/products/hah-kitc-0225,/mock-catalog/images/harbor-and-home/HAH-KITC-0225.jpg,,in_stock,15.75 USD,,Hearthstone,,HAH-KITC-0225,new,Home & Garden > Kitchen & Dining > Kitchen Tools & Utensils,Kitchen > Tools,HAH-KITC-GRP-010,,,Stainless Steel,131
HAH-KITC-0226,Heritage Knife Block Set,"The Heritage Knife Block Set from Harbor & Home, crafted in acacia wood, the dependable tools every kitchen needs.",https://harbor-and-home.example.com/products/hah-kitc-0226,/mock-catalog/images/harbor-and-home/HAH-KITC-0226.jpg,,in_stock,63.05 USD,,Harbor Living,,HAH-KITC-0226,new,Home & Garden > Kitchen & Dining > Kitchen Tools & Utensils,Kitchen > Tools,HAH-KITC-GRP-011,,,Acacia Wood,195
HAH-KITC-0227,Premium Knife Block Set,"The Premium Knife Block Set from Harbor & Home, crafted in acacia wood, the dependable tools every kitchen needs.",https://harbor-and-home.example.com/products/hah-kitc-0227,/mock-catalog/images/harbor-and-home/HAH-KITC-0227.jpg,,in_stock,35.14 USD,28.42 USD,Harbor Living,,HAH-KITC-0227,new,Home & Garden > Kitchen & Dining > Kitchen Tools & Utensils,Kitchen > Tools,HAH-KITC-GRP-011,,,Acacia Wood,168
HAH-KITC-0228,Aero Cutting Board,"The Aero Cutting Board from Harbor & Home, crafted in stainless steel, the dependable tools every kitchen needs.",https://harbor-and-home.example.com/products/hah-kitc-0228,/mock-catalog/images/harbor-and-home/HAH-KITC-0228.jpg,,in_stock,58.71 USD,,Harbor Living,,HAH-KITC-0228,new,Home & Garden > Kitchen & Dining > Kitchen Tools & Utensils,Kitchen > Tools,HAH-KITC-GRP-012,,,Stainless Steel,121
HAH-KITC-0229,Alpine Knife Block Set,"The Alpine Knife Block Set from Harbor & Home, crafted in acacia wood, the dependable tools every kitchen needs.",https://harbor-and-home.example.com/products/hah-kitc-0229,/mock-catalog/images/harbor-and-home/HAH-KITC-0229.jpg,,in_stock,49.04 USD,,Harbor Living,,HAH-KITC-0229,new,Home & Garden > Kitchen & Dining > Kitchen Tools & Utensils,Kitchen > Tools,HAH-KITC-GRP-012,,,Acacia Wood,196
HAH-KITC-0230,Essential Measuring Cups,"The Essential Measuring Cups from Harbor & Home, crafted in stainless steel, the dependable tools every kitchen needs.",https://harbor-and-home.example.com/products/hah-kitc-0230,/mock-catalog/images/harbor-and-home/HAH-KITC-0230.jpg,,in_stock,30.75 USD,,Hearthstone,,HAH-KITC-0230,new,Home & Garden > Kitchen & Dining > Kitchen Tools & Utensils,Kitchen > Tools,HAH-KITC-GRP-013,,,Stainless Steel,191
HAH-STOR-0231,Studio Shelf Organizer – Cream,"The Studio Shelf Organizer from Harbor & Home, crafted in seagrass, tidy, natural storage that looks good on the shelf. Shown in Cream.",https://harbor-and-home.example.com/products/hah-stor-0231,/mock-catalog/images/harbor-and-home/HAH-STOR-0231.jpg,,in_stock,65.24 USD,,Harbor & Home,,HAH-STOR-0231,new,Home & Garden > Household Supplies > Storage & Organization,Home > Storage,HAH-STOR-GRP-008,Cream,,Seagrass,237
HAH-STOR-0232,Minimalist Storage Bin Set – Cream,"The Minimalist Storage Bin Set from Harbor & Home, crafted in seagrass, tidy, natural storage that looks good on the shelf. Shown in Cream.",https://harbor-and-home.example.com/products/hah-stor-0232,/mock-catalog/images/harbor-and-home/HAH-STOR-0232.jpg,,in_stock,44.64 USD,,Harbor & Home,,HAH-STOR-0232,new,Home & Garden > Household Supplies > Storage & Organization,Home > Storage,HAH-STOR-GRP-009,Cream,,Seagrass,211
HAH-STOR-0233,Terra Storage Bin Set – Olive,"The Terra Storage Bin Set from Harbor & Home, crafted in bamboo, tidy, natural storage that looks good on the shelf. Shown in Olive.",https://harbor-and-home.example.com/products/hah-stor-0233,/mock-catalog/images/harbor-and-home/HAH-STOR-0233.jpg,,in_stock,68.34 USD,,Harbor Living,,HAH-STOR-0233,new,Home & Garden > Household Supplies > Storage & Organization,Home > Storage,HAH-STOR-GRP-009,Olive,,Bamboo,136
HAH-STOR-0234,Studio Woven Basket – Forest Green,"The Studio Woven Basket from Harbor & Home, crafted in bamboo, tidy, natural storage that looks good on the shelf. Shown in Forest Green.",https://harbor-and-home.example.com/products/hah-stor-0234,/mock-catalog/images/harbor-and-home/HAH-STOR-0234.jpg,,in_stock,36.72 USD,,Harbor & Home,,HAH-STOR-0234,new,Home & Garden > Household Supplies > Storage & Organization,Home > Storage,HAH-STOR-GRP-010,Forest Green,,Bamboo,143
HAH-STOR-0235,Coastal Woven Basket – Terracotta,"The Coastal Woven Basket from Harbor & Home, crafted in seagrass, tidy, natural storage that looks good on the shelf. Shown in Terracotta.",https://harbor-and-home.example.com/products/hah-stor-0235,/mock-catalog/images/harbor-and-home/HAH-STOR-0235.jpg,,in_stock,60.49 USD,46.06 USD,Harbor Living,,HAH-STOR-0235,new,Home & Garden > Household Supplies > Storage & Organization,Home > Storage,HAH-STOR-GRP-010,Terracotta,,Seagrass,90
HAH-STOR-0236,Urban Storage Bin Set – White,"The Urban Storage Bin Set from Harbor & Home, crafted in bamboo, tidy, natural storage that looks good on the shelf. Shown in White.",https://harbor-and-home.example.com/products/hah-stor-0236,/mock-catalog/images/harbor-and-home/HAH-STOR-0236.jpg,,in_stock,73.17 USD,,Hearthstone,,HAH-STOR-0236,new,Home & Garden > Household Supplies > Storage & Organization,Home > Storage,HAH-STOR-GRP-011,White,,Bamboo,135
HAH-STOR-0237,Luxe Glass Jar Set – Blush Pink,"The Luxe Glass Jar Set from Harbor & Home, crafted in seagrass, tidy, natural storage that looks good on the shelf. Shown in Blush Pink.",https://harbor-and-home.example.com/products/hah-stor-0237,/mock-catalog/images/harbor-and-home/HAH-STOR-0237.jpg,,in_stock,25.92 USD,,Harbor Living,,HAH-STOR-0237,new,Home & Garden > Household Supplies > Storage & Organization,Home > Storage,HAH-STOR-GRP-011,Blush Pink,,Seagrass,119
HAH-STOR-0238,Pro Woven Basket – Cream,"The Pro Woven Basket from Harbor & Home, crafted in seagrass, tidy, natural storage that looks good on the shelf. Shown in Cream.",https://harbor-and-home.example.com/products/hah-stor-0238,/mock-catalog/images/harbor-and-home/HAH-STOR-0238.jpg,,in_stock,45.06 USD,,Harbor Living,,HAH-STOR-0238,new,Home & Garden > Household Supplies > Storage & Organization,Home > Storage,HAH-STOR-GRP-012,Cream,,Seagrass,40
HAH-STOR-0239,Premium Storage Bin Set – Black,"The Premium Storage Bin Set from Harbor & Home, crafted in seagrass, tidy, natural storage that looks good on the shelf. Shown in Black.",https://harbor-and-home.example.com/products/hah-stor-0239,/mock-catalog/images/harbor-and-home/HAH-STOR-0239.jpg,,in_stock,39.40 USD,,Harbor Living,,HAH-STOR-0239,new,Home & Garden > Household Supplies > Storage & Organization,Home > Storage,HAH-STOR-GRP-012,Black,,Seagrass,126
HAH-STOR-0240,Alpine Glass Jar Set – Olive,"The Alpine Glass Jar Set from Harbor & Home, crafted in seagrass, tidy, natural storage that looks good on the shelf. Shown in Olive.",https://harbor-and-home.example.com/products/hah-stor-0240,/mock-catalog/images/harbor-and-home/HAH-STOR-0240.jpg,,in_stock,66.35 USD,,Harbor Living,,HAH-STOR-0240,new,Home & Garden > Household Supplies > Storage & Organization,Home > Storage,HAH-STOR-GRP-013,Olive,,Seagrass,67
HAH-LINE-0241,Rugged Linen Napkin Set – Cream,"The Rugged Linen Napkin Set from Harbor & Home, crafted in french linen, elevate the table for everyday and gatherings alike. Shown in Cream.",https://harbor-and-home.example.com/products/hah-line-0241,/mock-catalog/images/harbor-and-home/HAH-LINE-0241.jpg,,in_stock,27.39 USD,,Harbor & Home,,HAH-LINE-0241,new,Home & Garden > Linens & Bedding > Table Linens,Home > Table Linens,HAH-LINE-GRP-008,Cream,,French Linen,204
HAH-LINE-0242,Premium Linen Napkin Set – Terracotta,"The Premium Linen Napkin Set from Harbor & Home, crafted in cotton, elevate the table for everyday and gatherings alike. Shown in Terracotta.",https://harbor-and-home.example.com/products/hah-line-0242,/mock-catalog/images/harbor-and-home/HAH-LINE-0242.jpg,,in_stock,48.69 USD,,Harbor Living,,HAH-LINE-0242,new,Home & Garden > Linens & Bedding > Table Linens,Home > Table Linens,HAH-LINE-GRP-009,Terracotta,,Cotton,159
HAH-LINE-0243,Minimalist Cotton Placemats – Olive,"The Minimalist Cotton Placemats from Harbor & Home, crafted in cotton, elevate the table for everyday and gatherings alike. Shown in Olive.",https://harbor-and-home.example.com/products/hah-line-0243,/mock-catalog/images/harbor-and-home/HAH-LINE-0243.jpg,,in_stock,31.15 USD,,Harbor & Home,,HAH-LINE-0243,new,Home & Garden > Linens & Bedding > Table Linens,Home > Table Linens,HAH-LINE-GRP-009,Olive,,Cotton,132
HAH-LINE-0244,Featherlight Tea Towel Set – Forest Green,"The Featherlight Tea Towel Set from Harbor & Home, crafted in french linen, elevate the table for everyday and gatherings alike. Shown in Forest Green.",https://harbor-and-home.example.com/products/hah-line-0244,/mock-catalog/images/harbor-and-home/HAH-LINE-0244.jpg,,in_stock,19.47 USD,15.04 USD,Harbor & Home,,HAH-LINE-0244,new,Home & Garden > Linens & Bedding > Table Linens,Home > Table Linens,HAH-LINE-GRP-010,Forest Green,,French Linen,186
HAH-LINE-0245,Aero Tea Towel Set – Black,"The Aero Tea Towel Set from Harbor & Home, crafted in cotton, elevate the table for everyday and gatherings alike. Shown in Black.",https://harbor-and-home.example.com/products/hah-line-0245,/mock-catalog/images/harbor-and-home/HAH-LINE-0245.jpg,,in_stock,23.76 USD,,Hearthstone,,HAH-LINE-0245,new,Home & Garden > Linens & Bedding > Table Linens,Home > Table Linens,HAH-LINE-GRP-010,Black,,Cotton,28
HAH-LINE-0246,Luxe Table Runner – Burgundy,"The Luxe Table Runner from Harbor & Home, crafted in cotton, elevate the table for everyday and gatherings alike. Shown in Burgundy.",https://harbor-and-home.example.com/products/hah-line-0246,/mock-catalog/images/harbor-and-home/HAH-LINE-0246.jpg,,in_stock,20.89 USD,,Harbor Living,,HAH-LINE-0246,new,Home & Garden > Linens & Bedding > Table Linens,Home > Table Linens,HAH-LINE-GRP-011,Burgundy,,Cotton,225
HAH-LINE-0247,Everyday Tea Towel Set – Charcoal,"The Everyday Tea Towel Set from Harbor & Home, crafted in cotton, elevate the table for everyday and gatherings alike. Shown in Charcoal.",https://harbor-and-home.example.com/products/hah-line-0247,/mock-catalog/images/harbor-and-home/HAH-LINE-0247.jpg,,in_stock,14.63 USD,,Harbor Living,,HAH-LINE-0247,new,Home & Garden > Linens & Bedding > Table Linens,Home > Table Linens,HAH-LINE-GRP-011,Charcoal,,Cotton,109
HAH-LINE-0248,Premium Cotton Placemats – White,"The Premium Cotton Placemats from Harbor & Home, crafted in cotton, elevate the table for everyday and gatherings alike. Shown in White.",https://harbor-and-home.example.com/products/hah-line-0248,/mock-catalog/images/harbor-and-home/HAH-LINE-0248.jpg,,in_stock,41.33 USD,36.31 USD,Harbor Living,,HAH-LINE-0248,new,Home & Garden > Linens & Bedding > Table Linens,Home > Table Linens,HAH-LINE-GRP-012,White,,Cotton,51
HAH-LINE-0249,Essential Cotton Placemats – Black,"The Essential Cotton Placemats from Harbor & Home, crafted in french linen, elevate the table for everyday and gatherings alike. Shown in Black.",https://harbor-and-home.example.com/products/hah-line-0249,/mock-catalog/images/harbor-and-home/HAH-LINE-0249.jpg,,in_stock,38.05 USD,32.12 USD,Hearthstone,,HAH-LINE-0249,new,Home & Garden > Linens & Bedding > Table Linens,Home > Table Linens,HAH-LINE-GRP-012,Black,,French Linen,208
HAH-LINE-0250,Minimalist Linen Napkin Set – Terracotta,"The Minimalist Linen Napkin Set from Harbor & Home, crafted in cotton, elevate the table for everyday and gatherings alike. Shown in Terracotta.",https://harbor-and-home.example.com/products/hah-line-0250,/mock-catalog/images/harbor-and-home/HAH-LINE-0250.jpg,,in_stock,26.53 USD,,Hearthstone,,HAH-LINE-0250,new,Home & Garden > Linens & Bedding > Table Linens,Home > Table Linens,HAH-LINE-GRP-013,Terracotta,,Cotton,36
