id,title,description,link,brand,gtin,mpn,image_link,additional_image_link,video_link,model_3d_link,condition,google_product_category,product_category,age_group,material,length,width,height,weight,item_group_id,item_group_title,color,size,size_system,gender,availability,availability_date,expiration_date,inventory_not_tracked,inventory_quantity,price,sale_price,sale_price_effective_date,stripe_product_tax_code,tax_behavior,applicable_fees,shipping,free_shipping_threshold,delete
NA-TSHI-0001,Coastal V-Neck Tee – Forest Green,"The Coastal V-Neck Tee from Northwind Apparel, crafted in cotton blend, for an easy, everyday layer that pairs with anything. Shown in Forest Green.",https://livgpt.vercel.app/?merchant=northwind-apparel&product=NA-TSHI-0001,Northwind Studio,,NA-TSHI-0001,https://livgpt.vercel.app/mock-catalog/images/northwind-apparel/NA-TSHI-0001.jpg,,,,new,Apparel & Accessories > Clothing > Shirts & Tops,Apparel > Tops > T-Shirts,adult,Cotton Blend,12 in,10 in,2 in,0.95 lb,NA-TSHI-GRP-001,T-Shirts,Forest Green,XL,US,unisex,in_stock,,,,233,36.02 USD,,,txcd_99999999,exclusive,,"US:ALL:Standard:3-5:0.00 USD,US:ALL:Expedited:1-2:9.99 USD",US:ALL:Standard:50.00 USD,
NA-TSHI-0002,Heritage Long-Sleeve Tee – Navy,"The Heritage Long-Sleeve Tee from Northwind Apparel, crafted in organic cotton, for an easy, everyday layer that pairs with anything. Shown in Navy.",https://livgpt.vercel.app/?merchant=northwind-apparel&product=NA-TSHI-0002,Northwind Studio,,NA-TSHI-0002,https://livgpt.vercel.app/mock-catalog/images/northwind-apparel/NA-TSHI-0002.jpg,,,,new,Apparel & Accessories > Clothing > Shirts & Tops,Apparel > Tops > T-Shirts,adult,Organic Cotton,12 in,10 in,2 in,0.89 lb,NA-TSHI-GRP-001,T-Shirts,Navy,XXL,US,unisex,in_stock,,,,34,19.73 USD,,,txcd_99999999,exclusive,,"US:ALL:Standard:3-5:0.00 USD,US:ALL:Expedited:1-2:9.99 USD",US:ALL:Standard:50.00 USD,
NA-TSHI-0003,Luxe Pocket Tee – Terracotta,"The Luxe Pocket Tee from Northwind Apparel, crafted in cotton blend, for an easy, everyday layer that pairs with anything. Shown in Terracotta.",https://livgpt.vercel.app/?merchant=northwind-apparel&product=NA-TSHI-0003,Northwind Studio,,NA-TSHI-0003,https://livgpt.vercel.app/mock-catalog/images/northwind-apparel/NA-TSHI-0003.jpg,,,,new,Apparel & Accessories > Clothing > Shirts & Tops,Apparel > Tops > T-Shirts,adult,Cotton Blend,12 in,10 in,2 in,0.91 lb,NA-TSHI-GRP-002,T-Shirts,Terracotta,XXL,US,unisex,in_stock,,,,56,41.39 USD,34.71 USD,2026-07-01/2026-12-31,txcd_99999999,exclusive,,"US:ALL:Standard:3-5:0.00 USD,US:ALL:Expedited:1-2:9.99 USD",US:ALL:Standard:50.00 USD,
NA-TSHI-0004,Classic Long-Sleeve Tee – Forest Green,"The Classic Long-Sleeve Tee from Northwind Apparel, crafted in cotton blend, for an easy, everyday layer that pairs with anything. Shown in Forest Green.",https://livgpt.vercel.app/?merchant=northwind-apparel&product=NA-TSHI-0004,Northwind Studio,,NA-TSHI-0004,https://livgpt.vercel.app/mock-catalog/images/northwind-apparel/NA-TSHI-0004.jpg,,,,new,Apparel & Accessories > Clothing > Shirts & Tops,Apparel > Tops > T-Shirts,adult,Cotton Blend,12 in,10 in,2 in,0.86 lb,NA-TSHI-GRP-002,T-Shirts,Forest Green,XS,US,unisex,in_stock,,,,40,39.99 USD,,,txcd_99999999,exclusive,,"US:ALL:Standard:3-5:0.00 USD,US:ALL:Expedited:1-2:9.99 USD",US:ALL:Standard:50.00 USD,
NA-TSHI-0005,Signature V-Neck Tee – Olive,"The Signature V-Neck Tee from Northwind Apparel, crafted in cotton blend, for an easy, everyday layer that pairs with anything. Shown in Olive.",https://livgpt.vercel.app/?merchant=northwind-apparel&product=NA-TSHI-0005,Northwind,,NA-TSHI-0005,https://livgpt.vercel.app/mock-catalog/images/northwind-apparel/NA-TSHI-0005.jpg,,,,new,Apparel & Accessories > Clothing > Shirts & Tops,Apparel > Tops > T-Shirts,adult,Cotton Blend,12 in,10 in,2 in,0.87 lb,NA-TSHI-GRP-003,T-Shirts,Olive,XL,US,unisex,in_stock,,,,91,32.58 USD,26.99 USD,2026-07-01/2026-12-31,txcd_99999999,exclusive,,"US:ALL:Standard:3-5:0.00 USD,US:ALL:Expedited:1-2:9.99 USD",US:ALL:Standard:50.00 USD,
NA-TSHI-0006,Everyday Henley – Slate Gray,"The Everyday Henley from Northwind Apparel, crafted in linen, for an easy, everyday layer that pairs with anything. Shown in Slate Gray.",https://livgpt.vercel.app/?merchant=northwind-apparel&product=NA-TSHI-0006,Northwind,,NA-TSHI-0006,https://livgpt.vercel.app/mock-catalog/images/northwind-apparel/NA-TSHI-0006.jpg,,,,new,Apparel & Accessories > Clothing > Shirts & Tops,Apparel > Tops > T-Shirts,adult,Linen,12 in,10 in,2 in,0.96 lb,NA-TSHI-GRP-003,T-Shirts,Slate Gray,XXL,US,unisex,in_stock,,,,158,38.86 USD,,,txcd_99999999,exclusive,,"US:ALL:Standard:3-5:0.00 USD,US:ALL:Expedited:1-2:9.99 USD",US:ALL:Standard:50.00 USD,
NA-TSHI-0007,Coastal Long-Sleeve Tee – Cream,"The Coastal Long-Sleeve Tee from Northwind Apparel, crafted in organic cotton, for an easy, everyday layer that pairs with anything. Shown in Cream.",https://livgpt.vercel.app/?merchant=northwind-apparel&product=NA-TSHI-0007,NW Active,,NA-TSHI-0007,https://livgpt.vercel.app/mock-catalog/images/northwind-apparel/NA-TSHI-0007.jpg,,,,new,Apparel & Accessories > Clothing > Shirts & Tops,Apparel > Tops > T-Shirts,adult,Organic Cotton,12 in,10 in,2 in,0.82 lb,NA-TSHI-GRP-004,T-Shirts,Cream,L,US,unisex,in_stock,,,,82,20.95 USD,,,txcd_99999999,exclusive,,"US:ALL:Standard:3-5:0.00 USD,US:ALL:Expedited:1-2:9.99 USD",US:ALL:Standard:50.00 USD,
NA-TSHI-0008,Trail Long-Sleeve Tee – Charcoal,"The Trail Long-Sleeve Tee from Northwind Apparel, crafted in organic cotton, for an easy, everyday layer that pairs with anything. Shown in Charcoal.",https://livgpt.vercel.app/?merchant=northwind-apparel&product=NA-TSHI-0008,Northwind,,NA-TSHI-0008,https://livgpt.vercel.app/mock-catalog/images/northwind-apparel/NA-TSHI-0008.jpg,,,,new,Apparel & Accessories > Clothing > Shirts & Tops,Apparel > Tops > T-Shirts,adult,Organic Cotton,12 in,10 in,2 in,0.96 lb,NA-TSHI-GRP-004,T-Shirts,Charcoal,XL,US,unisex,in_stock,,,,241,34.67 USD,,,txcd_99999999,exclusive,,"US:ALL:Standard:3-5:0.00 USD,US:ALL:Expedited:1-2:9.99 USD",US:ALL:Standard:50.00 USD,
NA-TSHI-0009,Minimalist Pocket Tee – Burgundy,"The Minimalist Pocket Tee from Northwind Apparel, crafted in cotton blend, for an easy, everyday layer that pairs with anything. Shown in Burgundy.",https://livgpt.vercel.app/?merchant=northwind-apparel&product=NA-TSHI-0009,NW Active,,NA-TSHI-0009,https://livgpt.vercel.app/mock-catalog/images/northwind-apparel/NA-TSHI-0009.jpg,,,,new,Apparel & Accessories > Clothing > Shirts & Tops,Apparel > Tops > T-Shirts,adult,Cotton Blend,12 in,10 in,2 in,0.95 lb,NA-TSHI-GRP-005,T-Shirts,Burgundy,XXL,US,unisex,in_stock,,,,55,33.41 USD,,,txcd_99999999,exclusive,,"US:ALL:Standard:3-5:0.00 USD,US:ALL:Expedited:1-2:9.99 USD",US:ALL:Standard:50.00 USD,
NA-TSHI-0010,Terra V-Neck Tee – Cream,"The Terra V-Neck Tee from Northwind Apparel, crafted in organic cotton, for an easy, everyday layer that pairs with anything. Shown in Cream.",https://livgpt.vercel.app/?merchant=northwind-apparel&product=NA-TSHI-0010,Northwind,,NA-TSHI-0010,https://livgpt.vercel.app/mock-catalog/images/northwind-apparel/NA-TSHI-0010.jpg,,,,new,Apparel & Accessories > Clothing > Shirts & Tops,Apparel > Tops > T-Shirts,adult,Organic Cotton,12 in,10 in,2 in,0.91 lb,NA-TSHI-GRP-005,T-Shirts,Cream,XL,US,unisex,in_stock,,,,85,25.41 USD,,,txcd_99999999,exclusive,,"US:ALL:Standard:3-5:0.00 USD,US:ALL:Expedited:1-2:9.99 USD",US:ALL:Standard:50.00 USD,
NA-TSHI-0011,Luxe Henley – Forest Green,"The Luxe Henley from Northwind Apparel, crafted in cotton blend, for an easy, everyday layer that pairs with anything. Shown in Forest Green.",https://livgpt.vercel.app/?merchant=northwind-apparel&product=NA-TSHI-0011,NW Active,,NA-TSHI-0011,https://livgpt.vercel.app/mock-catalog/images/northwind-apparel/NA-TSHI-0011.jpg,,,,new,Apparel & Accessories > Clothing > Shirts & Tops,Apparel > Tops > T-Shirts,adult,Cotton Blend,12 in,10 in,2 in,0.97 lb,NA-TSHI-GRP-006,T-Shirts,Forest Green,L,US,unisex,in_stock,,,,15,38.91 USD,,,txcd_99999999,exclusive,,"US:ALL:Standard:3-5:0.00 USD,US:ALL:Expedited:1-2:9.99 USD",US:ALL:Standard:50.00 USD,
NA-TSHI-0012,Modern V-Neck Tee – White,"The Modern V-Neck Tee from Northwind Apparel, crafted in organic cotton, for an easy, everyday layer that pairs with anything. Shown in White.",https://livgpt.vercel.app/?merchant=northwind-apparel&product=NA-TSHI-0012,NW Active,,NA-TSHI-0012,https://livgpt.vercel.app/mock-catalog/images/northwind-apparel/NA-TSHI-0012.jpg,,,,new,Apparel & Accessories > Clothing > Shirts & Tops,Apparel > Tops > T-Shirts,adult,Organic Cotton,12 in,10 in,2 in,0.93 lb,NA-TSHI-GRP-006,T-Shirts,White,M,US,unisex,in_stock,,,,120,37.75 USD,29.76 USD,2026-07-01/2026-12-31,txcd_99999999,exclusive,,"US:ALL:Standard:3-5:0.00 USD,US:ALL:Expedited:1-2:9.99 USD",US:ALL:Standard:50.00 USD,
NA-TSHI-0013,Terra Long-Sleeve Tee – Blush Pink,"The Terra Long-Sleeve Tee from Northwind Apparel, crafted in linen, for an easy, everyday layer that pairs with anything. Shown in Blush Pink.",https://livgpt.vercel.app/?merchant=northwind-apparel&product=NA-TSHI-0013,Northwind Studio,,NA-TSHI-0013,https://livgpt.vercel.app/mock-catalog/images/northwind-apparel/NA-TSHI-0013.jpg,,,,new,Apparel & Accessories > Clothing > Shirts & Tops,Apparel > Tops > T-Shirts,adult,Linen,12 in,10 in,2 in,0.87 lb,NA-TSHI-GRP-007,T-Shirts,Blush Pink,M,US,unisex,in_stock,,,,212,35.03 USD,,,txcd_99999999,exclusive,,"US:ALL:Standard:3-5:0.00 USD,US:ALL:Expedited:1-2:9.99 USD",US:ALL:Standard:50.00 USD,
NA-TSHI-0014,Rugged Long-Sleeve Tee – Sand,"The Rugged Long-Sleeve Tee from Northwind Apparel, crafted in organic cotton, for an easy, everyday layer that pairs with anything. Shown in Sand.",https://livgpt.vercel.app/?merchant=northwind-apparel&product=NA-TSHI-0014,Northwind,,NA-TSHI-0014,https://livgpt.vercel.app/mock-catalog/images/northwind-apparel/NA-TSHI-0014.jpg,,,,new,Apparel & Accessories > Clothing > Shirts & Tops,Apparel > Tops > T-Shirts,adult,Organic Cotton,12 in,10 in,2 in,0.86 lb,NA-TSHI-GRP-007,T-Shirts,Sand,L,US,unisex,in_stock,,,,138,33.81 USD,26.53 USD,2026-07-01/2026-12-31,txcd_99999999,exclusive,,"US:ALL:Standard:3-5:0.00 USD,US:ALL:Expedited:1-2:9.99 USD",US:ALL:Standard:50.00 USD,
NA-TSHI-0015,Urban V-Neck Tee – Burgundy,"The Urban V-Neck Tee from Northwind Apparel, crafted in organic cotton, for an easy, everyday layer that pairs with anything. Shown in Burgundy.",https://livgpt.vercel.app/?merchant=northwind-apparel&product=NA-TSHI-0015,NW Active,,NA-TSHI-0015,https://livgpt.vercel.app/mock-catalog/images/northwind-apparel/NA-TSHI-0015.jpg,,,,new,Apparel & Accessories > Clothing > Shirts & Tops,Apparel > Tops > T-Shirts,adult,Organic Cotton,12 in,10 in,2 in,0.97 lb,NA-TSHI-GRP-008,T-Shirts,Burgundy,XL,US,unisex,in_stock,,,,91,19.77 USD,,,txcd_99999999,exclusive,,"US:ALL:Standard:3-5:0.00 USD,US:ALL:Expedited:1-2:9.99 USD",US:ALL:Standard:50.00 USD,
NA-HOOD-0016,Coastal Pullover Hoodie – Charcoal,"The Coastal Pullover Hoodie from Northwind Apparel, crafted in brushed fleece, for weekend comfort with a modern fit. Shown in Charcoal.",https://livgpt.vercel.app/?merchant=northwind-apparel&product=NA-HOOD-0016,Northwind Studio,,NA-HOOD-0016,https://livgpt.vercel.app/mock-catalog/images/northwind-apparel/NA-HOOD-0016.jpg,,,,new,Apparel & Accessories > Clothing > Outerwear,Apparel > Tops > Hoodies,adult,Brushed Fleece,13 in,11 in,3 in,1.98 lb,NA-HOOD-GRP-001,Hoodies,Charcoal,L,US,unisex,in_stock,,,,116,77.26 USD,,,txcd_99999999,exclusive,,"US:ALL:Standard:3-5:0.00 USD,US:ALL:Expedited:1-2:9.99 USD",US:ALL:Standard:50.00 USD,
NA-HOOD-0017,Rugged Crewneck Sweatshirt – Cream,"The Rugged Crewneck Sweatshirt from Northwind Apparel, crafted in cotton blend, for weekend comfort with a modern fit. Shown in Cream.",https://livgpt.vercel.app/?merchant=northwind-apparel&product=NA-HOOD-0017,Northwind Studio,,NA-HOOD-0017,https://livgpt.vercel.app/mock-catalog/images/northwind-apparel/NA-HOOD-0017.jpg,,,,new,Apparel & Accessories > Clothing > Outerwear,Apparel > Tops > Hoodies,adult,Cotton Blend,13 in,11 in,3 in,1.78 lb,NA-HOOD-GRP-001,Hoodies,Cream,XL,US,unisex,in_stock,,,,150,49.56 USD,,,txcd_99999999,exclusive,,"US:ALL:Standard:3-5:0.00 USD,US:ALL:Expedited:1-2:9.99 USD",US:ALL:Standard:50.00 USD,
NA-HOOD-0018,Premium Zip Hoodie – Cream,"The Premium Zip Hoodie from Northwind Apparel, crafted in brushed fleece, for weekend comfort with a modern fit. Shown in Cream.",https://livgpt.vercel.app/?merchant=northwind-apparel&product=NA-HOOD-0018,NW Active,,NA-HOOD-0018,https://livgpt.vercel.app/mock-catalog/images/northwind-apparel/NA-HOOD-0018.jpg,,,,new,Apparel & Accessories > Clothing > Outerwear,Apparel > Tops > Hoodies,adult,Brushed Fleece,13 in,11 in,3 in,1.73 lb,NA-HOOD-GRP-002,Hoodies,Cream,S,US,unisex,in_stock,,,,92,88.56 USD,,,txcd_99999999,exclusive,,"US:ALL:Standard:3-5:0.00 USD,US:ALL:Expedited:1-2:9.99 USD",US:ALL:Standard:50.00 USD,
NA-HOOD-0019,Coastal Zip Hoodie – Forest Green,"The Coastal Zip Hoodie from Northwind Apparel, crafted in brushed fleece, for weekend comfort with a modern fit. Shown in Forest Green.",https://livgpt.vercel.app/?merchant=northwind-apparel&product=NA-HOOD-0019,Northwind,,NA-HOOD-0019,https://livgpt.vercel.app/mock-catalog/images/northwind-apparel/NA-HOOD-0019.jpg,,,,new,Apparel & Accessories > Clothing > Outerwear,Apparel > Tops > Hoodies,adult,Brushed Fleece,13 in,11 in,3 in,1.8 lb,NA-HOOD-GRP-002,Hoodies,Forest Green,M,US,unisex,in_stock,,,,19,56.48 USD,,,txcd_99999999,exclusive,,"US:ALL:Standard:3-5:0.00 USD,US:ALL:Expedited:1-2:9.99 USD",US:ALL:Standard:50.00 USD,
NA-HOOD-0020,Everyday Fleece Hoodie – Black,"The Everyday Fleece Hoodie from Northwind Apparel, crafted in french terry, for weekend comfort with a modern fit. Shown in Black.",https://livgpt.vercel.app/?merchant=northwind-apparel&product=NA-HOOD-0020,Northwind Studio,,NA-HOOD-0020,https://livgpt.vercel.app/mock-catalog/images/northwind-apparel/NA-HOOD-0020.jpg,,,,new,Apparel & Accessories > Clothing > Outerwear,Apparel > Tops > Hoodies,adult,French Terry,13 in,11 in,3 in,1.76 lb,NA-HOOD-GRP-003,Hoodies,Black,XXL,US,unisex,in_stock,,,,77,80.14 USD,,,txcd_99999999,exclusive,,"US:ALL:Standard:3-5:0.00 USD,US:ALL:Expedited:1-2:9.99 USD",US:ALL:Standard:50.00 USD,
NA-HOOD-0021,Minimalist Zip Hoodie – Sand,"The Minimalist Zip Hoodie from Northwind Apparel, crafted in cotton blend, for weekend comfort with a modern fit. Shown in Sand.",https://livgpt.vercel.app/?merchant=northwind-apparel&product=NA-HOOD-0021,Northwind,,NA-HOOD-0021,https://livgpt.vercel.app/mock-catalog/images/northwind-apparel/NA-HOOD-0021.jpg,,,,new,Apparel & Accessories > Clothing > Outerwear,Apparel > Tops > Hoodies,adult,Cotton Blend,13 in,11 in,3 in,1.62 lb,NA-HOOD-GRP-003,Hoodies,Sand,XXL,US,unisex,in_stock,,,,176,50.51 USD,44.31 USD,2026-07-01/2026-12-31,txcd_99999999,exclusive,,"US:ALL:Standard:3-5:0.00 USD,US:ALL:Expedited:1-2:9.99 USD",US:ALL:Standard:50.00 USD,
NA-HOOD-0022,Studio Fleece Hoodie – Slate Gray,"The Studio Fleece Hoodie from Northwind Apparel, crafted in brushed fleece, for weekend comfort with a modern fit. Shown in Slate Gray.",https://livgpt.vercel.app/?merchant=northwind-apparel&product=NA-HOOD-0022,Northwind,,NA-HOOD-0022,https://livgpt.vercel.app/mock-catalog/images/northwind-apparel/NA-HOOD-0022.jpg,,,,new,Apparel & Accessories > Clothing > Outerwear,Apparel > Tops > Hoodies,adult,Brushed Fleece,13 in,11 in,3 in,1.73 lb,NA-HOOD-GRP-004,Hoodies,Slate Gray,S,US,unisex,in_stock,,,,84,60.02 USD,,,txcd_99999999,exclusive,,"US:ALL:Standard:3-5:0.00 USD,US:ALL:Expedited:1-2:9.99 USD",US:ALL:Standard:50.00 USD,
NA-HOOD-0023,Studio Crewneck Sweatshirt – Sky Blue,"The Studio Crewneck Sweatshirt from Northwind Apparel, crafted in french terry, for weekend comfort with a modern fit. Shown in Sky Blue.",https://livgpt.vercel.app/?merchant=northwind-apparel&product=NA-HOOD-0023,Northwind Studio,,NA-HOOD-0023,https://livgpt.vercel.app/mock-catalog/images/northwind-apparel/NA-HOOD-0023.jpg,,,,new,Apparel & Accessories > Clothing > Outerwear,Apparel > Tops > Hoodies,adult,French Terry,13 in,11 in,3 in,1.96 lb,NA-HOOD-GRP-004,Hoodies,Sky Blue,XL,US,unisex,in_stock,,,,197,85.74 USD,,,txcd_99999999,exclusive,,"US:ALL:Standard:3-5:0.00 USD,US:ALL:Expedited:1-2:9.99 USD",US:ALL:Standard:50.00 USD,
NA-HOOD-0024,Terra Zip Hoodie – Black,"The Terra Zip Hoodie from Northwind Apparel, crafted in french terry, for weekend comfort with a modern fit. Shown in Black.",https://livgpt.vercel.app/?merchant=northwind-apparel&product=NA-HOOD-0024,Northwind,,NA-HOOD-0024,https://livgpt.vercel.app/mock-catalog/images/northwind-apparel/NA-HOOD-0024.jpg,,,,new,Apparel & Accessories > Clothing > Outerwear,Apparel > Tops > Hoodies,adult,French Terry,13 in,11 in,3 in,1.73 lb,NA-HOOD-GRP-005,Hoodies,Black,M,US,unisex,in_stock,,,,51,78.45 USD,,,txcd_99999999,exclusive,,"US:ALL:Standard:3-5:0.00 USD,US:ALL:Expedited:1-2:9.99 USD",US:ALL:Standard:50.00 USD,
NA-HOOD-0025,Luxe Zip Hoodie – Slate Gray,"The Luxe Zip Hoodie from Northwind Apparel, crafted in brushed fleece, for weekend comfort with a modern fit. Shown in Slate Gray.",https://livgpt.vercel.app/?merchant=northwind-apparel&product=NA-HOOD-0025,NW Active,,NA-HOOD-0025,https://livgpt.vercel.app/mock-catalog/images/northwind-apparel/NA-HOOD-0025.jpg,,,,new,Apparel & Accessories > Clothing > Outerwear,Apparel > Tops > Hoodies,adult,Brushed Fleece,13 in,11 in,3 in,1.67 lb,NA-HOOD-GRP-005,Hoodies,Slate Gray,S,US,unisex,in_stock,,,,209,96.16 USD,78.51 USD,2026-07-01/2026-12-31,txcd_99999999,exclusive,,"US:ALL:Standard:3-5:0.00 USD,US:ALL:Expedited:1-2:9.99 USD",US:ALL:Standard:50.00 USD,
NA-HOOD-0026,Modern Fleece Hoodie – Burgundy,"The Modern Fleece Hoodie from Northwind Apparel, crafted in cotton blend, for weekend comfort with a modern fit. Shown in Burgundy.",https://livgpt.vercel.app/?merchant=northwind-apparel&product=NA-HOOD-0026,Northwind Studio,,NA-HOOD-0026,https://livgpt.vercel.app/mock-catalog/images/northwind-apparel/NA-HOOD-0026.jpg,,,,new,Apparel & Accessories > Clothing > Outerwear,Apparel > Tops > Hoodies,adult,Cotton Blend,13 in,11 in,3 in,1.93 lb,NA-HOOD-GRP-006,Hoodies,Burgundy,M,US,unisex,in_stock,,,,118,63.22 USD,,,txcd_99999999,exclusive,,"US:ALL:Standard:3-5:0.00 USD,US:ALL:Expedited:1-2:9.99 USD",US:ALL:Standard:50.00 USD,
NA-HOOD-0027,Urban Pullover Hoodie – Burgundy,"The Urban Pullover Hoodie from Northwind Apparel, crafted in french terry, for weekend comfort with a modern fit. Shown in Burgundy.",https://livgpt.vercel.app/?merchant=northwind-apparel&product=NA-HOOD-0027,Northwind Studio,,NA-HOOD-0027,https://livgpt.vercel.app/mock-catalog/images/northwind-apparel/NA-HOOD-0027.jpg,,,,new,Apparel & Accessories > Clothing > Outerwear,Apparel > Tops > Hoodies,adult,French Terry,13 in,11 in,3 in,1.98 lb,NA-HOOD-GRP-006,Hoodies,Burgundy,M,US,unisex,in_stock,,,,166,87.44 USD,76.77 USD,2026-07-01/2026-12-31,txcd_99999999,exclusive,,"US:ALL:Standard:3-5:0.00 USD,US:ALL:Expedited:1-2:9.99 USD",US:ALL:Standard:50.00 USD,
NA-HOOD-0028,Coastal Fleece Hoodie – Olive,"The Coastal Fleece Hoodie from Northwind Apparel, crafted in brushed fleece, for weekend comfort with a modern fit. Shown in Olive.",https://livgpt.vercel.app/?merchant=northwind-apparel&product=NA-HOOD-0028,Northwind Studio,,NA-HOOD-0028,https://livgpt.vercel.app/mock-catalog/images/northwind-apparel/NA-HOOD-0028.jpg,,,,new,Apparel & Accessories > Clothing > Outerwear,Apparel > Tops > Hoodies,adult,Brushed Fleece,13 in,11 in,3 in,1.76 lb,NA-HOOD-GRP-007,Hoodies,Olive,S,US,unisex,in_stock,,,,143,68.86 USD,,,txcd_99999999,exclusive,,"US:ALL:Standard:3-5:0.00 USD,US:ALL:Expedited:1-2:9.99 USD",US:ALL:Standard:50.00 USD,
NA-HOOD-0029,Trail Fleece Hoodie – Cream,"The Trail Fleece Hoodie from Northwind Apparel, crafted in brushed fleece, for weekend comfort with a modern fit. Shown in Cream.",https://livgpt.vercel.app/?merchant=northwind-apparel&product=NA-HOOD-0029,Northwind Studio,,NA-HOOD-0029,https://livgpt.vercel.app/mock-catalog/images/northwind-apparel/NA-HOOD-0029.jpg,,,,new,Apparel & Accessories > Clothing > Outerwear,Apparel > Tops > Hoodies,adult,Brushed Fleece,13 in,11 in,3 in,1.91 lb,NA-HOOD-GRP-007,Hoodies,Cream,L,US,unisex,in_stock,,,,227,85.12 USD,66.66 USD,2026-07-01/2026-12-31,txcd_99999999,exclusive,,"US:ALL:Standard:3-5:0.00 USD,US:ALL:Expedited:1-2:9.99 USD",US:ALL:Standard:50.00 USD,
NA-HOOD-0030,Everyday Crewneck Sweatshirt – Cream,"The Everyday Crewneck Sweatshirt from Northwind Apparel, crafted in brushed fleece, for weekend comfort with a modern fit. Shown in Cream.",https://livgpt.vercel.app/?merchant=northwind-apparel&product=NA-HOOD-0030,Northwind Studio,,NA-HOOD-0030,https://livgpt.vercel.app/mock-catalog/images/northwind-apparel/NA-HOOD-0030.jpg,,,,new,Apparel & Accessories > Clothing > Outerwear,Apparel > Tops > Hoodies,adult,Brushed Fleece,13 in,11 in,3 in,1.71 lb,NA-HOOD-GRP-008,Hoodies,Cream,XXL,US,unisex,in_stock,,,,220,78.12 USD,,,txcd_99999999,exclusive,,"US:ALL:Standard:3-5:0.00 USD,US:ALL:Expedited:1-2:9.99 USD",US:ALL:Standard:50.00 USD,
NA-ACTI-0031,Premium Training Shorts – White,"The Premium Training Shorts from Northwind Apparel, crafted in recycled poly, built to move with breathable, quick-dry performance. Shown in White.",https://livgpt.vercel.app/?merchant=northwind-apparel&product=NA-ACTI-0031,Northwind,,NA-ACTI-0031,https://livgpt.vercel.app/mock-catalog/images/northwind-apparel/NA-ACTI-0031.jpg,,,,new,Apparel & Accessories > Clothing > Activewear,Apparel > Activewear,adult,Recycled Poly,12 in,10 in,2 in,1.08 lb,NA-ACTI-GRP-001,Activewear,White,M,US,unisex,in_stock,,,,64,52.58 USD,,,txcd_99999999,exclusive,,"US:ALL:Standard:3-5:0.00 USD,US:ALL:Expedited:1-2:9.99 USD",US:ALL:Standard:50.00 USD,
NA-ACTI-0032,Classic Training Shorts – White,"The Classic Training Shorts from Northwind Apparel, crafted in moisture-wick knit, built to move with breathable, quick-dry performance. Shown in White.",https://livgpt.vercel.app/?merchant=northwind-apparel&product=NA-ACTI-0032,Northwind,,NA-ACTI-0032,https://livgpt.vercel.app/mock-catalog/images/northwind-apparel/NA-ACTI-0032.jpg,,,,new,Apparel & Accessories > Clothing > Activewear,Apparel > Activewear,adult,Moisture-Wick Knit,12 in,10 in,2 in,1.08 lb,NA-ACTI-GRP-001,Activewear,White,L,US,unisex,in_stock,,,,24,57.10 USD,,,txcd_99999999,exclusive,,"US:ALL:Standard:3-5:0.00 USD,US:ALL:Expedited:1-2:9.99 USD",US:ALL:Standard:50.00 USD,
NA-ACTI-0033,Essential Track Jacket – Charcoal,"The Essential Track Jacket from Northwind Apparel, crafted in recycled poly, built to move with breathable, quick-dry performance. Shown in Charcoal.",https://livgpt.vercel.app/?merchant=northwind-apparel&product=NA-ACTI-0033,Northwind,,NA-ACTI-0033,https://livgpt.vercel.app/mock-catalog/images/northwind-apparel/NA-ACTI-0033.jpg,,,,new,Apparel & Accessories > Clothing > Activewear,Apparel > Activewear,adult,Recycled Poly,12 in,10 in,2 in,0.95 lb,NA-ACTI-GRP-002,Activewear,Charcoal,M,US,unisex,in_stock,,,,225,47.85 USD,,,txcd_99999999,exclusive,,"US:ALL:Standard:3-5:0.00 USD,US:ALL:Expedited:1-2:9.99 USD",US:ALL:Standard:50.00 USD,
NA-ACTI-0034,Urban Jogger Pants – Sand,"The Urban Jogger Pants from Northwind Apparel, crafted in moisture-wick knit, built to move with breathable, quick-dry performance. Shown in Sand.",https://livgpt.vercel.app/?merchant=northwind-apparel&product=NA-ACTI-0034,Northwind Studio,,NA-ACTI-0034,https://livgpt.vercel.app/mock-catalog/images/northwind-apparel/NA-ACTI-0034.jpg,,,,new,Apparel & Accessories > Clothing > Activewear,Apparel > Activewear,adult,Moisture-Wick Knit,12 in,10 in,2 in,1.05 lb,NA-ACTI-GRP-002,Activewear,Sand,L,US,unisex,in_stock,,,,93,66.34 USD,,,txcd_99999999,exclusive,,"US:ALL:Standard:3-5:0.00 USD,US:ALL:Expedited:1-2:9.99 USD",US:ALL:Standard:50.00 USD,
NA-ACTI-0035,Heritage Jogger Pants – Navy,"The Heritage Jogger Pants from Northwind Apparel, crafted in recycled poly, built to move with breathable, quick-dry performance. Shown in Navy.",https://livgpt.vercel.app/?merchant=northwind-apparel&product=NA-ACTI-0035,Northwind Studio,,NA-ACTI-0035,https://livgpt.vercel.app/mock-catalog/images/northwind-apparel/NA-ACTI-0035.jpg,,,,new,Apparel & Accessories > Clothing > Activewear,Apparel > Activewear,adult,Recycled Poly,12 in,10 in,2 in,1.03 lb,NA-ACTI-GRP-003,Activewear,Navy,M,US,unisex,in_stock,,,,128,38.71 USD,,,txcd_99999999,exclusive,,"US:ALL:Standard:3-5:0.00 USD,US:ALL:Expedited:1-2:9.99 USD",US:ALL:Standard:50.00 USD,
NA-ACTI-0036,Coastal Track Jacket – Burgundy,"The Coastal Track Jacket from Northwind Apparel, crafted in recycled poly, built to move with breathable, quick-dry performance. Shown in Burgundy.",https://livgpt.vercel.app/?merchant=northwind-apparel&product=NA-ACTI-0036,Northwind,,NA-ACTI-0036,https://livgpt.vercel.app/mock-catalog/images/northwind-apparel/NA-ACTI-0036.jpg,,,,new,Apparel & Accessories > Clothing > Activewear,Apparel > Activewear,adult,Recycled Poly,12 in,10 in,2 in,0.92 lb,NA-ACTI-GRP-003,Activewear,Burgundy,S,US,unisex,in_stock,,,,163,37.01 USD,,,txcd_99999999,exclusive,,"US:ALL:Standard:3-5:0.00 USD,US:ALL:Expedited:1-2:9.99 USD",US:ALL:Standard:50.00 USD,
NA-ACTI-0037,Studio Track Jacket – Sky Blue,"The Studio Track Jacket from Northwind Apparel, crafted in recycled poly, built to move with breathable, quick-dry performance. Shown in Sky Blue.",https://livgpt.vercel.app/?merchant=northwind-apparel&product=NA-ACTI-0037,Northwind Studio,,NA-ACTI-0037,https://livgpt.vercel.app/mock-catalog/images/northwind-apparel/NA-ACTI-0037.jpg,,,,new,Apparel & Accessories > Clothing > Activewear,Apparel > Activewear,adult,Recycled Poly,12 in,10 in,2 in,0.95 lb,NA-ACTI-GRP-004,Activewear,Sky Blue,XXL,US,unisex,in_stock,,,,75,81.60 USD,,,txcd_99999999,exclusive,,"US:ALL:Standard:3-5:0.00 USD,US:ALL:Expedited:1-2:9.99 USD",US:ALL:Standard:50.00 USD,
NA-ACTI-0038,Luxe Track Jacket – Slate Gray,"The Luxe Track Jacket from Northwind Apparel, crafted in moisture-wick knit, built to move with breathable, quick-dry performance. Shown in Slate Gray.",https://livgpt.vercel.app/?merchant=northwind-apparel&product=NA-ACTI-0038,Northwind Studio,,NA-ACTI-0038,https://livgpt.vercel.app/mock-catalog/images/northwind-apparel/NA-ACTI-0038.jpg,,,,new,Apparel & Accessories > Clothing > Activewear,Apparel > Activewear,adult,Moisture-Wick Knit,12 in,10 in,2 in,1.09 lb,NA-ACTI-GRP-004,Activewear,Slate Gray,XXL,US,unisex,in_stock,,,,250,85.30 USD,,,txcd_99999999,exclusive,,"US:ALL:Standard:3-5:0.00 USD,US:ALL:Expedited:1-2:9.99 USD",US:ALL:Standard:50.00 USD,
NA-ACTI-0039,Coastal Performance Tee – Forest Green,"The Coastal Performance Tee from Northwind Apparel, crafted in moisture-wick knit, built to move with breathable, quick-dry performance. Shown in Forest Green.",https://livgpt.vercel.app/?merchant=northwind-apparel&product=NA-ACTI-0039,NW Active,,NA-ACTI-0039,https://livgpt.vercel.app/mock-catalog/images/northwind-apparel/NA-ACTI-0039.jpg,,,,new,Apparel & Accessories > Clothing > Activewear,Apparel > Activewear,adult,Moisture-Wick Knit,12 in,10 in,2 in,1.07 lb,NA-ACTI-GRP-005,Activewear,Forest Green,S,US,unisex,in_stock,,,,150,36.20 USD,,,txcd_99999999,exclusive,,"US:ALL:Standard:3-5:0.00 USD,US:ALL:Expedited:1-2:9.99 USD",US:ALL:Standard:50.00 USD,
NA-ACTI-0040,Studio Jogger Pants – Burgundy,"The Studio Jogger Pants from Northwind Apparel, crafted in recycled poly, built to move with breathable, quick-dry performance. Shown in Burgundy.",https://livgpt.vercel.app/?merchant=northwind-apparel&product=NA-ACTI-0040,Northwind Studio,,NA-ACTI-0040,https://livgpt.vercel.app/mock-catalog/images/northwind-apparel/NA-ACTI-0040.jpg,,,,new,Apparel & Accessories > Clothing > Activewear,Apparel > Activewear,adult,Recycled Poly,12 in,10 in,2 in,1.04 lb,NA-ACTI-GRP-005,Activewear,Burgundy,S,US,unisex,in_stock,,,,80,87.79 USD,,,txcd_99999999,exclusive,,"US:ALL:Standard:3-5:0.00 USD,US:ALL:Expedited:1-2:9.99 USD",US:ALL:Standard:50.00 USD,
NA-ACTI-0041,Everyday Training Shorts – Forest Green,"The Everyday Training Shorts from Northwind Apparel, crafted in moisture-wick knit, built to move with breathable, quick-dry performance. Shown in Forest Green.",https://livgpt.vercel.app/?merchant=northwind-apparel&product=NA-ACTI-0041,NW Active,,NA-ACTI-0041,https://livgpt.vercel.app/mock-catalog/images/northwind-apparel/NA-ACTI-0041.jpg,,,,new,Apparel & Accessories > Clothing > Activewear,Apparel > Activewear,adult,Moisture-Wick Knit,12 in,10 in,2 in,0.94 lb,NA-ACTI-GRP-006,Activewear,Forest Green,XS,US,unisex,in_stock,,,,192,54.94 USD,,,txcd_99999999,exclusive,,"US:ALL:Standard:3-5:0.00 USD,US:ALL:Expedited:1-2:9.99 USD",US:ALL:Standard:50.00 USD,
NA-ACTI-0042,Classic Jogger Pants – Slate Gray,"The Classic Jogger Pants from Northwind Apparel, crafted in moisture-wick knit, built to move with breathable, quick-dry performance. Shown in Slate Gray.",https://livgpt.vercel.app/?merchant=northwind-apparel&product=NA-ACTI-0042,Northwind Studio,,NA-ACTI-0042,https://livgpt.vercel.app/mock-catalog/images/northwind-apparel/NA-ACTI-0042.jpg,,,,new,Apparel & Accessories > Clothing > Activewear,Apparel > Activewear,adult,Moisture-Wick Knit,12 in,10 in,2 in,1.0 lb,NA-ACTI-GRP-006,Activewear,Slate Gray,S,US,unisex,in_stock,,,,228,68.86 USD,,,txcd_99999999,exclusive,,"US:ALL:Standard:3-5:0.00 USD,US:ALL:Expedited:1-2:9.99 USD",US:ALL:Standard:50.00 USD,
NA-ACTI-0043,Modern Training Shorts – Cream,"The Modern Training Shorts from Northwind Apparel, crafted in moisture-wick knit, built to move with breathable, quick-dry performance. Shown in Cream.",https://livgpt.vercel.app/?merchant=northwind-apparel&product=NA-ACTI-0043,Northwind,,NA-ACTI-0043,https://livgpt.vercel.app/mock-catalog/images/northwind-apparel/NA-ACTI-0043.jpg,,,,new,Apparel & Accessories > Clothing > Activewear,Apparel > Activewear,adult,Moisture-Wick Knit,12 in,10 in,2 in,1.09 lb,NA-ACTI-GRP-007,Activewear,Cream,M,US,unisex,in_stock,,,,17,71.54 USD,,,txcd_99999999,exclusive,,"US:ALL:Standard:3-5:0.00 USD,US:ALL:Expedited:1-2:9.99 USD",US:ALL:Standard:50.00 USD,
NA-ACTI-0044,Minimalist Training Shorts – Navy,"The Minimalist Training Shorts from Northwind Apparel, crafted in recycled poly, built to move with breathable, quick-dry performance. Shown in Navy.",https://livgpt.vercel.app/?merchant=northwind-apparel&product=NA-ACTI-0044,Northwind Studio,,NA-ACTI-0044,https://livgpt.vercel.app/mock-catalog/images/northwind-apparel/NA-ACTI-0044.jpg,,,,new,Apparel & Accessories > Clothing > Activewear,Apparel > Activewear,adult,Recycled Poly,12 in,10 in,2 in,1.01 lb,NA-ACTI-GRP-007,Activewear,Navy,M,US,unisex,in_stock,,,,225,38.27 USD,,,txcd_99999999,exclusive,,"US:ALL:Standard:3-5:0.00 USD,US:ALL:Expedited:1-2:9.99 USD",US:ALL:Standard:50.00 USD,
NA-ACTI-0045,Luxe Jogger Pants – Blush Pink,"The Luxe Jogger Pants from Northwind Apparel, crafted in recycled poly, built to move with breathable, quick-dry performance. Shown in Blush Pink.",https://livgpt.vercel.app/?merchant=northwind-apparel&product=NA-ACTI-0045,Northwind Studio,,NA-ACTI-0045,https://livgpt.vercel.app/mock-catalog/images/northwind-apparel/NA-ACTI-0045.jpg,,,,new,Apparel & Accessories > Clothing > Activewear,Apparel > Activewear,adult,Recycled Poly,12 in,10 in,2 in,0.99 lb,NA-ACTI-GRP-008,Activewear,Blush Pink,L,US,unisex,in_stock,,,,104,34.88 USD,,,txcd_99999999,exclusive,,"US:ALL:Standard:3-5:0.00 USD,US:ALL:Expedited:1-2:9.99 USD",US:ALL:Standard:50.00 USD,
NA-HATS-0046,Premium Trucker Hat – Forest Green,"The Premium Trucker Hat from Northwind Apparel, crafted in knit, to top off any look, sun or shade. Shown in Forest Green.",https://livgpt.vercel.app/?merchant=northwind-apparel&product=NA-HATS-0046,NW Active,,NA-HATS-0046,https://livgpt.vercel.app/mock-catalog/images/northwind-apparel/NA-HATS-0046.jpg,,,,new,Apparel & Accessories > Clothing Accessories > Hats,Accessories > Hats,adult,Knit,10 in,9 in,5 in,0.47 lb,NA-HATS-GRP-001,Hats,Forest Green,,,unisex,in_stock,,,,43,23.32 USD,,,txcd_99999999,exclusive,,"US:ALL:Standard:3-5:0.00 USD,US:ALL:Expedited:1-2:9.99 USD",US:ALL:Standard:50.00 USD,
NA-HATS-0047,Terra Dad Cap – Slate Gray,"The Terra Dad Cap from Northwind Apparel, crafted in cotton twill, to top off any look, sun or shade. Shown in Slate Gray.",https://livgpt.vercel.app/?merchant=northwind-apparel&product=NA-HATS-0047,Northwind,,NA-HATS-0047,https://livgpt.vercel.app/mock-catalog/images/northwind-apparel/NA-HATS-0047.jpg,,,,new,Apparel & Accessories > Clothing Accessories > Hats,Accessories > Hats,adult,Cotton Twill,10 in,9 in,5 in,0.46 lb,NA-HATS-GRP-001,Hats,Slate Gray,,,unisex,in_stock,,,,71,37.32 USD,,,txcd_99999999,exclusive,,"US:ALL:Standard:3-5:0.00 USD,US:ALL:Expedited:1-2:9.99 USD",US:ALL:Standard:50.00 USD,
NA-HATS-0048,Everyday Beanie – Sand,"The Everyday Beanie from Northwind Apparel, crafted in cotton twill, to top off any look, sun or shade. Shown in Sand.",https://livgpt.vercel.app/?merchant=northwind-apparel&product=NA-HATS-0048,Northwind,,NA-HATS-0048,https://livgpt.vercel.app/mock-catalog/images/northwind-apparel/NA-HATS-0048.jpg,,,,new,Apparel & Accessories > Clothing Accessories > Hats,Accessories > Hats,adult,Cotton Twill,10 in,9 in,5 in,0.47 lb,NA-HATS-GRP-002,Hats,Sand,,,unisex,in_stock,,,,234,22.63 USD,,,txcd_99999999,exclusive,,"US:ALL:Standard:3-5:0.00 USD,US:ALL:Expedited:1-2:9.99 USD",US:ALL:Standard:50.00 USD,
NA-HATS-0049,Classic Beanie – Cream,"The Classic Beanie from Northwind Apparel, crafted in knit, to top off any look, sun or shade. Shown in Cream.",https://livgpt.vercel.app/?merchant=northwind-apparel&product=NA-HATS-0049,Northwind,,NA-HATS-0049,https://livgpt.vercel.app/mock-catalog/images/northwind-apparel/NA-HATS-0049.jpg,,,,new,Apparel & Accessories > Clothing Accessories > Hats,Accessories > Hats,adult,Knit,10 in,9 in,5 in,0.54 lb,NA-HATS-GRP-002,Hats,Cream,,,unisex,in_stock,,,,151,29.16 USD,,,txcd_99999999,exclusive,,"US:ALL:Standard:3-5:0.00 USD,US:ALL:Expedited:1-2:9.99 USD",US:ALL:Standard:50.00 USD,
NA-HATS-0050,Luxe Dad Cap – Forest Green,"The Luxe Dad Cap from Northwind Apparel, crafted in knit, to top off any look, sun or shade. Shown in Forest Green.",https://livgpt.vercel.app/?merchant=northwind-apparel&product=NA-HATS-0050,NW Active,,NA-HATS-0050,https://livgpt.vercel.app/mock-catalog/images/northwind-apparel/NA-HATS-0050.jpg,,,,new,Apparel & Accessories > Clothing Accessories > Hats,Accessories > Hats,adult,Knit,10 in,9 in,5 in,0.51 lb,NA-HATS-GRP-003,Hats,Forest Green,,,unisex,in_stock,,,,16,22.91 USD,19.92 USD,2026-07-01/2026-12-31,txcd_99999999,exclusive,,"US:ALL:Standard:3-5:0.00 USD,US:ALL:Expedited:1-2:9.99 USD",US:ALL:Standard:50.00 USD,
NA-HATS-0051,Coastal Trucker Hat – White,"The Coastal Trucker Hat from Northwind Apparel, crafted in knit, to top off any look, sun or shade. Shown in White.",https://livgpt.vercel.app/?merchant=northwind-apparel&product=NA-HATS-0051,Northwind,,NA-HATS-0051,https://livgpt.vercel.app/mock-catalog/images/northwind-apparel/NA-HATS-0051.jpg,,,,new,Apparel & Accessories > Clothing Accessories > Hats,Accessories > Hats,adult,Knit,10 in,9 in,5 in,0.5 lb,NA-HATS-GRP-003,Hats,White,,,unisex,in_stock,,,,164,35.39 USD,,,txcd_99999999,exclusive,,"US:ALL:Standard:3-5:0.00 USD,US:ALL:Expedited:1-2:9.99 USD",US:ALL:Standard:50.00 USD,
NA-HATS-0052,Rugged Trucker Hat – Forest Green,"The Rugged Trucker Hat from Northwind Apparel, crafted in cotton twill, to top off any look, sun or shade. Shown in Forest Green.",https://livgpt.vercel.app/?merchant=northwind-apparel&product=NA-HATS-0052,NW Active,,NA-HATS-0052,https://livgpt.vercel.app/mock-catalog/images/northwind-apparel/NA-HATS-0052.jpg,,,,new,Apparel & Accessories > Clothing Accessories > Hats,Accessories > Hats,adult,Cotton Twill,10 in,9 in,5 in,0.51 lb,NA-HATS-GRP-004,Hats,Forest Green,,,unisex,in_stock,,,,132,20.84 USD,,,txcd_99999999,exclusive,,"US:ALL:Standard:3-5:0.00 USD,US:ALL:Expedited:1-2:9.99 USD",US:ALL:Standard:50.00 USD,
NA-HATS-0053,Heritage Trucker Hat – Navy,"The Heritage Trucker Hat from Northwind Apparel, crafted in knit, to top off any look, sun or shade. Shown in Navy.",https://livgpt.vercel.app/?merchant=northwind-apparel&product=NA-HATS-0053,NW Active,,NA-HATS-0053,https://livgpt.vercel.app/mock-catalog/images/northwind-apparel/NA-HATS-0053.jpg,,,,new,Apparel & Accessories > Clothing Accessories > Hats,Accessories > Hats,adult,Knit,10 in,9 in,5 in,0.49 lb,NA-HATS-GRP-004,Hats,Navy,,,unisex,in_stock,,,,235,24.97 USD,,,txcd_99999999,exclusive,,"US:ALL:Standard:3-5:0.00 USD,US:ALL:Expedited:1-2:9.99 USD",US:ALL:Standard:50.00 USD,
NA-HATS-0054,Aero Beanie – Sand,"The Aero Beanie from Northwind Apparel, crafted in knit, to top off any look, sun or shade. Shown in Sand.",https://livgpt.vercel.app/?merchant=northwind-apparel&product=NA-HATS-0054,Northwind,,NA-HATS-0054,https://livgpt.vercel.app/mock-catalog/images/northwind-apparel/NA-HATS-0054.jpg,,,,new,Apparel & Accessories > Clothing Accessories > Hats,Accessories > Hats,adult,Knit,10 in,9 in,5 in,0.55 lb,NA-HATS-GRP-005,Hats,Sand,,,unisex,in_stock,,,,78,27.32 USD,,,txcd_99999999,exclusive,,"US:ALL:Standard:3-5:0.00 USD,US:ALL:Expedited:1-2:9.99 USD",US:ALL:Standard:50.00 USD,
NA-HATS-0055,Pro Bucket Hat – Burgundy,"The Pro Bucket Hat from Northwind Apparel, crafted in knit, to top off any look, sun or shade. Shown in Burgundy.",https://livgpt.vercel.app/?merchant=northwind-apparel&product=NA-HATS-0055,Northwind Studio,,NA-HATS-0055,https://livgpt.vercel.app/mock-catalog/images/northwind-apparel/NA-HATS-0055.jpg,,,,new,Apparel & Accessories > Clothing Accessories > Hats,Accessories > Hats,adult,Knit,10 in,9 in,5 in,0.53 lb,NA-HATS-GRP-005,Hats,Burgundy,,,unisex,in_stock,,,,200,31.37 USD,,,txcd_99999999,exclusive,,"US:ALL:Standard:3-5:0.00 USD,US:ALL:Expedited:1-2:9.99 USD",US:ALL:Standard:50.00 USD,
NA-HATS-0056,Everyday Trucker Hat – Olive,"The Everyday Trucker Hat from Northwind Apparel, crafted in knit, to top off any look, sun or shade. Shown in Olive.",https://livgpt.vercel.app/?merchant=northwind-apparel&product=NA-HATS-0056,Northwind Studio,,NA-HATS-0056,https://livgpt.vercel.app/mock-catalog/images/northwind-apparel/NA-HATS-0056.jpg,,,,new,Apparel & Accessories > Clothing Accessories > Hats,Accessories > Hats,adult,Knit,10 in,9 in,5 in,0.54 lb,NA-HATS-GRP-006,Hats,Olive,,,unisex,in_stock,,,,9,25.94 USD,,,txcd_99999999,exclusive,,"US:ALL:Standard:3-5:0.00 USD,US:ALL:Expedited:1-2:9.99 USD",US:ALL:Standard:50.00 USD,
NA-HATS-0057,Essential Trucker Hat – Sand,"The Essential Trucker Hat from Northwind Apparel, crafted in knit, to top off any look, sun or shade. Shown in Sand.",https://livgpt.vercel.app/?merchant=northwind-apparel&product=NA-HATS-0057,Northwind Studio,,NA-HATS-0057,https://livgpt.vercel.app/mock-catalog/images/northwind-apparel/NA-HATS-0057.jpg,,,,new,Apparel & Accessories > Clothing Accessories > Hats,Accessories > Hats,adult,Knit,10 in,9 in,5 in,0.51 lb,NA-HATS-GRP-006,Hats,Sand,,,unisex,in_stock,,,,41,19.52 USD,,,txcd_99999999,exclusive,,"US:ALL:Standard:3-5:0.00 USD,US:ALL:Expedited:1-2:9.99 USD",US:ALL:Standard:50.00 USD,
NA-HATS-0058,Signature Dad Cap – Olive,"The Signature Dad Cap from Northwind Apparel, crafted in cotton twill, to top off any look, sun or shade. Shown in Olive.",https://livgpt.vercel.app/?merchant=northwind-apparel&product=NA-HATS-0058,Northwind,,NA-HATS-0058,https://livgpt.vercel.app/mock-catalog/images/northwind-apparel/NA-HATS-0058.jpg,,,,new,Apparel & Accessories > Clothing Accessories > Hats,Accessories > Hats,adult,Cotton Twill,10 in,9 in,5 in,0.48 lb,NA-HATS-GRP-007,Hats,Olive,,,unisex,in_stock,,,,243,36.52 USD,,,txcd_99999999,exclusive,,"US:ALL:Standard:3-5:0.00 USD,US:ALL:Expedited:1-2:9.99 USD",US:ALL:Standard:50.00 USD,
NA-HATS-0059,Studio Dad Cap – Slate Gray,"The Studio Dad Cap from Northwind Apparel, crafted in cotton twill, to top off any look, sun or shade. Shown in Slate Gray.",https://livgpt.vercel.app/?merchant=northwind-apparel&product=NA-HATS-0059,NW Active,,NA-HATS-0059,https://livgpt.vercel.app/mock-catalog/images/northwind-apparel/NA-HATS-0059.jpg,,,,new,Apparel & Accessories > Clothing Accessories > Hats,Accessories > Hats,adult,Cotton Twill,10 in,9 in,5 in,0.47 lb,NA-HATS-GRP-007,Hats,Slate Gray,,,unisex,in_stock,,,,24,31.29 USD,,,txcd_99999999,exclusive,,"US:ALL:Standard:3-5:0.00 USD,US:ALL:Expedited:1-2:9.99 USD",US:ALL:Standard:50.00 USD,
NA-HATS-0060,Nova Beanie – Terracotta,"The Nova Beanie from Northwind Apparel, crafted in cotton twill, to top off any look, sun or shade. Shown in Terracotta.",https://livgpt.vercel.app/?merchant=northwind-apparel&product=NA-HATS-0060,Northwind,,NA-HATS-0060,https://livgpt.vercel.app/mock-catalog/images/northwind-apparel/NA-HATS-0060.jpg,,,,new,Apparel & Accessories > Clothing Accessories > Hats,Accessories > Hats,adult,Cotton Twill,10 in,9 in,5 in,0.5 lb,NA-HATS-GRP-008,Hats,Terracotta,,,unisex,in_stock,,,,238,35.92 USD,,,txcd_99999999,exclusive,,"US:ALL:Standard:3-5:0.00 USD,US:ALL:Expedited:1-2:9.99 USD",US:ALL:Standard:50.00 USD,
NA-SUNG-0061,Aero Wayfarer Sunglasses – Sand,"The Aero Wayfarer Sunglasses from Northwind Apparel, crafted in recycled frame, with UV400 protection and a timeless silhouette. Shown in Sand.",https://livgpt.vercel.app/?merchant=northwind-apparel&product=NA-SUNG-0061,Northwind Studio,,NA-SUNG-0061,https://livgpt.vercel.app/mock-catalog/images/northwind-apparel/NA-SUNG-0061.jpg,,,,new,Apparel & Accessories > Clothing Accessories > Sunglasses,Accessories > Eyewear > Sunglasses,adult,Recycled Frame,6 in,3 in,2 in,0.41 lb,NA-SUNG-GRP-001,Sunglasses,Sand,,,unisex,in_stock,,,,144,47.29 USD,,,txcd_99999999,exclusive,,"US:ALL:Standard:3-5:0.00 USD,US:ALL:Expedited:1-2:9.99 USD",US:ALL:Standard:50.00 USD,
NA-SUNG-0062,Modern Round Sunglasses – Sand,"The Modern Round Sunglasses from Northwind Apparel, crafted in recycled frame, with UV400 protection and a timeless silhouette. Shown in Sand.",https://livgpt.vercel.app/?merchant=northwind-apparel&product=NA-SUNG-0062,NW Active,,NA-SUNG-0062,https://livgpt.vercel.app/mock-catalog/images/northwind-apparel/NA-SUNG-0062.jpg,,,,new,Apparel & Accessories > Clothing Accessories > Sunglasses,Accessories > Eyewear > Sunglasses,adult,Recycled Frame,6 in,3 in,2 in,0.43 lb,NA-SUNG-GRP-001,Sunglasses,Sand,,,unisex,in_stock,,,,223,102.32 USD,,,txcd_99999999,exclusive,,"US:ALL:Standard:3-5:0.00 USD,US:ALL:Expedited:1-2:9.99 USD",US:ALL:Standard:50.00 USD,
NA-SUNG-0063,Essential Aviator Sunglasses – Olive,"The Essential Aviator Sunglasses from Northwind Apparel, crafted in acetate, with UV400 protection and a timeless silhouette. Shown in Olive.",https://livgpt.vercel.app/?merchant=northwind-apparel&product=NA-SUNG-0063,Northwind Studio,,NA-SUNG-0063,https://livgpt.vercel.app/mock-catalog/images/northwind-apparel/NA-SUNG-0063.jpg,,,,new,Apparel & Accessories > Clothing Accessories > Sunglasses,Accessories > Eyewear > Sunglasses,adult,Acetate,6 in,3 in,2 in,0.4 lb,NA-SUNG-GRP-002,Sunglasses,Olive,,,unisex,in_stock,,,,18,53.66 USD,,,txcd_99999999,exclusive,,"US:ALL:Standard:3-5:0.00 USD,US:ALL:Expedited:1-2:9.99 USD",US:ALL:Standard:50.00 USD,
NA-SUNG-0064,Pro Round Sunglasses – Terracotta,"The Pro Round Sunglasses from Northwind Apparel, crafted in recycled frame, with UV400 protection and a timeless silhouette. Shown in Terracotta.",https://livgpt.vercel.app/?merchant=northwind-apparel&product=NA-SUNG-0064,NW Active,,NA-SUNG-0064,https://livgpt.vercel.app/mock-catalog/images/northwind-apparel/NA-SUNG-0064.jpg,,,,new,Apparel & Accessories > Clothing Accessories > Sunglasses,Accessories > Eyewear > Sunglasses,adult,Recycled Frame,6 in,3 in,2 in,0.38 lb,NA-SUNG-GRP-002,Sunglasses,Terracotta,,,unisex,in_stock,,,,79,110.83 USD,,,txcd_99999999,exclusive,,"US:ALL:Standard:3-5:0.00 USD,US:ALL:Expedited:1-2:9.99 USD",US:ALL:Standard:50.00 USD,
NA-SUNG-0065,Terra Aviator Sunglasses – Forest Green,"The Terra Aviator Sunglasses from Northwind Apparel, crafted in recycled frame, with UV400 protection and a timeless silhouette. Shown in Forest Green.",https://livgpt.vercel.app/?merchant=northwind-apparel&product=NA-SUNG-0065,Northwind Studio,,NA-SUNG-0065,https://livgpt.vercel.app/mock-catalog/images/northwind-apparel/NA-SUNG-0065.jpg,,,,new,Apparel & Accessories > Clothing Accessories > Sunglasses,Accessories > Eyewear > Sunglasses,adult,Recycled Frame,6 in,3 in,2 in,0.4 lb,NA-SUNG-GRP-003,Sunglasses,Forest Green,,,unisex,in_stock,,,,32,86.48 USD,,,txcd_99999999,exclusive,,"US:ALL:Standard:3-5:0.00 USD,US:ALL:Expedited:1-2:9.99 USD",US:ALL:Standard:50.00 USD,
NA-SUNG-0066,Minimalist Round Sunglasses – Sky Blue,"The Minimalist Round Sunglasses from Northwind Apparel, crafted in recycled frame, with UV400 protection and a timeless silhouette. Shown in Sky Blue.",https://livgpt.vercel.app/?merchant=northwind-apparel&product=NA-SUNG-0066,Northwind Studio,,NA-SUNG-0066,https://livgpt.vercel.app/mock-catalog/images/northwind-apparel/NA-SUNG-0066.jpg,,,,new,Apparel & Accessories > Clothing Accessories > Sunglasses,Accessories > Eyewear > Sunglasses,adult,Recycled Frame,6 in,3 in,2 in,0.4 lb,NA-SUNG-GRP-003,Sunglasses,Sky Blue,,,unisex,in_stock,,,,219,86.34 USD,,,txcd_99999999,exclusive,,"US:ALL:Standard:3-5:0.00 USD,US:ALL:Expedited:1-2:9.99 USD",US:ALL:Standard:50.00 USD,
NA-SUNG-0067,Signature Sport Sunglasses – Blush Pink,"The Signature Sport Sunglasses from Northwind Apparel, crafted in recycled frame, with UV400 protection and a timeless silhouette. Shown in Blush Pink.",https://livgpt.vercel.app/?merchant=northwind-apparel&product=NA-SUNG-0067,Northwind Studio,,NA-SUNG-0067,https://livgpt.vercel.app/mock-catalog/images/northwind-apparel/NA-SUNG-0067.jpg,,,,new,Apparel & Accessories > Clothing Accessories > Sunglasses,Accessories > Eyewear > Sunglasses,adult,Recycled Frame,6 in,3 in,2 in,0.38 lb,NA-SUNG-GRP-004,Sunglasses,Blush Pink,,,unisex,in_stock,,,,57,129.19 USD,,,txcd_99999999,exclusive,,"US:ALL:Standard:3-5:0.00 USD,US:ALL:Expedited:1-2:9.99 USD",US:ALL:Standard:50.00 USD,
NA-SUNG-0068,Terra Sport Sunglasses – Sky Blue,"The Terra Sport Sunglasses from Northwind Apparel, crafted in recycled frame, with UV400 protection and a timeless silhouette. Shown in Sky Blue.",https://livgpt.vercel.app/?merchant=northwind-apparel&product=NA-SUNG-0068,NW Active,,NA-SUNG-0068,https://livgpt.vercel.app/mock-catalog/images/northwind-apparel/NA-SUNG-0068.jpg,,,,new,Apparel & Accessories > Clothing Accessories > Sunglasses,Accessories > Eyewear > Sunglasses,adult,Recycled Frame,6 in,3 in,2 in,0.43 lb,NA-SUNG-GRP-004,Sunglasses,Sky Blue,,,unisex,in_stock,,,,136,49.84 USD,,,txcd_99999999,exclusive,,"US:ALL:Standard:3-5:0.00 USD,US:ALL:Expedited:1-2:9.99 USD",US:ALL:Standard:50.00 USD,
NA-SUNG-0069,Essential Round Sunglasses – Charcoal,"The Essential Round Sunglasses from Northwind Apparel, crafted in acetate, with UV400 protection and a timeless silhouette. Shown in Charcoal.",https://livgpt.vercel.app/?merchant=northwind-apparel&product=NA-SUNG-0069,Northwind Studio,,NA-SUNG-0069,https://livgpt.vercel.app/mock-catalog/images/northwind-apparel/NA-SUNG-0069.jpg,,,,new,Apparel & Accessories > Clothing Accessories > Sunglasses,Accessories > Eyewear > Sunglasses,adult,Acetate,6 in,3 in,2 in,0.38 lb,NA-SUNG-GRP-005,Sunglasses,Charcoal,,,unisex,in_stock,,,,26,70.89 USD,53.16 USD,2026-07-01/2026-12-31,txcd_99999999,exclusive,,"US:ALL:Standard:3-5:0.00 USD,US:ALL:Expedited:1-2:9.99 USD",US:ALL:Standard:50.00 USD,
NA-SUNG-0070,Premium Aviator Sunglasses – Slate Gray,"The Premium Aviator Sunglasses from Northwind Apparel, crafted in recycled frame, with UV400 protection and a timeless silhouette. Shown in Slate Gray.",https://livgpt.vercel.app/?merchant=northwind-apparel&product=NA-SUNG-0070,Northwind Studio,,NA-SUNG-0070,https://livgpt.vercel.app/mock-catalog/images/northwind-apparel/NA-SUNG-0070.jpg,,,,new,Apparel & Accessories > Clothing Accessories > Sunglasses,Accessories > Eyewear > Sunglasses,adult,Recycled Frame,6 in,3 in,2 in,0.36 lb,NA-SUNG-GRP-005,Sunglasses,Slate Gray,,,unisex,in_stock,,,,24,69.87 USD,57.57 USD,2026-07-01/2026-12-31,txcd_99999999,exclusive,,"US:ALL:Standard:3-5:0.00 USD,US:ALL:Expedited:1-2:9.99 USD",US:ALL:Standard:50.00 USD,
NA-SUNG-0071,Heritage Wayfarer Sunglasses – Navy,"The Heritage Wayfarer Sunglasses from Northwind Apparel, crafted in acetate, with UV400 protection and a timeless silhouette. Shown in Navy.",https://livgpt.vercel.app/?merchant=northwind-apparel&product=NA-SUNG-0071,Northwind Studio,,NA-SUNG-0071,https://livgpt.vercel.app/mock-catalog/images/northwind-apparel/NA-SUNG-0071.jpg,,,,new,Apparel & Accessories > Clothing Accessories > Sunglasses,Accessories > Eyewear > Sunglasses,adult,Acetate,6 in,3 in,2 in,0.39 lb,NA-SUNG-GRP-006,Sunglasses,Navy,,,unisex,in_stock,,,,242,57.62 USD,,,txcd_99999999,exclusive,,"US:ALL:Standard:3-5:0.00 USD,US:ALL:Expedited:1-2:9.99 USD",US:ALL:Standard:50.00 USD,
NA-SUNG-0072,Coastal Wayfarer Sunglasses – Sand,"The Coastal Wayfarer Sunglasses from Northwind Apparel, crafted in acetate, with UV400 protection and a timeless silhouette. Shown in Sand.",https://livgpt.vercel.app/?merchant=northwind-apparel&product=NA-SUNG-0072,Northwind,,NA-SUNG-0072,https://livgpt.vercel.app/mock-catalog/images/northwind-apparel/NA-SUNG-0072.jpg,,,,new,Apparel & Accessories > Clothing Accessories > Sunglasses,Accessories > Eyewear > Sunglasses,adult,Acetate,6 in,3 in,2 in,0.39 lb,NA-SUNG-GRP-006,Sunglasses,Sand,,,unisex,in_stock,,,,228,137.50 USD,,,txcd_99999999,exclusive,,"US:ALL:Standard:3-5:0.00 USD,US:ALL:Expedited:1-2:9.99 USD",US:ALL:Standard:50.00 USD,
NA-SUNG-0073,Classic Sport Sunglasses – Sand,"The Classic Sport Sunglasses from Northwind Apparel, crafted in recycled frame, with UV400 protection and a timeless silhouette. Shown in Sand.",https://livgpt.vercel.app/?merchant=northwind-apparel&product=NA-SUNG-0073,Northwind Studio,,NA-SUNG-0073,https://livgpt.vercel.app/mock-catalog/images/northwind-apparel/NA-SUNG-0073.jpg,,,,new,Apparel & Accessories > Clothing Accessories > Sunglasses,Accessories > Eyewear > Sunglasses,adult,Recycled Frame,6 in,3 in,2 in,0.39 lb,NA-SUNG-GRP-007,Sunglasses,Sand,,,unisex,in_stock,,,,118,69.01 USD,57.29 USD,2026-07-01/2026-12-31,txcd_99999999,exclusive,,"US:ALL:Standard:3-5:0.00 USD,US:ALL:Expedited:1-2:9.99 USD",US:ALL:Standard:50.00 USD,
NA-SUNG-0074,Classic Round Sunglasses – Olive,"The Classic Round Sunglasses from Northwind Apparel, crafted in acetate, with UV400 protection and a timeless silhouette. Shown in Olive.",https://livgpt.vercel.app/?merchant=northwind-apparel&product=NA-SUNG-0074,Northwind Studio,,NA-SUNG-0074,https://livgpt.vercel.app/mock-catalog/images/northwind-apparel/NA-SUNG-0074.jpg,,,,new,Apparel & Accessories > Clothing Accessories > Sunglasses,Accessories > Eyewear > Sunglasses,adult,Acetate,6 in,3 in,2 in,0.4 lb,NA-SUNG-GRP-007,Sunglasses,Olive,,,unisex,in_stock,,,,51,143.24 USD,,,txcd_99999999,exclusive,,"US:ALL:Standard:3-5:0.00 USD,US:ALL:Expedited:1-2:9.99 USD",US:ALL:Standard:50.00 USD,
NA-SUNG-0075,Nova Aviator Sunglasses – Slate Gray,"The Nova Aviator Sunglasses from Northwind Apparel, crafted in recycled frame, with UV400 protection and a timeless silhouette. Shown in Slate Gray.",https://livgpt.vercel.app/?merchant=northwind-apparel&product=NA-SUNG-0075,Northwind Studio,,NA-SUNG-0075,https://livgpt.vercel.app/mock-catalog/images/northwind-apparel/NA-SUNG-0075.jpg,,,,new,Apparel & Accessories > Clothing Accessories > Sunglasses,Accessories > Eyewear > Sunglasses,adult,Recycled Frame,6 in,3 in,2 in,0.4 lb,NA-SUNG-GRP-008,Sunglasses,Slate Gray,,,unisex,in_stock,,,,168,138.04 USD,,,txcd_99999999,exclusive,,"US:ALL:Standard:3-5:0.00 USD,US:ALL:Expedited:1-2:9.99 USD",US:ALL:Standard:50.00 USD,
NA-BACK-0076,Terra Daypack – White,"The Terra Daypack from Northwind Apparel, crafted in waxed canvas, organized, durable, and ready for the daily commute. Shown in White.",https://livgpt.vercel.app/?merchant=northwind-apparel&product=NA-BACK-0076,Northwind,,NA-BACK-0076,https://livgpt.vercel.app/mock-catalog/images/northwind-apparel/NA-BACK-0076.jpg,,,,new,Luggage & Bags > Backpacks,Bags > Backpacks,adult,Waxed Canvas,20 in,13 in,8 in,2.63 lb,NA-BACK-GRP-001,Backpacks,White,,,unisex,in_stock,,,,110,143.66 USD,,,txcd_99999999,exclusive,,"US:ALL:Standard:3-5:0.00 USD,US:ALL:Expedited:1-2:9.99 USD",US:ALL:Standard:50.00 USD,
NA-BACK-0077,Premium Tote Bag – Cream,"The Premium Tote Bag from Northwind Apparel, crafted in waxed canvas, organized, durable, and ready for the daily commute. Shown in Cream.",https://livgpt.vercel.app/?merchant=northwind-apparel&product=NA-BACK-0077,Northwind Studio,,NA-BACK-0077,https://livgpt.vercel.app/mock-catalog/images/northwind-apparel/NA-BACK-0077.jpg,,,,new,Luggage & Bags > Backpacks,Bags > Backpacks,adult,Waxed Canvas,20 in,13 in,8 in,2.7 lb,NA-BACK-GRP-001,Backpacks,Cream,,,unisex,in_stock,,,,245,121.59 USD,,,txcd_99999999,exclusive,,"US:ALL:Standard:3-5:0.00 USD,US:ALL:Expedited:1-2:9.99 USD",US:ALL:Standard:50.00 USD,
NA-BACK-0078,Trail Weekender Duffel – Forest Green,"The Trail Weekender Duffel from Northwind Apparel, crafted in recycled nylon, organized, durable, and ready for the daily commute. Shown in Forest Green.",https://livgpt.vercel.app/?merchant=northwind-apparel&product=NA-BACK-0078,Northwind,,NA-BACK-0078,https://livgpt.vercel.app/mock-catalog/images/northwind-apparel/NA-BACK-0078.jpg,,,,new,Luggage & Bags > Backpacks,Bags > Backpacks,adult,Recycled Nylon,20 in,13 in,8 in,2.6 lb,NA-BACK-GRP-002,Backpacks,Forest Green,,,unisex,in_stock,,,,124,100.10 USD,80.05 USD,2026-07-01/2026-12-31,txcd_99999999,exclusive,,"US:ALL:Standard:3-5:0.00 USD,US:ALL:Expedited:1-2:9.99 USD",US:ALL:Standard:50.00 USD,
NA-BACK-0079,Coastal Rolltop Backpack – Burgundy,"The Coastal Rolltop Backpack from Northwind Apparel, crafted in recycled nylon, organized, durable, and ready for the daily commute. Shown in Burgundy.",https://livgpt.vercel.app/?merchant=northwind-apparel&product=NA-BACK-0079,NW Active,,NA-BACK-0079,https://livgpt.vercel.app/mock-catalog/images/northwind-apparel/NA-BACK-0079.jpg,,,,new,Luggage & Bags > Backpacks,Bags > Backpacks,adult,Recycled Nylon,20 in,13 in,8 in,2.44 lb,NA-BACK-GRP-002,Backpacks,Burgundy,,,unisex,in_stock,,,,195,85.06 USD,,,txcd_99999999,exclusive,,"US:ALL:Standard:3-5:0.00 USD,US:ALL:Expedited:1-2:9.99 USD",US:ALL:Standard:50.00 USD,
NA-BACK-0080,Urban Daypack – Blush Pink,"The Urban Daypack from Northwind Apparel, crafted in recycled nylon, organized, durable, and ready for the daily commute. Shown in Blush Pink.",https://livgpt.vercel.app/?merchant=northwind-apparel&product=NA-BACK-0080,NW Active,,NA-BACK-0080,https://livgpt.vercel.app/mock-catalog/images/northwind-apparel/NA-BACK-0080.jpg,,,,new,Luggage & Bags > Backpacks,Bags > Backpacks,adult,Recycled Nylon,20 in,13 in,8 in,2.81 lb,NA-BACK-GRP-003,Backpacks,Blush Pink,,,unisex,in_stock,,,,206,141.62 USD,,,txcd_99999999,exclusive,,"US:ALL:Standard:3-5:0.00 USD,US:ALL:Expedited:1-2:9.99 USD",US:ALL:Standard:50.00 USD,
NA-BACK-0081,Featherlight Tote Bag – Olive,"The Featherlight Tote Bag from Northwind Apparel, crafted in recycled nylon, organized, durable, and ready for the daily commute. Shown in Olive.",https://livgpt.vercel.app/?merchant=northwind-apparel&product=NA-BACK-0081,NW Active,,NA-BACK-0081,https://livgpt.vercel.app/mock-catalog/images/northwind-apparel/NA-BACK-0081.jpg,,,,new,Luggage & Bags > Backpacks,Bags > Backpacks,adult,Recycled Nylon,20 in,13 in,8 in,2.63 lb,NA-BACK-GRP-003,Backpacks,Olive,,,unisex,in_stock,,,,73,87.19 USD,69.21 USD,2026-07-01/2026-12-31,txcd_99999999,exclusive,,"US:ALL:Standard:3-5:0.00 USD,US:ALL:Expedited:1-2:9.99 USD",US:ALL:Standard:50.00 USD,
NA-BACK-0082,Heritage Rolltop Backpack – Blush Pink,"The Heritage Rolltop Backpack from Northwind Apparel, crafted in recycled nylon, organized, durable, and ready for the daily commute. Shown in Blush Pink.",https://livgpt.vercel.app/?merchant=northwind-apparel&product=NA-BACK-0082,Northwind,,NA-BACK-0082,https://livgpt.vercel.app/mock-catalog/images/northwind-apparel/NA-BACK-0082.jpg,,,,new,Luggage & Bags > Backpacks,Bags > Backpacks,adult,Recycled Nylon,20 in,13 in,8 in,2.73 lb,NA-BACK-GRP-004,Backpacks,Blush Pink,,,unisex,in_stock,,,,208,120.39 USD,,,txcd_99999999,exclusive,,"US:ALL:Standard:3-5:0.00 USD,US:ALL:Expedited:1-2:9.99 USD",US:ALL:Standard:50.00 USD,
NA-BACK-0083,Everyday Weekender Duffel – Slate Gray,"The Everyday Weekender Duffel from Northwind Apparel, crafted in recycled nylon, organized, durable, and ready for the daily commute. Shown in Slate Gray.",https://livgpt.vercel.app/?merchant=northwind-apparel&product=NA-BACK-0083,NW Active,,NA-BACK-0083,https://livgpt.vercel.app/mock-catalog/images/northwind-apparel/NA-BACK-0083.jpg,,,,new,Luggage & Bags > Backpacks,Bags > Backpacks,adult,Recycled Nylon,20 in,13 in,8 in,2.37 lb,NA-BACK-GRP-004,Backpacks,Slate Gray,,,unisex,in_stock,,,,216,92.16 USD,,,txcd_99999999,exclusive,,"US:ALL:Standard:3-5:0.00 USD,US:ALL:Expedited:1-2:9.99 USD",US:ALL:Standard:50.00 USD,
NA-BACK-0084,Featherlight Rolltop Backpack – Black,"The Featherlight Rolltop Backpack from Northwind Apparel, crafted in waxed canvas, organized, durable, and ready for the daily commute. Shown in Black.",https://livgpt.vercel.app/?merchant=northwind-apparel&product=NA-BACK-0084,Northwind,,NA-BACK-0084,https://livgpt.vercel.app/mock-catalog/images/northwind-apparel/NA-BACK-0084.jpg,,,,new,Luggage & Bags > Backpacks,Bags > Backpacks,adult,Waxed Canvas,20 in,13 in,8 in,2.34 lb,NA-BACK-GRP-005,Backpacks,Black,,,unisex,in_stock,,,,146,150.08 USD,,,txcd_99999999,exclusive,,"US:ALL:Standard:3-5:0.00 USD,US:ALL:Expedited:1-2:9.99 USD",US:ALL:Standard:50.00 USD,
NA-BACK-0085,Heritage Weekender Duffel – Terracotta,"The Heritage Weekender Duffel from Northwind Apparel, crafted in recycled nylon, organized, durable, and ready for the daily commute. Shown in Terracotta.",https://livgpt.vercel.app/?merchant=northwind-apparel&product=NA-BACK-0085,Northwind,,NA-BACK-0085,https://livgpt.vercel.app/mock-catalog/images/northwind-apparel/NA-BACK-0085.jpg,,,,new,Luggage & Bags > Backpacks,Bags > Backpacks,adult,Recycled Nylon,20 in,13 in,8 in,2.81 lb,NA-BACK-GRP-005,Backpacks,Terracotta,,,unisex,in_stock,,,,93,61.27 USD,,,txcd_99999999,exclusive,,"US:ALL:Standard:3-5:0.00 USD,US:ALL:Expedited:1-2:9.99 USD",US:ALL:Standard:50.00 USD,
NA-BACK-0086,Essential Rolltop Backpack – Burgundy,"The Essential Rolltop Backpack from Northwind Apparel, crafted in recycled nylon, organized, durable, and ready for the daily commute. Shown in Burgundy.",https://livgpt.vercel.app/?merchant=northwind-apparel&product=NA-BACK-0086,Northwind,,NA-BACK-0086,https://livgpt.vercel.app/mock-catalog/images/northwind-apparel/NA-BACK-0086.jpg,,,,new,Luggage & Bags > Backpacks,Bags > Backpacks,adult,Recycled Nylon,20 in,13 in,8 in,2.44 lb,NA-BACK-GRP-006,Backpacks,Burgundy,,,unisex,in_stock,,,,184,143.21 USD,,,txcd_99999999,exclusive,,"US:ALL:Standard:3-5:0.00 USD,US:ALL:Expedited:1-2:9.99 USD",US:ALL:Standard:50.00 USD,
NA-BACK-0087,Studio Daypack – Black,"The Studio Daypack from Northwind Apparel, crafted in recycled nylon, organized, durable, and ready for the daily commute. Shown in Black.",https://livgpt.vercel.app/?merchant=northwind-apparel&product=NA-BACK-0087,Northwind,,NA-BACK-0087,https://livgpt.vercel.app/mock-catalog/images/northwind-apparel/NA-BACK-0087.jpg,,,,new,Luggage & Bags > Backpacks,Bags > Backpacks,adult,Recycled Nylon,20 in,13 in,8 in,2.6 lb,NA-BACK-GRP-006,Backpacks,Black,,,unisex,in_stock,,,,32,79.42 USD,,,txcd_99999999,exclusive,,"US:ALL:Standard:3-5:0.00 USD,US:ALL:Expedited:1-2:9.99 USD",US:ALL:Standard:50.00 USD,
NA-BACK-0088,Rugged Daypack – White,"The Rugged Daypack from Northwind Apparel, crafted in waxed canvas, organized, durable, and ready for the daily commute. Shown in White.",https://livgpt.vercel.app/?merchant=northwind-apparel&product=NA-BACK-0088,NW Active,,NA-BACK-0088,https://livgpt.vercel.app/mock-catalog/images/northwind-apparel/NA-BACK-0088.jpg,,,,new,Luggage & Bags > Backpacks,Bags > Backpacks,adult,Waxed Canvas,20 in,13 in,8 in,2.55 lb,NA-BACK-GRP-007,Backpacks,White,,,unisex,in_stock,,,,28,87.78 USD,,,txcd_99999999,exclusive,,"US:ALL:Standard:3-5:0.00 USD,US:ALL:Expedited:1-2:9.99 USD",US:ALL:Standard:50.00 USD,
NA-BACK-0089,Classic Rolltop Backpack – Forest Green,"The Classic Rolltop Backpack from Northwind Apparel, crafted in recycled nylon, organized, durable, and ready for the daily commute. Shown in Forest Green.",https://livgpt.vercel.app/?merchant=northwind-apparel&product=NA-BACK-0089,Northwind Studio,,NA-BACK-0089,https://livgpt.vercel.app/mock-catalog/images/northwind-apparel/NA-BACK-0089.jpg,,,,new,Luggage & Bags > Backpacks,Bags > Backpacks,adult,Recycled Nylon,20 in,13 in,8 in,2.44 lb,NA-BACK-GRP-007,Backpacks,Forest Green,,,unisex,in_stock,,,,124,108.72 USD,,,txcd_99999999,exclusive,,"US:ALL:Standard:3-5:0.00 USD,US:ALL:Expedited:1-2:9.99 USD",US:ALL:Standard:50.00 USD,
NA-BACK-0090,Minimalist Weekender Duffel – Blush Pink,"The Minimalist Weekender Duffel from Northwind Apparel, crafted in waxed canvas, organized, durable, and ready for the daily commute. Shown in Blush Pink.",https://livgpt.vercel.app/?merchant=northwind-apparel&product=NA-BACK-0090,Northwind Studio,,NA-BACK-0090,https://livgpt.vercel.app/mock-catalog/images/northwind-apparel/NA-BACK-0090.jpg,,,,new,Luggage & Bags > Backpacks,Bags > Backpacks,adult,Waxed Canvas,20 in,13 in,8 in,2.5 lb,NA-BACK-GRP-008,Backpacks,Blush Pink,,,unisex,in_stock,,,,91,104.97 USD,,,txcd_99999999,exclusive,,"US:ALL:Standard:3-5:0.00 USD,US:ALL:Expedited:1-2:9.99 USD",US:ALL:Standard:50.00 USD,
NA-BOTT-0091,Heritage Insulated Bottle – White,"The Heritage Insulated Bottle from Northwind Apparel, crafted in stainless steel, keeps drinks cold for 24 hours on the go. Shown in White.",https://livgpt.vercel.app/?merchant=northwind-apparel&product=NA-BOTT-0091,Northwind,,NA-BOTT-0091,https://livgpt.vercel.app/mock-catalog/images/northwind-apparel/NA-BOTT-0091.jpg,,,,new,Home & Garden > Kitchen & Dining > Food & Beverage Carriers > Water Bottles,Drinkware > Water Bottles,adult,Stainless Steel,4 in,4 in,10 in,1.06 lb,NA-BOTT-GRP-001,Water Bottles,White,,,unisex,in_stock,,,,45,28.05 USD,,,txcd_99999999,exclusive,,"US:ALL:Standard:3-5:0.00 USD,US:ALL:Expedited:1-2:9.99 USD",US:ALL:Standard:50.00 USD,
NA-BOTT-0092,Essential Insulated Bottle – Terracotta,"The Essential Insulated Bottle from Northwind Apparel, crafted in stainless steel, keeps drinks cold for 24 hours on the go. Shown in Terracotta.",https://livgpt.vercel.app/?merchant=northwind-apparel&product=NA-BOTT-0092,NW Active,,NA-BOTT-0092,https://livgpt.vercel.app/mock-catalog/images/northwind-apparel/NA-BOTT-0092.jpg,,,,new,Home & Garden > Kitchen & Dining > Food & Beverage Carriers > Water Bottles,Drinkware > Water Bottles,adult,Stainless Steel,4 in,4 in,10 in,1.12 lb,NA-BOTT-GRP-001,Water Bottles,Terracotta,,,unisex,in_stock,,,,63,46.38 USD,,,txcd_99999999,exclusive,,"US:ALL:Standard:3-5:0.00 USD,US:ALL:Expedited:1-2:9.99 USD",US:ALL:Standard:50.00 USD,
NA-BOTT-0093,Featherlight Steel Water Bottle – Slate Gray,"The Featherlight Steel Water Bottle from Northwind Apparel, crafted in stainless steel, keeps drinks cold for 24 hours on the go. Shown in Slate Gray.",https://livgpt.vercel.app/?merchant=northwind-apparel&product=NA-BOTT-0093,NW Active,,NA-BOTT-0093,https://livgpt.vercel.app/mock-catalog/images/northwind-apparel/NA-BOTT-0093.jpg,,,,new,Home & Garden > Kitchen & Dining > Food & Beverage Carriers > Water Bottles,Drinkware > Water Bottles,adult,Stainless Steel,4 in,4 in,10 in,1.0 lb,NA-BOTT-GRP-002,Water Bottles,Slate Gray,,,unisex,in_stock,,,,163,45.61 USD,,,txcd_99999999,exclusive,,"US:ALL:Standard:3-5:0.00 USD,US:ALL:Expedited:1-2:9.99 USD",US:ALL:Standard:50.00 USD,
NA-BOTT-0094,Featherlight Insulated Bottle – Blush Pink,"The Featherlight Insulated Bottle from Northwind Apparel, crafted in tritan, keeps drinks cold for 24 hours on the go. Shown in Blush Pink.",https://livgpt.vercel.app/?merchant=northwind-apparel&product=NA-BOTT-0094,Northwind Studio,,NA-BOTT-0094,https://livgpt.vercel.app/mock-catalog/images/northwind-apparel/NA-BOTT-0094.jpg,,,,new,Home & Garden > Kitchen & Dining > Food & Beverage Carriers > Water Bottles,Drinkware > Water Bottles,adult,Tritan,4 in,4 in,10 in,1.1 lb,NA-BOTT-GRP-002,Water Bottles,Blush Pink,,,unisex,in_stock,,,,176,28.92 USD,,,txcd_99999999,exclusive,,"US:ALL:Standard:3-5:0.00 USD,US:ALL:Expedited:1-2:9.99 USD",US:ALL:Standard:50.00 USD,
NA-BOTT-0095,Nova Insulated Bottle – Navy,"The Nova Insulated Bottle from Northwind Apparel, crafted in stainless steel, keeps drinks cold for 24 hours on the go. Shown in Navy.",https://livgpt.vercel.app/?merchant=northwind-apparel&product=NA-BOTT-0095,NW Active,,NA-BOTT-0095,https://livgpt.vercel.app/mock-catalog/images/northwind-apparel/NA-BOTT-0095.jpg,,,,new,Home & Garden > Kitchen & Dining > Food & Beverage Carriers > Water Bottles,Drinkware > Water Bottles,adult,Stainless Steel,4 in,4 in,10 in,1.12 lb,NA-BOTT-GRP-003,Water Bottles,Navy,,,unisex,in_stock,,,,89,40.59 USD,,,txcd_99999999,exclusive,,"US:ALL:Standard:3-5:0.00 USD,US:ALL:Expedited:1-2:9.99 USD",US:ALL:Standard:50.00 USD,
NA-BOTT-0096,Everyday Steel Water Bottle – Sky Blue,"The Everyday Steel Water Bottle from Northwind Apparel, crafted in stainless steel, keeps drinks cold for 24 hours on the go. Shown in Sky Blue.",https://livgpt.vercel.app/?merchant=northwind-apparel&product=NA-BOTT-0096,Northwind Studio,,NA-BOTT-0096,https://livgpt.vercel.app/mock-catalog/images/northwind-apparel/NA-BOTT-0096.jpg,,,,new,Home & Garden > Kitchen & Dining > Food & Beverage Carriers > Water Bottles,Drinkware > Water Bottles,adult,Stainless Steel,4 in,4 in,10 in,1.12 lb,NA-BOTT-GRP-003,Water Bottles,Sky Blue,,,unisex,in_stock,,,,221,40.03 USD,,,txcd_99999999,exclusive,,"US:ALL:Standard:3-5:0.00 USD,US:ALL:Expedited:1-2:9.99 USD",US:ALL:Standard:50.00 USD,
NA-BOTT-0097,Pro Steel Water Bottle – Blush Pink,"The Pro Steel Water Bottle from Northwind Apparel, crafted in stainless steel, keeps drinks cold for 24 hours on the go. Shown in Blush Pink.",https://livgpt.vercel.app/?merchant=northwind-apparel&product=NA-BOTT-0097,Northwind Studio,,NA-BOTT-0097,https://livgpt.vercel.app/mock-catalog/images/northwind-apparel/NA-BOTT-0097.jpg,,,,new,Home & Garden > Kitchen & Dining > Food & Beverage Carriers > Water Bottles,Drinkware > Water Bottles,adult,Stainless Steel,4 in,4 in,10 in,1.11 lb,NA-BOTT-GRP-004,Water Bottles,Blush Pink,,,unisex,in_stock,,,,123,46.33 USD,,,txcd_99999999,exclusive,,"US:ALL:Standard:3-5:0.00 USD,US:ALL:Expedited:1-2:9.99 USD",US:ALL:Standard:50.00 USD,
NA-BOTT-0098,Rugged Insulated Bottle – Sky Blue,"The Rugged Insulated Bottle from Northwind Apparel, crafted in stainless steel, keeps drinks cold for 24 hours on the go. Shown in Sky Blue.",https://livgpt.vercel.app/?merchant=northwind-apparel&product=NA-BOTT-0098,Northwind Studio,,NA-BOTT-0098,https://livgpt.vercel.app/mock-catalog/images/northwind-apparel/NA-BOTT-0098.jpg,,,,new,Home & Garden > Kitchen & Dining > Food & Beverage Carriers > Water Bottles,Drinkware > Water Bottles,adult,Stainless Steel,4 in,4 in,10 in,0.99 lb,NA-BOTT-GRP-004,Water Bottles,Sky Blue,,,unisex,in_stock,,,,98,42.97 USD,,,txcd_99999999,exclusive,,"US:ALL:Standard:3-5:0.00 USD,US:ALL:Expedited:1-2:9.99 USD",US:ALL:Standard:50.00 USD,
NA-BOTT-0099,Classic Insulated Bottle – Sky Blue,"The Classic Insulated Bottle from Northwind Apparel, crafted in tritan, keeps drinks cold for 24 hours on the go. Shown in Sky Blue.",https://livgpt.vercel.app/?merchant=northwind-apparel&product=NA-BOTT-0099,Northwind,,NA-BOTT-0099,https://livgpt.vercel.app/mock-catalog/images/northwind-apparel/NA-BOTT-0099.jpg,,,,new,Home & Garden > Kitchen & Dining > Food & Beverage Carriers > Water Bottles,Drinkware > Water Bottles,adult,Tritan,4 in,4 in,10 in,1.14 lb,NA-BOTT-GRP-005,Water Bottles,Sky Blue,,,unisex,in_stock,,,,108,26.71 USD,,,txcd_99999999,exclusive,,"US:ALL:Standard:3-5:0.00 USD,US:ALL:Expedited:1-2:9.99 USD",US:ALL:Standard:50.00 USD,
NA-BOTT-0100,Terra Insulated Bottle – Burgundy,"The Terra Insulated Bottle from Northwind Apparel, crafted in tritan, keeps drinks cold for 24 hours on the go. Shown in Burgundy.",https://livgpt.vercel.app/?merchant=northwind-apparel&product=NA-BOTT-0100,Northwind,,NA-BOTT-0100,https://livgpt.vercel.app/mock-catalog/images/northwind-apparel/NA-BOTT-0100.jpg,,,,new,Home & Garden > Kitchen & Dining > Food & Beverage Carriers > Water Bottles,Drinkware > Water Bottles,adult,Tritan,4 in,4 in,10 in,1.03 lb,NA-BOTT-GRP-005,Water Bottles,Burgundy,,,unisex,in_stock,,,,63,37.24 USD,,,txcd_99999999,exclusive,,"US:ALL:Standard:3-5:0.00 USD,US:ALL:Expedited:1-2:9.99 USD",US:ALL:Standard:50.00 USD,
NA-BOTT-0101,Aero Insulated Bottle – Charcoal,"The Aero Insulated Bottle from Northwind Apparel, crafted in tritan, keeps drinks cold for 24 hours on the go. Shown in Charcoal.",https://livgpt.vercel.app/?merchant=northwind-apparel&product=NA-BOTT-0101,NW Active,,NA-BOTT-0101,https://livgpt.vercel.app/mock-catalog/images/northwind-apparel/NA-BOTT-0101.jpg,,,,new,Home & Garden > Kitchen & Dining > Food & Beverage Carriers > Water Bottles,Drinkware > Water Bottles,adult,Tritan,4 in,4 in,10 in,1.08 lb,NA-BOTT-GRP-006,Water Bottles,Charcoal,,,unisex,in_stock,,,,38,24.52 USD,,,txcd_99999999,exclusive,,"US:ALL:Standard:3-5:0.00 USD,US:ALL:Expedited:1-2:9.99 USD",US:ALL:Standard:50.00 USD,
NA-BOTT-0102,Minimalist Insulated Bottle – Sky Blue,"The Minimalist Insulated Bottle from Northwind Apparel, crafted in tritan, keeps drinks cold for 24 hours on the go. Shown in Sky Blue.",https://livgpt.vercel.app/?merchant=northwind-apparel&product=NA-BOTT-0102,Northwind,,NA-BOTT-0102,https://livgpt.vercel.app/mock-catalog/images/northwind-apparel/NA-BOTT-0102.jpg,,,,new,Home & Garden > Kitchen & Dining > Food & Beverage Carriers > Water Bottles,Drinkware > Water Bottles,adult,Tritan,4 in,4 in,10 in,1.09 lb,NA-BOTT-GRP-006,Water Bottles,Sky Blue,,,unisex,in_stock,,,,185,36.15 USD,,,txcd_99999999,exclusive,,"US:ALL:Standard:3-5:0.00 USD,US:ALL:Expedited:1-2:9.99 USD",US:ALL:Standard:50.00 USD,
NA-BOTT-0103,Everyday Insulated Bottle – Olive,"The Everyday Insulated Bottle from Northwind Apparel, crafted in tritan, keeps drinks cold for 24 hours on the go. Shown in Olive.",https://livgpt.vercel.app/?merchant=northwind-apparel&product=NA-BOTT-0103,Northwind,,NA-BOTT-0103,https://livgpt.vercel.app/mock-catalog/images/northwind-apparel/NA-BOTT-0103.jpg,,,,new,Home & Garden > Kitchen & Dining > Food & Beverage Carriers > Water Bottles,Drinkware > Water Bottles,adult,Tritan,4 in,4 in,10 in,1.03 lb,NA-BOTT-GRP-007,Water Bottles,Olive,,,unisex,in_stock,,,,164,35.69 USD,,,txcd_99999999,exclusive,,"US:ALL:Standard:3-5:0.00 USD,US:ALL:Expedited:1-2:9.99 USD",US:ALL:Standard:50.00 USD,
NA-BOTT-0104,Aero Flip-Top Bottle – Navy,"The Aero Flip-Top Bottle from Northwind Apparel, crafted in stainless steel, keeps drinks cold for 24 hours on the go. Shown in Navy.",https://livgpt.vercel.app/?merchant=northwind-apparel&product=NA-BOTT-0104,Northwind,,NA-BOTT-0104,https://livgpt.vercel.app/mock-catalog/images/northwind-apparel/NA-BOTT-0104.jpg,,,,new,Home & Garden > Kitchen & Dining > Food & Beverage Carriers > Water Bottles,Drinkware > Water Bottles,adult,Stainless Steel,4 in,4 in,10 in,1.11 lb,NA-BOTT-GRP-007,Water Bottles,Navy,,,unisex,in_stock,,,,10,35.59 USD,,,txcd_99999999,exclusive,,"US:ALL:Standard:3-5:0.00 USD,US:ALL:Expedited:1-2:9.99 USD",US:ALL:Standard:50.00 USD,
NA-BOTT-0105,Rugged Steel Water Bottle – Sand,"The Rugged Steel Water Bottle from Northwind Apparel, crafted in stainless steel, keeps drinks cold for 24 hours on the go. Shown in Sand.",https://livgpt.vercel.app/?merchant=northwind-apparel&product=NA-BOTT-0105,Northwind,,NA-BOTT-0105,https://livgpt.vercel.app/mock-catalog/images/northwind-apparel/NA-BOTT-0105.jpg,,,,new,Home & Garden > Kitchen & Dining > Food & Beverage Carriers > Water Bottles,Drinkware > Water Bottles,adult,Stainless Steel,4 in,4 in,10 in,1.18 lb,NA-BOTT-GRP-008,Water Bottles,Sand,,,unisex,in_stock,,,,235,24.29 USD,,,txcd_99999999,exclusive,,"US:ALL:Standard:3-5:0.00 USD,US:ALL:Expedited:1-2:9.99 USD",US:ALL:Standard:50.00 USD,
NA-SOCK-0106,Trail No-Show Socks – Charcoal,"The Trail No-Show Socks from Northwind Apparel, crafted in combed cotton, the small upgrade your rotation needs. Shown in Charcoal.",https://livgpt.vercel.app/?merchant=northwind-apparel&product=NA-SOCK-0106,NW Active,,NA-SOCK-0106,https://livgpt.vercel.app/mock-catalog/images/northwind-apparel/NA-SOCK-0106.jpg,,,,new,Apparel & Accessories > Clothing > Underwear & Socks > Socks,Accessories > Socks,adult,Combed Cotton,7 in,5 in,2 in,0.27 lb,NA-SOCK-GRP-001,Socks,Charcoal,,,unisex,in_stock,,,,195,26.73 USD,,,txcd_99999999,exclusive,,"US:ALL:Standard:3-5:0.00 USD,US:ALL:Expedited:1-2:9.99 USD",US:ALL:Standard:50.00 USD,
NA-SOCK-0107,Nova Wool Socks – Black,"The Nova Wool Socks from Northwind Apparel, crafted in merino wool, the small upgrade your rotation needs. Shown in Black.",https://livgpt.vercel.app/?merchant=northwind-apparel&product=NA-SOCK-0107,Northwind Studio,,NA-SOCK-0107,https://livgpt.vercel.app/mock-catalog/images/northwind-apparel/NA-SOCK-0107.jpg,,,,new,Apparel & Accessories > Clothing > Underwear & Socks > Socks,Accessories > Socks,adult,Merino Wool,7 in,5 in,2 in,0.31 lb,NA-SOCK-GRP-001,Socks,Black,,,unisex,in_stock,,,,5,20.48 USD,,,txcd_99999999,exclusive,,"US:ALL:Standard:3-5:0.00 USD,US:ALL:Expedited:1-2:9.99 USD",US:ALL:Standard:50.00 USD,
NA-SOCK-0108,Essential Ankle Socks 3-Pack – Blush Pink,"The Essential Ankle Socks 3-Pack from Northwind Apparel, crafted in merino wool, the small upgrade your rotation needs. Shown in Blush Pink.",https://livgpt.vercel.app/?merchant=northwind-apparel&product=NA-SOCK-0108,NW Active,,NA-SOCK-0108,https://livgpt.vercel.app/mock-catalog/images/northwind-apparel/NA-SOCK-0108.jpg,,,,new,Apparel & Accessories > Clothing > Underwear & Socks > Socks,Accessories > Socks,adult,Merino Wool,7 in,5 in,2 in,0.31 lb,NA-SOCK-GRP-002,Socks,Blush Pink,,,unisex,in_stock,,,,24,14.74 USD,13.01 USD,2026-07-01/2026-12-31,txcd_99999999,exclusive,,"US:ALL:Standard:3-5:0.00 USD,US:ALL:Expedited:1-2:9.99 USD",US:ALL:Standard:50.00 USD,
NA-SOCK-0109,Urban Crew Socks 3-Pack – Cream,"The Urban Crew Socks 3-Pack from Northwind Apparel, crafted in combed cotton, the small upgrade your rotation needs. Shown in Cream.",https://livgpt.vercel.app/?merchant=northwind-apparel&product=NA-SOCK-0109,NW Active,,NA-SOCK-0109,https://livgpt.vercel.app/mock-catalog/images/northwind-apparel/NA-SOCK-0109.jpg,,,,new,Apparel & Accessories > Clothing > Underwear & Socks > Socks,Accessories > Socks,adult,Combed Cotton,7 in,5 in,2 in,0.33 lb,NA-SOCK-GRP-002,Socks,Cream,,,unisex,in_stock,,,,218,21.49 USD,,,txcd_99999999,exclusive,,"US:ALL:Standard:3-5:0.00 USD,US:ALL:Expedited:1-2:9.99 USD",US:ALL:Standard:50.00 USD,
NA-SOCK-0110,Minimalist Crew Socks 3-Pack – Slate Gray,"The Minimalist Crew Socks 3-Pack from Northwind Apparel, crafted in merino wool, the small upgrade your rotation needs. Shown in Slate Gray.",https://livgpt.vercel.app/?merchant=northwind-apparel&product=NA-SOCK-0110,Northwind Studio,,NA-SOCK-0110,https://livgpt.vercel.app/mock-catalog/images/northwind-apparel/NA-SOCK-0110.jpg,,,,new,Apparel & Accessories > Clothing > Underwear & Socks > Socks,Accessories > Socks,adult,Merino Wool,7 in,5 in,2 in,0.29 lb,NA-SOCK-GRP-003,Socks,Slate Gray,,,unisex,in_stock,,,,29,17.26 USD,,,txcd_99999999,exclusive,,"US:ALL:Standard:3-5:0.00 USD,US:ALL:Expedited:1-2:9.99 USD",US:ALL:Standard:50.00 USD,
NA-SOCK-0111,Alpine Crew Socks 3-Pack – Slate Gray,"The Alpine Crew Socks 3-Pack from Northwind Apparel, crafted in combed cotton, the small upgrade your rotation needs. Shown in Slate Gray.",https://livgpt.vercel.app/?merchant=northwind-apparel&product=NA-SOCK-0111,Northwind,,NA-SOCK-0111,https://livgpt.vercel.app/mock-catalog/images/northwind-apparel/NA-SOCK-0111.jpg,,,,new,Apparel & Accessories > Clothing > Underwear & Socks > Socks,Accessories > Socks,adult,Combed Cotton,7 in,5 in,2 in,0.28 lb,NA-SOCK-GRP-003,Socks,Slate Gray,,,unisex,in_stock,,,,5,24.48 USD,21.32 USD,2026-07-01/2026-12-31,txcd_99999999,exclusive,,"US:ALL:Standard:3-5:0.00 USD,US:ALL:Expedited:1-2:9.99 USD",US:ALL:Standard:50.00 USD,
NA-SOCK-0112,Nova Ankle Socks 3-Pack – Cream,"The Nova Ankle Socks 3-Pack from Northwind Apparel, crafted in combed cotton, the small upgrade your rotation needs. Shown in Cream.",https://livgpt.vercel.app/?merchant=northwind-apparel&product=NA-SOCK-0112,Northwind,,NA-SOCK-0112,https://livgpt.vercel.app/mock-catalog/images/northwind-apparel/NA-SOCK-0112.jpg,,,,new,Apparel & Accessories > Clothing > Underwear & Socks > Socks,Accessories > Socks,adult,Combed Cotton,7 in,5 in,2 in,0.29 lb,NA-SOCK-GRP-004,Socks,Cream,,,unisex,in_stock,,,,8,16.81 USD,,,txcd_99999999,exclusive,,"US:ALL:Standard:3-5:0.00 USD,US:ALL:Expedited:1-2:9.99 USD",US:ALL:Standard:50.00 USD,
NA-SOCK-0113,Modern No-Show Socks – Black,"The Modern No-Show Socks from Northwind Apparel, crafted in merino wool, the small upgrade your rotation needs. Shown in Black.",https://livgpt.vercel.app/?merchant=northwind-apparel&product=NA-SOCK-0113,NW Active,,NA-SOCK-0113,https://livgpt.vercel.app/mock-catalog/images/northwind-apparel/NA-SOCK-0113.jpg,,,,new,Apparel & Accessories > Clothing > Underwear & Socks > Socks,Accessories > Socks,adult,Merino Wool,7 in,5 in,2 in,0.31 lb,NA-SOCK-GRP-004,Socks,Black,,,unisex,in_stock,,,,238,20.45 USD,,,txcd_99999999,exclusive,,"US:ALL:Standard:3-5:0.00 USD,US:ALL:Expedited:1-2:9.99 USD",US:ALL:Standard:50.00 USD,
NA-SOCK-0114,Signature Wool Socks – Slate Gray,"The Signature Wool Socks from Northwind Apparel, crafted in combed cotton, the small upgrade your rotation needs. Shown in Slate Gray.",https://livgpt.vercel.app/?merchant=northwind-apparel&product=NA-SOCK-0114,Northwind Studio,,NA-SOCK-0114,https://livgpt.vercel.app/mock-catalog/images/northwind-apparel/NA-SOCK-0114.jpg,,,,new,Apparel & Accessories > Clothing > Underwear & Socks > Socks,Accessories > Socks,adult,Combed Cotton,7 in,5 in,2 in,0.33 lb,NA-SOCK-GRP-005,Socks,Slate Gray,,,unisex,in_stock,,,,56,17.21 USD,15.03 USD,2026-07-01/2026-12-31,txcd_99999999,exclusive,,"US:ALL:Standard:3-5:0.00 USD,US:ALL:Expedited:1-2:9.99 USD",US:ALL:Standard:50.00 USD,
NA-SOCK-0115,Classic Crew Socks 3-Pack – Sky Blue,"The Classic Crew Socks 3-Pack from Northwind Apparel, crafted in merino wool, the small upgrade your rotation needs. Shown in Sky Blue.",https://livgpt.vercel.app/?merchant=northwind-apparel&product=NA-SOCK-0115,Northwind,,NA-SOCK-0115,https://livgpt.vercel.app/mock-catalog/images/northwind-apparel/NA-SOCK-0115.jpg,,,,new,Apparel & Accessories > Clothing > Underwear & Socks > Socks,Accessories > Socks,adult,Merino Wool,7 in,5 in,2 in,0.33 lb,NA-SOCK-GRP-005,Socks,Sky Blue,,,unisex,in_stock,,,,178,26.18 USD,,,txcd_99999999,exclusive,,"US:ALL:Standard:3-5:0.00 USD,US:ALL:Expedited:1-2:9.99 USD",US:ALL:Standard:50.00 USD,
NA-SOCK-0116,Minimalist Wool Socks – Cream,"The Minimalist Wool Socks from Northwind Apparel, crafted in combed cotton, the small upgrade your rotation needs. Shown in Cream.",https://livgpt.vercel.app/?merchant=northwind-apparel&product=NA-SOCK-0116,Northwind,,NA-SOCK-0116,https://livgpt.vercel.app/mock-catalog/images/northwind-apparel/NA-SOCK-0116.jpg,,,,new,Apparel & Accessories > Clothing > Underwear & Socks > Socks,Accessories > Socks,adult,Combed Cotton,7 in,5 in,2 in,0.29 lb,NA-SOCK-GRP-006,Socks,Cream,,,unisex,in_stock,,,,26,23.61 USD,,,txcd_99999999,exclusive,,"US:ALL:Standard:3-5:0.00 USD,US:ALL:Expedited:1-2:9.99 USD",US:ALL:Standard:50.00 USD,
NA-SOCK-0117,Pro Wool Socks – Burgundy,"The Pro Wool Socks from Northwind Apparel, crafted in combed cotton, the small upgrade your rotation needs. Shown in Burgundy.",https://livgpt.vercel.app/?merchant=northwind-apparel&product=NA-SOCK-0117,Northwind Studio,,NA-SOCK-0117,https://livgpt.vercel.app/mock-catalog/images/northwind-apparel/NA-SOCK-0117.jpg,,,,new,Apparel & Accessories > Clothing > Underwear & Socks > Socks,Accessories > Socks,adult,Combed Cotton,7 in,5 in,2 in,0.32 lb,NA-SOCK-GRP-006,Socks,Burgundy,,,unisex,in_stock,,,,202,18.27 USD,15.04 USD,2026-07-01/2026-12-31,txcd_99999999,exclusive,,"US:ALL:Standard:3-5:0.00 USD,US:ALL:Expedited:1-2:9.99 USD",US:ALL:Standard:50.00 USD,
NA-SOCK-0118,Luxe No-Show Socks – Navy,"The Luxe No-Show Socks from Northwind Apparel, crafted in merino wool, the small upgrade your rotation needs. Shown in Navy.",https://livgpt.vercel.app/?merchant=northwind-apparel&product=NA-SOCK-0118,Northwind,,NA-SOCK-0118,https://livgpt.vercel.app/mock-catalog/images/northwind-apparel/NA-SOCK-0118.jpg,,,,new,Apparel & Accessories > Clothing > Underwear & Socks > Socks,Accessories > Socks,adult,Merino Wool,7 in,5 in,2 in,0.33 lb,NA-SOCK-GRP-007,Socks,Navy,,,unisex,in_stock,,,,222,12.36 USD,11.23 USD,2026-07-01/2026-12-31,txcd_99999999,exclusive,,"US:ALL:Standard:3-5:0.00 USD,US:ALL:Expedited:1-2:9.99 USD",US:ALL:Standard:50.00 USD,
NA-SOCK-0119,Essential Wool Socks – Charcoal,"The Essential Wool Socks from Northwind Apparel, crafted in merino wool, the small upgrade your rotation needs. Shown in Charcoal.",https://livgpt.vercel.app/?merchant=northwind-apparel&product=NA-SOCK-0119,Northwind Studio,,NA-SOCK-0119,https://livgpt.vercel.app/mock-catalog/images/northwind-apparel/NA-SOCK-0119.jpg,,,,new,Apparel & Accessories > Clothing > Underwear & Socks > Socks,Accessories > Socks,adult,Merino Wool,7 in,5 in,2 in,0.31 lb,NA-SOCK-GRP-007,Socks,Charcoal,,,unisex,in_stock,,,,230,24.77 USD,,,txcd_99999999,exclusive,,"US:ALL:Standard:3-5:0.00 USD,US:ALL:Expedited:1-2:9.99 USD",US:ALL:Standard:50.00 USD,
NA-SOCK-0120,Rugged Crew Socks 3-Pack – Navy,"The Rugged Crew Socks 3-Pack from Northwind Apparel, crafted in merino wool, the small upgrade your rotation needs. Shown in Navy.",https://livgpt.vercel.app/?merchant=northwind-apparel&product=NA-SOCK-0120,Northwind Studio,,NA-SOCK-0120,https://livgpt.vercel.app/mock-catalog/images/northwind-apparel/NA-SOCK-0120.jpg,,,,new,Apparel & Accessories > Clothing > Underwear & Socks > Socks,Accessories > Socks,adult,Merino Wool,7 in,5 in,2 in,0.31 lb,NA-SOCK-GRP-008,Socks,Navy,,,unisex,in_stock,,,,84,25.73 USD,,,txcd_99999999,exclusive,,"US:ALL:Standard:3-5:0.00 USD,US:ALL:Expedited:1-2:9.99 USD",US:ALL:Standard:50.00 USD,
NA-JACK-0121,Heritage Rain Shell – Charcoal,"The Heritage Rain Shell from Northwind Apparel, crafted in ripstop, weather-ready protection without the bulk. Shown in Charcoal.",https://livgpt.vercel.app/?merchant=northwind-apparel&product=NA-JACK-0121,Northwind Studio,,NA-JACK-0121,https://livgpt.vercel.app/mock-catalog/images/northwind-apparel/NA-JACK-0121.jpg,,,,new,Apparel & Accessories > Clothing > Outerwear > Coats & Jackets,Apparel > Outerwear > Jackets,adult,Ripstop,14 in,12 in,4 in,2.32 lb,NA-JACK-GRP-001,Jackets,Charcoal,XS,US,unisex,in_stock,,,,233,172.52 USD,141.00 USD,2026-07-01/2026-12-31,txcd_99999999,exclusive,,"US:ALL:Standard:3-5:0.00 USD,US:ALL:Expedited:1-2:9.99 USD",US:ALL:Standard:50.00 USD,
NA-JACK-0122,Classic Denim Jacket – Cream,"The Classic Denim Jacket from Northwind Apparel, crafted in denim, weather-ready protection without the bulk. Shown in Cream.",https://livgpt.vercel.app/?merchant=northwind-apparel&product=NA-JACK-0122,Northwind Studio,,NA-JACK-0122,https://livgpt.vercel.app/mock-catalog/images/northwind-apparel/NA-JACK-0122.jpg,,,,new,Apparel & Accessories > Clothing > Outerwear > Coats & Jackets,Apparel > Outerwear > Jackets,adult,Denim,14 in,12 in,4 in,2.21 lb,NA-JACK-GRP-001,Jackets,Cream,XS,US,unisex,in_stock,,,,131,170.05 USD,,,txcd_99999999,exclusive,,"US:ALL:Standard:3-5:0.00 USD,US:ALL:Expedited:1-2:9.99 USD",US:ALL:Standard:50.00 USD,
NA-JACK-0123,Alpine Rain Shell – Sky Blue,"The Alpine Rain Shell from Northwind Apparel, crafted in ripstop, weather-ready protection without the bulk. Shown in Sky Blue.",https://livgpt.vercel.app/?merchant=northwind-apparel&product=NA-JACK-0123,Northwind Studio,,NA-JACK-0123,https://livgpt.vercel.app/mock-catalog/images/northwind-apparel/NA-JACK-0123.jpg,,,,new,Apparel & Accessories > Clothing > Outerwear > Coats & Jackets,Apparel > Outerwear > Jackets,adult,Ripstop,14 in,12 in,4 in,2.42 lb,NA-JACK-GRP-002,Jackets,Sky Blue,L,US,unisex,in_stock,,,,58,155.49 USD,,,txcd_99999999,exclusive,,"US:ALL:Standard:3-5:0.00 USD,US:ALL:Expedited:1-2:9.99 USD",US:ALL:Standard:50.00 USD,
NA-JACK-0124,Rugged Rain Shell – Navy,"The Rugged Rain Shell from Northwind Apparel, crafted in ripstop, weather-ready protection without the bulk. Shown in Navy.",https://livgpt.vercel.app/?merchant=northwind-apparel&product=NA-JACK-0124,Northwind,,NA-JACK-0124,https://livgpt.vercel.app/mock-catalog/images/northwind-apparel/NA-JACK-0124.jpg,,,,new,Apparel & Accessories > Clothing > Outerwear > Coats & Jackets,Apparel > Outerwear > Jackets,adult,Ripstop,14 in,12 in,4 in,2.14 lb,NA-JACK-GRP-002,Jackets,Navy,XL,US,unisex,in_stock,,,,133,115.20 USD,,,txcd_99999999,exclusive,,"US:ALL:Standard:3-5:0.00 USD,US:ALL:Expedited:1-2:9.99 USD",US:ALL:Standard:50.00 USD,
NA-JACK-0125,Pro Denim Jacket – Olive,"The Pro Denim Jacket from Northwind Apparel, crafted in ripstop, weather-ready protection without the bulk. Shown in Olive.",https://livgpt.vercel.app/?merchant=northwind-apparel&product=NA-JACK-0125,Northwind,,NA-JACK-0125,https://livgpt.vercel.app/mock-catalog/images/northwind-apparel/NA-JACK-0125.jpg,,,,new,Apparel & Accessories > Clothing > Outerwear > Coats & Jackets,Apparel > Outerwear > Jackets,adult,Ripstop,14 in,12 in,4 in,2.48 lb,NA-JACK-GRP-003,Jackets,Olive,XL,US,unisex,in_stock,,,,110,207.60 USD,,,txcd_99999999,exclusive,,"US:ALL:Standard:3-5:0.00 USD,US:ALL:Expedited:1-2:9.99 USD",US:ALL:Standard:50.00 USD,
NA-JACK-0126,Heritage Denim Jacket – White,"The Heritage Denim Jacket from Northwind Apparel, crafted in denim, weather-ready protection without the bulk. Shown in White.",https://livgpt.vercel.app/?merchant=northwind-apparel&product=NA-JACK-0126,NW Active,,NA-JACK-0126,https://livgpt.vercel.app/mock-catalog/images/northwind-apparel/NA-JACK-0126.jpg,,,,new,Apparel & Accessories > Clothing > Outerwear > Coats & Jackets,Apparel > Outerwear > Jackets,adult,Denim,14 in,12 in,4 in,2.09 lb,NA-JACK-GRP-003,Jackets,White,XL,US,unisex,in_stock,,,,169,94.02 USD,,,txcd_99999999,exclusive,,"US:ALL:Standard:3-5:0.00 USD,US:ALL:Expedited:1-2:9.99 USD",US:ALL:Standard:50.00 USD,
NA-JACK-0127,Coastal Puffer Jacket – Blush Pink,"The Coastal Puffer Jacket from Northwind Apparel, crafted in recycled poly, weather-ready protection without the bulk. Shown in Blush Pink.",https://livgpt.vercel.app/?merchant=northwind-apparel&product=NA-JACK-0127,NW Active,,NA-JACK-0127,https://livgpt.vercel.app/mock-catalog/images/northwind-apparel/NA-JACK-0127.jpg,,,,new,Apparel & Accessories > Clothing > Outerwear > Coats & Jackets,Apparel > Outerwear > Jackets,adult,Recycled Poly,14 in,12 in,4 in,2.32 lb,NA-JACK-GRP-004,Jackets,Blush Pink,XXL,US,unisex,in_stock,,,,77,89.85 USD,,,txcd_99999999,exclusive,,"US:ALL:Standard:3-5:0.00 USD,US:ALL:Expedited:1-2:9.99 USD",US:ALL:Standard:50.00 USD,
NA-JACK-0128,Trail Puffer Jacket – Slate Gray,"The Trail Puffer Jacket from Northwind Apparel, crafted in recycled poly, weather-ready protection without the bulk. Shown in Slate Gray.",https://livgpt.vercel.app/?merchant=northwind-apparel&product=NA-JACK-0128,Northwind Studio,,NA-JACK-0128,https://livgpt.vercel.app/mock-catalog/images/northwind-apparel/NA-JACK-0128.jpg,,,,new,Apparel & Accessories > Clothing > Outerwear > Coats & Jackets,Apparel > Outerwear > Jackets,adult,Recycled Poly,14 in,12 in,4 in,2.32 lb,NA-JACK-GRP-004,Jackets,Slate Gray,XL,US,unisex,in_stock,,,,99,201.62 USD,,,txcd_99999999,exclusive,,"US:ALL:Standard:3-5:0.00 USD,US:ALL:Expedited:1-2:9.99 USD",US:ALL:Standard:50.00 USD,
NA-JACK-0129,Classic Puffer Jacket – Navy,"The Classic Puffer Jacket from Northwind Apparel, crafted in recycled poly, weather-ready protection without the bulk. Shown in Navy.",https://livgpt.vercel.app/?merchant=northwind-apparel&product=NA-JACK-0129,NW Active,,NA-JACK-0129,https://livgpt.vercel.app/mock-catalog/images/northwind-apparel/NA-JACK-0129.jpg,,,,new,Apparel & Accessories > Clothing > Outerwear > Coats & Jackets,Apparel > Outerwear > Jackets,adult,Recycled Poly,14 in,12 in,4 in,2.12 lb,NA-JACK-GRP-005,Jackets,Navy,XL,US,unisex,in_stock,,,,14,150.02 USD,,,txcd_99999999,exclusive,,"US:ALL:Standard:3-5:0.00 USD,US:ALL:Expedited:1-2:9.99 USD",US:ALL:Standard:50.00 USD,
NA-JACK-0130,Studio Windbreaker – Burgundy,"The Studio Windbreaker from Northwind Apparel, crafted in recycled poly, weather-ready protection without the bulk. Shown in Burgundy.",https://livgpt.vercel.app/?merchant=northwind-apparel&product=NA-JACK-0130,Northwind,,NA-JACK-0130,https://livgpt.vercel.app/mock-catalog/images/northwind-apparel/NA-JACK-0130.jpg,,,,new,Apparel & Accessories > Clothing > Outerwear > Coats & Jackets,Apparel > Outerwear > Jackets,adult,Recycled Poly,14 in,12 in,4 in,2.44 lb,NA-JACK-GRP-005,Jackets,Burgundy,L,US,unisex,in_stock,,,,95,133.67 USD,,,txcd_99999999,exclusive,,"US:ALL:Standard:3-5:0.00 USD,US:ALL:Expedited:1-2:9.99 USD",US:ALL:Standard:50.00 USD,
NA-JACK-0131,Rugged Puffer Jacket – Cream,"The Rugged Puffer Jacket from Northwind Apparel, crafted in ripstop, weather-ready protection without the bulk. Shown in Cream.",https://livgpt.vercel.app/?merchant=northwind-apparel&product=NA-JACK-0131,Northwind,,NA-JACK-0131,https://livgpt.vercel.app/mock-catalog/images/northwind-apparel/NA-JACK-0131.jpg,,,,new,Apparel & Accessories > Clothing > Outerwear > Coats & Jackets,Apparel > Outerwear > Jackets,adult,Ripstop,14 in,12 in,4 in,2.53 lb,NA-JACK-GRP-006,Jackets,Cream,S,US,unisex,in_stock,,,,134,110.68 USD,,,txcd_99999999,exclusive,,"US:ALL:Standard:3-5:0.00 USD,US:ALL:Expedited:1-2:9.99 USD",US:ALL:Standard:50.00 USD,
NA-JACK-0132,Classic Rain Shell – Olive,"The Classic Rain Shell from Northwind Apparel, crafted in ripstop, weather-ready protection without the bulk. Shown in Olive.",https://livgpt.vercel.app/?merchant=northwind-apparel&product=NA-JACK-0132,Northwind Studio,,NA-JACK-0132,https://livgpt.vercel.app/mock-catalog/images/northwind-apparel/NA-JACK-0132.jpg,,,,new,Apparel & Accessories > Clothing > Outerwear > Coats & Jackets,Apparel > Outerwear > Jackets,adult,Ripstop,14 in,12 in,4 in,2.44 lb,NA-JACK-GRP-006,Jackets,Olive,M,US,unisex,in_stock,,,,194,123.37 USD,,,txcd_99999999,exclusive,,"US:ALL:Standard:3-5:0.00 USD,US:ALL:Expedited:1-2:9.99 USD",US:ALL:Standard:50.00 USD,
NA-JACK-0133,Urban Puffer Jacket – Forest Green,"The Urban Puffer Jacket from Northwind Apparel, crafted in denim, weather-ready protection without the bulk. Shown in Forest Green.",https://livgpt.vercel.app/?merchant=northwind-apparel&product=NA-JACK-0133,NW Active,,NA-JACK-0133,https://livgpt.vercel.app/mock-catalog/images/northwind-apparel/NA-JACK-0133.jpg,,,,new,Apparel & Accessories > Clothing > Outerwear > Coats & Jackets,Apparel > Outerwear > Jackets,adult,Denim,14 in,12 in,4 in,2.23 lb,NA-JACK-GRP-007,Jackets,Forest Green,XXL,US,unisex,in_stock,,,,11,200.34 USD,,,txcd_99999999,exclusive,,"US:ALL:Standard:3-5:0.00 USD,US:ALL:Expedited:1-2:9.99 USD",US:ALL:Standard:50.00 USD,
NA-JACK-0134,Heritage Windbreaker – Black,"The Heritage Windbreaker from Northwind Apparel, crafted in recycled poly, weather-ready protection without the bulk. Shown in Black.",https://livgpt.vercel.app/?merchant=northwind-apparel&product=NA-JACK-0134,Northwind Studio,,NA-JACK-0134,https://livgpt.vercel.app/mock-catalog/images/northwind-apparel/NA-JACK-0134.jpg,,,,new,Apparel & Accessories > Clothing > Outerwear > Coats & Jackets,Apparel > Outerwear > Jackets,adult,Recycled Poly,14 in,12 in,4 in,2.14 lb,NA-JACK-GRP-007,Jackets,Black,L,US,unisex,in_stock,,,,172,142.79 USD,,,txcd_99999999,exclusive,,"US:ALL:Standard:3-5:0.00 USD,US:ALL:Expedited:1-2:9.99 USD",US:ALL:Standard:50.00 USD,
NA-JACK-0135,Signature Puffer Jacket – Black,"The Signature Puffer Jacket from Northwind Apparel, crafted in recycled poly, weather-ready protection without the bulk. Shown in Black.",https://livgpt.vercel.app/?merchant=northwind-apparel&product=NA-JACK-0135,Northwind Studio,,NA-JACK-0135,https://livgpt.vercel.app/mock-catalog/images/northwind-apparel/NA-JACK-0135.jpg,,,,new,Apparel & Accessories > Clothing > Outerwear > Coats & Jackets,Apparel > Outerwear > Jackets,adult,Recycled Poly,14 in,12 in,4 in,2.14 lb,NA-JACK-GRP-008,Jackets,Black,S,US,unisex,in_stock,,,,31,103.29 USD,,,txcd_99999999,exclusive,,"US:ALL:Standard:3-5:0.00 USD,US:ALL:Expedited:1-2:9.99 USD",US:ALL:Standard:50.00 USD,
NA-WALL-0136,Signature Travel Wallet – Black,"The Signature Travel Wallet from Northwind Apparel, crafted in vegan leather, slim, refined, and made to last. Shown in Black.",https://livgpt.vercel.app/?merchant=northwind-apparel&product=NA-WALL-0136,Northwind Studio,,NA-WALL-0136,https://livgpt.vercel.app/mock-catalog/images/northwind-apparel/NA-WALL-0136.jpg,,,,new,Apparel & Accessories > Clothing Accessories,Accessories > Small Leather Goods,adult,Vegan Leather,8 in,6 in,4 in,1.0 lb,NA-WALL-GRP-001,Small Leather Goods,Black,,,unisex,in_stock,,,,17,62.43 USD,,,txcd_99999999,exclusive,,"US:ALL:Standard:3-5:0.00 USD,US:ALL:Expedited:1-2:9.99 USD",US:ALL:Standard:50.00 USD,
NA-WALL-0137,Rugged Bifold Wallet – Sand,"The Rugged Bifold Wallet from Northwind Apparel, crafted in full-grain leather, slim, refined, and made to last. Shown in Sand.",https://livgpt.vercel.app/?merchant=northwind-apparel&product=NA-WALL-0137,Northwind,,NA-WALL-0137,https://livgpt.vercel.app/mock-catalog/images/northwind-apparel/NA-WALL-0137.jpg,,,,new,Apparel & Accessories > Clothing Accessories,Accessories > Small Leather Goods,adult,Full-Grain Leather,8 in,6 in,4 in,1.07 lb,NA-WALL-GRP-001,Small Leather Goods,Sand,,,unisex,in_stock,,,,182,41.71 USD,34.23 USD,2026-07-01/2026-12-31,txcd_99999999,exclusive,,"US:ALL:Standard:3-5:0.00 USD,US:ALL:Expedited:1-2:9.99 USD",US:ALL:Standard:50.00 USD,
NA-WALL-0138,Classic Leather Belt – Terracotta,"The Classic Leather Belt from Northwind Apparel, crafted in vegan leather, slim, refined, and made to last. Shown in Terracotta.",https://livgpt.vercel.app/?merchant=northwind-apparel&product=NA-WALL-0138,Northwind Studio,,NA-WALL-0138,https://livgpt.vercel.app/mock-catalog/images/northwind-apparel/NA-WALL-0138.jpg,,,,new,Apparel & Accessories > Clothing Accessories,Accessories > Small Leather Goods,adult,Vegan Leather,8 in,6 in,4 in,0.91 lb,NA-WALL-GRP-002,Small Leather Goods,Terracotta,,,unisex,in_stock,,,,156,62.06 USD,47.75 USD,2026-07-01/2026-12-31,txcd_99999999,exclusive,,"US:ALL:Standard:3-5:0.00 USD,US:ALL:Expedited:1-2:9.99 USD",US:ALL:Standard:50.00 USD,
NA-WALL-0139,Pro Card Holder – Burgundy,"The Pro Card Holder from Northwind Apparel, crafted in full-grain leather, slim, refined, and made to last. Shown in Burgundy.",https://livgpt.vercel.app/?merchant=northwind-apparel&product=NA-WALL-0139,NW Active,,NA-WALL-0139,https://livgpt.vercel.app/mock-catalog/images/northwind-apparel/NA-WALL-0139.jpg,,,,new,Apparel & Accessories > Clothing Accessories,Accessories > Small Leather Goods,adult,Full-Grain Leather,8 in,6 in,4 in,1.1 lb,NA-WALL-GRP-002,Small Leather Goods,Burgundy,,,unisex,in_stock,,,,174,32.05 USD,,,txcd_99999999,exclusive,,"US:ALL:Standard:3-5:0.00 USD,US:ALL:Expedited:1-2:9.99 USD",US:ALL:Standard:50.00 USD,
NA-WALL-0140,Classic Travel Wallet – White,"The Classic Travel Wallet from Northwind Apparel, crafted in vegan leather, slim, refined, and made to last. Shown in White.",https://livgpt.vercel.app/?merchant=northwind-apparel&product=NA-WALL-0140,Northwind Studio,,NA-WALL-0140,https://livgpt.vercel.app/mock-catalog/images/northwind-apparel/NA-WALL-0140.jpg,,,,new,Apparel & Accessories > Clothing Accessories,Accessories > Small Leather Goods,adult,Vegan Leather,8 in,6 in,4 in,0.94 lb,NA-WALL-GRP-003,Small Leather Goods,White,,,unisex,in_stock,,,,17,73.59 USD,,,txcd_99999999,exclusive,,"US:ALL:Standard:3-5:0.00 USD,US:ALL:Expedited:1-2:9.99 USD",US:ALL:Standard:50.00 USD,
NA-WALL-0141,Heritage Card Holder – Slate Gray,"The Heritage Card Holder from Northwind Apparel, crafted in full-grain leather, slim, refined, and made to last. Shown in Slate Gray.",https://livgpt.vercel.app/?merchant=northwind-apparel&product=NA-WALL-0141,Northwind,,NA-WALL-0141,https://livgpt.vercel.app/mock-catalog/images/northwind-apparel/NA-WALL-0141.jpg,,,,new,Apparel & Accessories > Clothing Accessories,Accessories > Small Leather Goods,adult,Full-Grain Leather,8 in,6 in,4 in,0.9 lb,NA-WALL-GRP-003,Small Leather Goods,Slate Gray,,,unisex,in_stock,,,,240,66.10 USD,,,txcd_99999999,exclusive,,"US:ALL:Standard:3-5:0.00 USD,US:ALL:Expedited:1-2:9.99 USD",US:ALL:Standard:50.00 USD,
NA-WALL-0142,Studio Travel Wallet – Charcoal,"The Studio Travel Wallet from Northwind Apparel, crafted in vegan leather, slim, refined, and made to last. Shown in Charcoal.",https://livgpt.vercel.app/?merchant=northwind-apparel&product=NA-WALL-0142,Northwind Studio,,NA-WALL-0142,https://livgpt.vercel.app/mock-catalog/images/northwind-apparel/NA-WALL-0142.jpg,,,,new,Apparel & Accessories > Clothing Accessories,Accessories > Small Leather Goods,adult,Vegan Leather,8 in,6 in,4 in,0.94 lb,NA-WALL-GRP-004,Small Leather Goods,Charcoal,,,unisex,in_stock,,,,217,33.72 USD,,,txcd_99999999,exclusive,,"US:ALL:Standard:3-5:0.00 USD,US:ALL:Expedited:1-2:9.99 USD",US:ALL:Standard:50.00 USD,
NA-WALL-0143,Aero Leather Belt – White,"The Aero Leather Belt from Northwind Apparel, crafted in vegan leather, slim, refined, and made to last. Shown in White.",https://livgpt.vercel.app/?merchant=northwind-apparel&product=NA-WALL-0143,Northwind Studio,,NA-WALL-0143,https://livgpt.vercel.app/mock-catalog/images/northwind-apparel/NA-WALL-0143.jpg,,,,new,Apparel & Accessories > Clothing Accessories,Accessories > Small Leather Goods,adult,Vegan Leather,8 in,6 in,4 in,0.97 lb,NA-WALL-GRP-004,Small Leather Goods,White,,,unisex,in_stock,,,,121,52.20 USD,,,txcd_99999999,exclusive,,"US:ALL:Standard:3-5:0.00 USD,US:ALL:Expedited:1-2:9.99 USD",US:ALL:Standard:50.00 USD,
NA-WALL-0144,Heritage Travel Wallet – Sand,"The Heritage Travel Wallet from Northwind Apparel, crafted in vegan leather, slim, refined, and made to last. Shown in Sand.",https://livgpt.vercel.app/?merchant=northwind-apparel&product=NA-WALL-0144,Northwind Studio,,NA-WALL-0144,https://livgpt.vercel.app/mock-catalog/images/northwind-apparel/NA-WALL-0144.jpg,,,,new,Apparel & Accessories > Clothing Accessories,Accessories > Small Leather Goods,adult,Vegan Leather,8 in,6 in,4 in,1.05 lb,NA-WALL-GRP-005,Small Leather Goods,Sand,,,unisex,in_stock,,,,187,68.05 USD,,,txcd_99999999,exclusive,,"US:ALL:Standard:3-5:0.00 USD,US:ALL:Expedited:1-2:9.99 USD",US:ALL:Standard:50.00 USD,
NA-WALL-0145,Everyday Leather Belt – Blush Pink,"The Everyday Leather Belt from Northwind Apparel, crafted in full-grain leather, slim, refined, and made to last. Shown in Blush Pink.",https://livgpt.vercel.app/?merchant=northwind-apparel&product=NA-WALL-0145,NW Active,,NA-WALL-0145,https://livgpt.vercel.app/mock-catalog/images/northwind-apparel/NA-WALL-0145.jpg,,,,new,Apparel & Accessories > Clothing Accessories,Accessories > Small Leather Goods,adult,Full-Grain Leather,8 in,6 in,4 in,0.93 lb,NA-WALL-GRP-005,Small Leather Goods,Blush Pink,,,unisex,in_stock,,,,132,38.23 USD,,,txcd_99999999,exclusive,,"US:ALL:Standard:3-5:0.00 USD,US:ALL:Expedited:1-2:9.99 USD",US:ALL:Standard:50.00 USD,
NA-WALL-0146,Terra Bifold Wallet – Slate Gray,"The Terra Bifold Wallet from Northwind Apparel, crafted in vegan leather, slim, refined, and made to last. Shown in Slate Gray.",https://livgpt.vercel.app/?merchant=northwind-apparel&product=NA-WALL-0146,NW Active,,NA-WALL-0146,https://livgpt.vercel.app/mock-catalog/images/northwind-apparel/NA-WALL-0146.jpg,,,,new,Apparel & Accessories > Clothing Accessories,Accessories > Small Leather Goods,adult,Vegan Leather,8 in,6 in,4 in,0.99 lb,NA-WALL-GRP-006,Small Leather Goods,Slate Gray,,,unisex,in_stock,,,,39,62.96 USD,,,txcd_99999999,exclusive,,"US:ALL:Standard:3-5:0.00 USD,US:ALL:Expedited:1-2:9.99 USD",US:ALL:Standard:50.00 USD,
NA-WALL-0147,Studio Leather Belt – Charcoal,"The Studio Leather Belt from Northwind Apparel, crafted in vegan leather, slim, refined, and made to last. Shown in Charcoal.",https://livgpt.vercel.app/?merchant=northwind-apparel&product=NA-WALL-0147,Northwind Studio,,NA-WALL-0147,https://livgpt.vercel.app/mock-catalog/images/northwind-apparel/NA-WALL-0147.jpg,,,,new,Apparel & Accessories > Clothing Accessories,Accessories > Small Leather Goods,adult,Vegan Leather,8 in,6 in,4 in,1.1 lb,NA-WALL-GRP-006,Small Leather Goods,Charcoal,,,unisex,in_stock,,,,153,73.55 USD,,,txcd_99999999,exclusive,,"US:ALL:Standard:3-5:0.00 USD,US:ALL:Expedited:1-2:9.99 USD",US:ALL:Standard:50.00 USD,
NA-WALL-0148,Luxe Leather Belt – Navy,"The Luxe Leather Belt from Northwind Apparel, crafted in full-grain leather, slim, refined, and made to last. Shown in Navy.",https://livgpt.vercel.app/?merchant=northwind-apparel&product=NA-WALL-0148,Northwind Studio,,NA-WALL-0148,https://livgpt.vercel.app/mock-catalog/images/northwind-apparel/NA-WALL-0148.jpg,,,,new,Apparel & Accessories > Clothing Accessories,Accessories > Small Leather Goods,adult,Full-Grain Leather,8 in,6 in,4 in,0.93 lb,NA-WALL-GRP-007,Small Leather Goods,Navy,,,unisex,in_stock,,,,166,69.47 USD,,,txcd_99999999,exclusive,,"US:ALL:Standard:3-5:0.00 USD,US:ALL:Expedited:1-2:9.99 USD",US:ALL:Standard:50.00 USD,
NA-WALL-0149,Essential Card Holder – Black,"The Essential Card Holder from Northwind Apparel, crafted in vegan leather, slim, refined, and made to last. Shown in Black.",https://livgpt.vercel.app/?merchant=northwind-apparel&product=NA-WALL-0149,NW Active,,NA-WALL-0149,https://livgpt.vercel.app/mock-catalog/images/northwind-apparel/NA-WALL-0149.jpg,,,,new,Apparel & Accessories > Clothing Accessories,Accessories > Small Leather Goods,adult,Vegan Leather,8 in,6 in,4 in,0.95 lb,NA-WALL-GRP-007,Small Leather Goods,Black,,,unisex,in_stock,,,,212,47.05 USD,37.75 USD,2026-07-01/2026-12-31,txcd_99999999,exclusive,,"US:ALL:Standard:3-5:0.00 USD,US:ALL:Expedited:1-2:9.99 USD",US:ALL:Standard:50.00 USD,
NA-WALL-0150,Trail Bifold Wallet – Cream,"The Trail Bifold Wallet from Northwind Apparel, crafted in vegan leather, slim, refined, and made to last. Shown in Cream.",https://livgpt.vercel.app/?merchant=northwind-apparel&product=NA-WALL-0150,NW Active,,NA-WALL-0150,https://livgpt.vercel.app/mock-catalog/images/northwind-apparel/NA-WALL-0150.jpg,,,,new,Apparel & Accessories > Clothing Accessories,Accessories > Small Leather Goods,adult,Vegan Leather,8 in,6 in,4 in,1.02 lb,NA-WALL-GRP-008,Small Leather Goods,Cream,,,unisex,in_stock,,,,58,67.27 USD,,,txcd_99999999,exclusive,,"US:ALL:Standard:3-5:0.00 USD,US:ALL:Expedited:1-2:9.99 USD",US:ALL:Standard:50.00 USD,
NA-TSHI-0151,Pro Pocket Tee – Forest Green,"The Pro Pocket Tee from Northwind Apparel, crafted in organic cotton, for an easy, everyday layer that pairs with anything. Shown in Forest Green.",https://livgpt.vercel.app/?merchant=northwind-apparel&product=NA-TSHI-0151,NW Active,,NA-TSHI-0151,https://livgpt.vercel.app/mock-catalog/images/northwind-apparel/NA-TSHI-0151.jpg,,,,new,Apparel & Accessories > Clothing > Shirts & Tops,Apparel > Tops > T-Shirts,adult,Organic Cotton,12 in,10 in,2 in,0.97 lb,NA-TSHI-GRP-008,T-Shirts,Forest Green,XXL,US,unisex,in_stock,,,,228,32.34 USD,,,txcd_99999999,exclusive,,"US:ALL:Standard:3-5:0.00 USD,US:ALL:Expedited:1-2:9.99 USD",US:ALL:Standard:50.00 USD,
NA-TSHI-0152,Heritage Crew Tee – Blush Pink,"The Heritage Crew Tee from Northwind Apparel, crafted in cotton blend, for an easy, everyday layer that pairs with anything. Shown in Blush Pink.",https://livgpt.vercel.app/?merchant=northwind-apparel&product=NA-TSHI-0152,NW Active,,NA-TSHI-0152,https://livgpt.vercel.app/mock-catalog/images/northwind-apparel/NA-TSHI-0152.jpg,,,,new,Apparel & Accessories > Clothing > Shirts & Tops,Apparel > Tops > T-Shirts,adult,Cotton Blend,12 in,10 in,2 in,0.96 lb,NA-TSHI-GRP-009,T-Shirts,Blush Pink,XL,US,unisex,in_stock,,,,226,21.02 USD,,,txcd_99999999,exclusive,,"US:ALL:Standard:3-5:0.00 USD,US:ALL:Expedited:1-2:9.99 USD",US:ALL:Standard:50.00 USD,
NA-TSHI-0153,Pro Long-Sleeve Tee – Charcoal,"The Pro Long-Sleeve Tee from Northwind Apparel, crafted in organic cotton, for an easy, everyday layer that pairs with anything. Shown in Charcoal.",https://livgpt.vercel.app/?merchant=northwind-apparel&product=NA-TSHI-0153,Northwind,,NA-TSHI-0153,https://livgpt.vercel.app/mock-catalog/images/northwind-apparel/NA-TSHI-0153.jpg,,,,new,Apparel & Accessories > Clothing > Shirts & Tops,Apparel > Tops > T-Shirts,adult,Organic Cotton,12 in,10 in,2 in,0.98 lb,NA-TSHI-GRP-009,T-Shirts,Charcoal,XS,US,unisex,in_stock,,,,11,22.67 USD,,,txcd_99999999,exclusive,,"US:ALL:Standard:3-5:0.00 USD,US:ALL:Expedited:1-2:9.99 USD",US:ALL:Standard:50.00 USD,
NA-TSHI-0154,Rugged Pocket Tee – Olive,"The Rugged Pocket Tee from Northwind Apparel, crafted in organic cotton, for an easy, everyday layer that pairs with anything. Shown in Olive.",https://livgpt.vercel.app/?merchant=northwind-apparel&product=NA-TSHI-0154,Northwind,,NA-TSHI-0154,https://livgpt.vercel.app/mock-catalog/images/northwind-apparel/NA-TSHI-0154.jpg,,,,new,Apparel & Accessories > Clothing > Shirts & Tops,Apparel > Tops > T-Shirts,adult,Organic Cotton,12 in,10 in,2 in,0.83 lb,NA-TSHI-GRP-010,T-Shirts,Olive,XS,US,unisex,in_stock,,,,61,18.80 USD,,,txcd_99999999,exclusive,,"US:ALL:Standard:3-5:0.00 USD,US:ALL:Expedited:1-2:9.99 USD",US:ALL:Standard:50.00 USD,
NA-TSHI-0155,Coastal Crew Tee – Slate Gray,"The Coastal Crew Tee from Northwind Apparel, crafted in organic cotton, for an easy, everyday layer that pairs with anything. Shown in Slate Gray.",https://livgpt.vercel.app/?merchant=northwind-apparel&product=NA-TSHI-0155,NW Active,,NA-TSHI-0155,https://livgpt.vercel.app/mock-catalog/images/northwind-apparel/NA-TSHI-0155.jpg,,,,new,Apparel & Accessories > Clothing > Shirts & Tops,Apparel > Tops > T-Shirts,adult,Organic Cotton,12 in,10 in,2 in,0.95 lb,NA-TSHI-GRP-010,T-Shirts,Slate Gray,XXL,US,unisex,in_stock,,,,236,40.31 USD,,,txcd_99999999,exclusive,,"US:ALL:Standard:3-5:0.00 USD,US:ALL:Expedited:1-2:9.99 USD",US:ALL:Standard:50.00 USD,
NA-TSHI-0156,Classic Crew Tee – Navy,"The Classic Crew Tee from Northwind Apparel, crafted in cotton blend, for an easy, everyday layer that pairs with anything. Shown in Navy.",https://livgpt.vercel.app/?merchant=northwind-apparel&product=NA-TSHI-0156,Northwind Studio,,NA-TSHI-0156,https://livgpt.vercel.app/mock-catalog/images/northwind-apparel/NA-TSHI-0156.jpg,,,,new,Apparel & Accessories > Clothing > Shirts & Tops,Apparel > Tops > T-Shirts,adult,Cotton Blend,12 in,10 in,2 in,0.85 lb,NA-TSHI-GRP-011,T-Shirts,Navy,XS,US,unisex,in_stock,,,,159,19.92 USD,,,txcd_99999999,exclusive,,"US:ALL:Standard:3-5:0.00 USD,US:ALL:Expedited:1-2:9.99 USD",US:ALL:Standard:50.00 USD,
NA-TSHI-0157,Classic Henley – Slate Gray,"The Classic Henley from Northwind Apparel, crafted in linen, for an easy, everyday layer that pairs with anything. Shown in Slate Gray.",https://livgpt.vercel.app/?merchant=northwind-apparel&product=NA-TSHI-0157,NW Active,,NA-TSHI-0157,https://livgpt.vercel.app/mock-catalog/images/northwind-apparel/NA-TSHI-0157.jpg,,,,new,Apparel & Accessories > Clothing > Shirts & Tops,Apparel > Tops > T-Shirts,adult,Linen,12 in,10 in,2 in,0.83 lb,NA-TSHI-GRP-011,T-Shirts,Slate Gray,XL,US,unisex,in_stock,,,,247,31.89 USD,,,txcd_99999999,exclusive,,"US:ALL:Standard:3-5:0.00 USD,US:ALL:Expedited:1-2:9.99 USD",US:ALL:Standard:50.00 USD,
NA-TSHI-0158,Coastal Henley – Blush Pink,"The Coastal Henley from Northwind Apparel, crafted in linen, for an easy, everyday layer that pairs with anything. Shown in Blush Pink.",https://livgpt.vercel.app/?merchant=northwind-apparel&product=NA-TSHI-0158,Northwind Studio,,NA-TSHI-0158,https://livgpt.vercel.app/mock-catalog/images/northwind-apparel/NA-TSHI-0158.jpg,,,,new,Apparel & Accessories > Clothing > Shirts & Tops,Apparel > Tops > T-Shirts,adult,Linen,12 in,10 in,2 in,0.9 lb,NA-TSHI-GRP-012,T-Shirts,Blush Pink,L,US,unisex,in_stock,,,,147,30.53 USD,,,txcd_99999999,exclusive,,"US:ALL:Standard:3-5:0.00 USD,US:ALL:Expedited:1-2:9.99 USD",US:ALL:Standard:50.00 USD,
NA-TSHI-0159,Modern Henley – Blush Pink,"The Modern Henley from Northwind Apparel, crafted in organic cotton, for an easy, everyday layer that pairs with anything. Shown in Blush Pink.",https://livgpt.vercel.app/?merchant=northwind-apparel&product=NA-TSHI-0159,Northwind,,NA-TSHI-0159,https://livgpt.vercel.app/mock-catalog/images/northwind-apparel/NA-TSHI-0159.jpg,,,,new,Apparel & Accessories > Clothing > Shirts & Tops,Apparel > Tops > T-Shirts,adult,Organic Cotton,12 in,10 in,2 in,0.93 lb,NA-TSHI-GRP-012,T-Shirts,Blush Pink,XL,US,unisex,in_stock,,,,56,39.57 USD,,,txcd_99999999,exclusive,,"US:ALL:Standard:3-5:0.00 USD,US:ALL:Expedited:1-2:9.99 USD",US:ALL:Standard:50.00 USD,
NA-TSHI-0160,Rugged V-Neck Tee – Black,"The Rugged V-Neck Tee from Northwind Apparel, crafted in cotton blend, for an easy, everyday layer that pairs with anything. Shown in Black.",https://livgpt.vercel.app/?merchant=northwind-apparel&product=NA-TSHI-0160,Northwind Studio,,NA-TSHI-0160,https://livgpt.vercel.app/mock-catalog/images/northwind-apparel/NA-TSHI-0160.jpg,,,,new,Apparel & Accessories > Clothing > Shirts & Tops,Apparel > Tops > T-Shirts,adult,Cotton Blend,12 in,10 in,2 in,0.99 lb,NA-TSHI-GRP-013,T-Shirts,Black,XL,US,unisex,in_stock,,,,34,19.73 USD,15.90 USD,2026-07-01/2026-12-31,txcd_99999999,exclusive,,"US:ALL:Standard:3-5:0.00 USD,US:ALL:Expedited:1-2:9.99 USD",US:ALL:Standard:50.00 USD,
NA-HOOD-0161,Featherlight Fleece Hoodie – Navy,"The Featherlight Fleece Hoodie from Northwind Apparel, crafted in brushed fleece, for weekend comfort with a modern fit. Shown in Navy.",https://livgpt.vercel.app/?merchant=northwind-apparel&product=NA-HOOD-0161,Northwind,,NA-HOOD-0161,https://livgpt.vercel.app/mock-catalog/images/northwind-apparel/NA-HOOD-0161.jpg,,,,new,Apparel & Accessories > Clothing > Outerwear,Apparel > Tops > Hoodies,adult,Brushed Fleece,13 in,11 in,3 in,1.73 lb,NA-HOOD-GRP-008,Hoodies,Navy,M,US,unisex,in_stock,,,,23,48.53 USD,41.61 USD,2026-07-01/2026-12-31,txcd_99999999,exclusive,,"US:ALL:Standard:3-5:0.00 USD,US:ALL:Expedited:1-2:9.99 USD",US:ALL:Standard:50.00 USD,
NA-HOOD-0162,Nova Crewneck Sweatshirt – Olive,"The Nova Crewneck Sweatshirt from Northwind Apparel, crafted in cotton blend, for weekend comfort with a modern fit. Shown in Olive.",https://livgpt.vercel.app/?merchant=northwind-apparel&product=NA-HOOD-0162,Northwind Studio,,NA-HOOD-0162,https://livgpt.vercel.app/mock-catalog/images/northwind-apparel/NA-HOOD-0162.jpg,,,,new,Apparel & Accessories > Clothing > Outerwear,Apparel > Tops > Hoodies,adult,Cotton Blend,13 in,11 in,3 in,1.87 lb,NA-HOOD-GRP-009,Hoodies,Olive,S,US,unisex,in_stock,,,,150,50.26 USD,,,txcd_99999999,exclusive,,"US:ALL:Standard:3-5:0.00 USD,US:ALL:Expedited:1-2:9.99 USD",US:ALL:Standard:50.00 USD,
NA-HOOD-0163,Pro Crewneck Sweatshirt – Charcoal,"The Pro Crewneck Sweatshirt from Northwind Apparel, crafted in french terry, for weekend comfort with a modern fit. Shown in Charcoal.",https://livgpt.vercel.app/?merchant=northwind-apparel&product=NA-HOOD-0163,Northwind,,NA-HOOD-0163,https://livgpt.vercel.app/mock-catalog/images/northwind-apparel/NA-HOOD-0163.jpg,,,,new,Apparel & Accessories > Clothing > Outerwear,Apparel > Tops > Hoodies,adult,French Terry,13 in,11 in,3 in,1.69 lb,NA-HOOD-GRP-009,Hoodies,Charcoal,S,US,unisex,in_stock,,,,74,92.39 USD,,,txcd_99999999,exclusive,,"US:ALL:Standard:3-5:0.00 USD,US:ALL:Expedited:1-2:9.99 USD",US:ALL:Standard:50.00 USD,
NA-HOOD-0164,Classic Zip Hoodie – Terracotta,"The Classic Zip Hoodie from Northwind Apparel, crafted in french terry, for weekend comfort with a modern fit. Shown in Terracotta.",https://livgpt.vercel.app/?merchant=northwind-apparel&product=NA-HOOD-0164,Northwind Studio,,NA-HOOD-0164,https://livgpt.vercel.app/mock-catalog/images/northwind-apparel/NA-HOOD-0164.jpg,,,,new,Apparel & Accessories > Clothing > Outerwear,Apparel > Tops > Hoodies,adult,French Terry,13 in,11 in,3 in,1.8 lb,NA-HOOD-GRP-010,Hoodies,Terracotta,XS,US,unisex,in_stock,,,,228,58.30 USD,,,txcd_99999999,exclusive,,"US:ALL:Standard:3-5:0.00 USD,US:ALL:Expedited:1-2:9.99 USD",US:ALL:Standard:50.00 USD,
NA-HOOD-0165,Minimalist Fleece Hoodie – Blush Pink,"The Minimalist Fleece Hoodie from Northwind Apparel, crafted in brushed fleece, for weekend comfort with a modern fit. Shown in Blush Pink.",https://livgpt.vercel.app/?merchant=northwind-apparel&product=NA-HOOD-0165,Northwind Studio,,NA-HOOD-0165,https://livgpt.vercel.app/mock-catalog/images/northwind-apparel/NA-HOOD-0165.jpg,,,,new,Apparel & Accessories > Clothing > Outerwear,Apparel > Tops > Hoodies,adult,Brushed Fleece,13 in,11 in,3 in,1.82 lb,NA-HOOD-GRP-010,Hoodies,Blush Pink,L,US,unisex,in_stock,,,,139,96.51 USD,,,txcd_99999999,exclusive,,"US:ALL:Standard:3-5:0.00 USD,US:ALL:Expedited:1-2:9.99 USD",US:ALL:Standard:50.00 USD,
NA-HOOD-0166,Featherlight Zip Hoodie – Slate Gray,"The Featherlight Zip Hoodie from Northwind Apparel, crafted in cotton blend, for weekend comfort with a modern fit. Shown in Slate Gray.",https://livgpt.vercel.app/?merchant=northwind-apparel&product=NA-HOOD-0166,NW Active,,NA-HOOD-0166,https://livgpt.vercel.app/mock-catalog/images/northwind-apparel/NA-HOOD-0166.jpg,,,,new,Apparel & Accessories > Clothing > Outerwear,Apparel > Tops > Hoodies,adult,Cotton Blend,13 in,11 in,3 in,1.85 lb,NA-HOOD-GRP-011,Hoodies,Slate Gray,XXL,US,unisex,in_stock,,,,135,75.70 USD,60.47 USD,2026-07-01/2026-12-31,txcd_99999999,exclusive,,"US:ALL:Standard:3-5:0.00 USD,US:ALL:Expedited:1-2:9.99 USD",US:ALL:Standard:50.00 USD,
NA-HOOD-0167,Alpine Zip Hoodie – Navy,"The Alpine Zip Hoodie from Northwind Apparel, crafted in cotton blend, for weekend comfort with a modern fit. Shown in Navy.",https://livgpt.vercel.app/?merchant=northwind-apparel&product=NA-HOOD-0167,NW Active,,NA-HOOD-0167,https://livgpt.vercel.app/mock-catalog/images/northwind-apparel/NA-HOOD-0167.jpg,,,,new,Apparel & Accessories > Clothing > Outerwear,Apparel > Tops > Hoodies,adult,Cotton Blend,13 in,11 in,3 in,1.93 lb,NA-HOOD-GRP-011,Hoodies,Navy,XS,US,unisex,in_stock,,,,95,93.63 USD,,,txcd_99999999,exclusive,,"US:ALL:Standard:3-5:0.00 USD,US:ALL:Expedited:1-2:9.99 USD",US:ALL:Standard:50.00 USD,
NA-HOOD-0168,Urban Zip Hoodie – Burgundy,"The Urban Zip Hoodie from Northwind Apparel, crafted in cotton blend, for weekend comfort with a modern fit. Shown in Burgundy.",https://livgpt.vercel.app/?merchant=northwind-apparel&product=NA-HOOD-0168,Northwind,,NA-HOOD-0168,https://livgpt.vercel.app/mock-catalog/images/northwind-apparel/NA-HOOD-0168.jpg,,,,new,Apparel & Accessories > Clothing > Outerwear,Apparel > Tops > Hoodies,adult,Cotton Blend,13 in,11 in,3 in,1.98 lb,NA-HOOD-GRP-012,Hoodies,Burgundy,XXL,US,unisex,in_stock,,,,217,79.62 USD,,,txcd_99999999,exclusive,,"US:ALL:Standard:3-5:0.00 USD,US:ALL:Expedited:1-2:9.99 USD",US:ALL:Standard:50.00 USD,
NA-HOOD-0169,Coastal Crewneck Sweatshirt – Charcoal,"The Coastal Crewneck Sweatshirt from Northwind Apparel, crafted in french terry, for weekend comfort with a modern fit. Shown in Charcoal.",https://livgpt.vercel.app/?merchant=northwind-apparel&product=NA-HOOD-0169,Northwind,,NA-HOOD-0169,https://livgpt.vercel.app/mock-catalog/images/northwind-apparel/NA-HOOD-0169.jpg,,,,new,Apparel & Accessories > Clothing > Outerwear,Apparel > Tops > Hoodies,adult,French Terry,13 in,11 in,3 in,1.75 lb,NA-HOOD-GRP-012,Hoodies,Charcoal,XXL,US,unisex,in_stock,,,,225,73.92 USD,,,txcd_99999999,exclusive,,"US:ALL:Standard:3-5:0.00 USD,US:ALL:Expedited:1-2:9.99 USD",US:ALL:Standard:50.00 USD,
NA-HOOD-0170,Pro Pullover Hoodie – Sky Blue,"The Pro Pullover Hoodie from Northwind Apparel, crafted in french terry, for weekend comfort with a modern fit. Shown in Sky Blue.",https://livgpt.vercel.app/?merchant=northwind-apparel&product=NA-HOOD-0170,Northwind Studio,,NA-HOOD-0170,https://livgpt.vercel.app/mock-catalog/images/northwind-apparel/NA-HOOD-0170.jpg,,,,new,Apparel & Accessories > Clothing > Outerwear,Apparel > Tops > Hoodies,adult,French Terry,13 in,11 in,3 in,1.62 lb,NA-HOOD-GRP-013,Hoodies,Sky Blue,S,US,unisex,in_stock,,,,152,77.63 USD,60.14 USD,2026-07-01/2026-12-31,txcd_99999999,exclusive,,"US:ALL:Standard:3-5:0.00 USD,US:ALL:Expedited:1-2:9.99 USD",US:ALL:Standard:50.00 USD,
NA-ACTI-0171,Terra Track Jacket – Burgundy,"The Terra Track Jacket from Northwind Apparel, crafted in recycled poly, built to move with breathable, quick-dry performance. Shown in Burgundy.",https://livgpt.vercel.app/?merchant=northwind-apparel&product=NA-ACTI-0171,Northwind,,NA-ACTI-0171,https://livgpt.vercel.app/mock-catalog/images/northwind-apparel/NA-ACTI-0171.jpg,,,,new,Apparel & Accessories > Clothing > Activewear,Apparel > Activewear,adult,Recycled Poly,12 in,10 in,2 in,0.9 lb,NA-ACTI-GRP-008,Activewear,Burgundy,XL,US,unisex,in_stock,,,,240,62.05 USD,,,txcd_99999999,exclusive,,"US:ALL:Standard:3-5:0.00 USD,US:ALL:Expedited:1-2:9.99 USD",US:ALL:Standard:50.00 USD,
NA-ACTI-0172,Pro Track Jacket – Navy,"The Pro Track Jacket from Northwind Apparel, crafted in moisture-wick knit, built to move with breathable, quick-dry performance. Shown in Navy.",https://livgpt.vercel.app/?merchant=northwind-apparel&product=NA-ACTI-0172,Northwind,,NA-ACTI-0172,https://livgpt.vercel.app/mock-catalog/images/northwind-apparel/NA-ACTI-0172.jpg,,,,new,Apparel & Accessories > Clothing > Activewear,Apparel > Activewear,adult,Moisture-Wick Knit,12 in,10 in,2 in,1.09 lb,NA-ACTI-GRP-009,Activewear,Navy,XL,US,unisex,in_stock,,,,105,74.88 USD,59.46 USD,2026-07-01/2026-12-31,txcd_99999999,exclusive,,"US:ALL:Standard:3-5:0.00 USD,US:ALL:Expedited:1-2:9.99 USD",US:ALL:Standard:50.00 USD,
NA-ACTI-0173,Rugged Training Shorts – Charcoal,"The Rugged Training Shorts from Northwind Apparel, crafted in moisture-wick knit, built to move with breathable, quick-dry performance. Shown in Charcoal.",https://livgpt.vercel.app/?merchant=northwind-apparel&product=NA-ACTI-0173,Northwind,,NA-ACTI-0173,https://livgpt.vercel.app/mock-catalog/images/northwind-apparel/NA-ACTI-0173.jpg,,,,new,Apparel & Accessories > Clothing > Activewear,Apparel > Activewear,adult,Moisture-Wick Knit,12 in,10 in,2 in,1.0 lb,NA-ACTI-GRP-009,Activewear,Charcoal,XS,US,unisex,in_stock,,,,20,85.73 USD,69.74 USD,2026-07-01/2026-12-31,txcd_99999999,exclusive,,"US:ALL:Standard:3-5:0.00 USD,US:ALL:Expedited:1-2:9.99 USD",US:ALL:Standard:50.00 USD,
NA-ACTI-0174,Alpine Training Shorts – Terracotta,"The Alpine Training Shorts from Northwind Apparel, crafted in recycled poly, built to move with breathable, quick-dry performance. Shown in Terracotta.",https://livgpt.vercel.app/?merchant=northwind-apparel&product=NA-ACTI-0174,NW Active,,NA-ACTI-0174,https://livgpt.vercel.app/mock-catalog/images/northwind-apparel/NA-ACTI-0174.jpg,,,,new,Apparel & Accessories > Clothing > Activewear,Apparel > Activewear,adult,Recycled Poly,12 in,10 in,2 in,0.98 lb,NA-ACTI-GRP-010,Activewear,Terracotta,S,US,unisex,in_stock,,,,171,48.06 USD,,,txcd_99999999,exclusive,,"US:ALL:Standard:3-5:0.00 USD,US:ALL:Expedited:1-2:9.99 USD",US:ALL:Standard:50.00 USD,
NA-ACTI-0175,Urban Performance Tee – Black,"The Urban Performance Tee from Northwind Apparel, crafted in recycled poly, built to move with breathable, quick-dry performance. Shown in Black.",https://livgpt.vercel.app/?merchant=northwind-apparel&product=NA-ACTI-0175,Northwind Studio,,NA-ACTI-0175,https://livgpt.vercel.app/mock-catalog/images/northwind-apparel/NA-ACTI-0175.jpg,,,,new,Apparel & Accessories > Clothing > Activewear,Apparel > Activewear,adult,Recycled Poly,12 in,10 in,2 in,0.96 lb,NA-ACTI-GRP-010,Activewear,Black,XXL,US,unisex,in_stock,,,,186,51.91 USD,,,txcd_99999999,exclusive,,"US:ALL:Standard:3-5:0.00 USD,US:ALL:Expedited:1-2:9.99 USD",US:ALL:Standard:50.00 USD,
NA-ACTI-0176,Everyday Performance Tee – Blush Pink,"The Everyday Performance Tee from Northwind Apparel, crafted in moisture-wick knit, built to move with breathable, quick-dry performance. Shown in Blush Pink.",https://livgpt.vercel.app/?merchant=northwind-apparel&product=NA-ACTI-0176,Northwind,,NA-ACTI-0176,https://livgpt.vercel.app/mock-catalog/images/northwind-apparel/NA-ACTI-0176.jpg,,,,new,Apparel & Accessories > Clothing > Activewear,Apparel > Activewear,adult,Moisture-Wick Knit,12 in,10 in,2 in,1.02 lb,NA-ACTI-GRP-011,Activewear,Blush Pink,S,US,unisex,in_stock,,,,216,47.18 USD,,,txcd_99999999,exclusive,,"US:ALL:Standard:3-5:0.00 USD,US:ALL:Expedited:1-2:9.99 USD",US:ALL:Standard:50.00 USD,
NA-ACTI-0177,Urban Training Shorts – Forest Green,"The Urban Training Shorts from Northwind Apparel, crafted in recycled poly, built to move with breathable, quick-dry performance. Shown in Forest Green.",https://livgpt.vercel.app/?merchant=northwind-apparel&product=NA-ACTI-0177,Northwind,,NA-ACTI-0177,https://livgpt.vercel.app/mock-catalog/images/northwind-apparel/NA-ACTI-0177.jpg,,,,new,Apparel & Accessories > Clothing > Activewear,Apparel > Activewear,adult,Recycled Poly,12 in,10 in,2 in,1.09 lb,NA-ACTI-GRP-011,Activewear,Forest Green,L,US,unisex,in_stock,,,,84,82.37 USD,,,txcd_99999999,exclusive,,"US:ALL:Standard:3-5:0.00 USD,US:ALL:Expedited:1-2:9.99 USD",US:ALL:Standard:50.00 USD,
NA-ACTI-0178,Urban Track Jacket – Slate Gray,"The Urban Track Jacket from Northwind Apparel, crafted in recycled poly, built to move with breathable, quick-dry performance. Shown in Slate Gray.",https://livgpt.vercel.app/?merchant=northwind-apparel&product=NA-ACTI-0178,Northwind Studio,,NA-ACTI-0178,https://livgpt.vercel.app/mock-catalog/images/northwind-apparel/NA-ACTI-0178.jpg,,,,new,Apparel & Accessories > Clothing > Activewear,Apparel > Activewear,adult,Recycled Poly,12 in,10 in,2 in,1.03 lb,NA-ACTI-GRP-012,Activewear,Slate Gray,L,US,unisex,in_stock,,,,115,38.58 USD,,,txcd_99999999,exclusive,,"US:ALL:Standard:3-5:0.00 USD,US:ALL:Expedited:1-2:9.99 USD",US:ALL:Standard:50.00 USD,
NA-ACTI-0179,Featherlight Jogger Pants – Terracotta,"The Featherlight Jogger Pants from Northwind Apparel, crafted in recycled poly, built to move with breathable, quick-dry performance. Shown in Terracotta.",https://livgpt.vercel.app/?merchant=northwind-apparel&product=NA-ACTI-0179,Northwind,,NA-ACTI-0179,https://livgpt.vercel.app/mock-catalog/images/northwind-apparel/NA-ACTI-0179.jpg,,,,new,Apparel & Accessories > Clothing > Activewear,Apparel > Activewear,adult,Recycled Poly,12 in,10 in,2 in,0.91 lb,NA-ACTI-GRP-012,Activewear,Terracotta,L,US,unisex,in_stock,,,,32,78.71 USD,,,txcd_99999999,exclusive,,"US:ALL:Standard:3-5:0.00 USD,US:ALL:Expedited:1-2:9.99 USD",US:ALL:Standard:50.00 USD,
NA-ACTI-0180,Aero Training Shorts – Olive,"The Aero Training Shorts from Northwind Apparel, crafted in recycled poly, built to move with breathable, quick-dry performance. Shown in Olive.",https://livgpt.vercel.app/?merchant=northwind-apparel&product=NA-ACTI-0180,Northwind Studio,,NA-ACTI-0180,https://livgpt.vercel.app/mock-catalog/images/northwind-apparel/NA-ACTI-0180.jpg,,,,new,Apparel & Accessories > Clothing > Activewear,Apparel > Activewear,adult,Recycled Poly,12 in,10 in,2 in,1.08 lb,NA-ACTI-GRP-013,Activewear,Olive,XL,US,unisex,in_stock,,,,25,63.61 USD,,,txcd_99999999,exclusive,,"US:ALL:Standard:3-5:0.00 USD,US:ALL:Expedited:1-2:9.99 USD",US:ALL:Standard:50.00 USD,
NA-HATS-0181,Featherlight Beanie – Black,"The Featherlight Beanie from Northwind Apparel, crafted in knit, to top off any look, sun or shade. Shown in Black.",https://livgpt.vercel.app/?merchant=northwind-apparel&product=NA-HATS-0181,Northwind Studio,,NA-HATS-0181,https://livgpt.vercel.app/mock-catalog/images/northwind-apparel/NA-HATS-0181.jpg,,,,new,Apparel & Accessories > Clothing Accessories > Hats,Accessories > Hats,adult,Knit,10 in,9 in,5 in,0.47 lb,NA-HATS-GRP-008,Hats,Black,,,unisex,in_stock,,,,231,23.05 USD,,,txcd_99999999,exclusive,,"US:ALL:Standard:3-5:0.00 USD,US:ALL:Expedited:1-2:9.99 USD",US:ALL:Standard:50.00 USD,
NA-HATS-0182,Trail Dad Cap – Burgundy,"The Trail Dad Cap from Northwind Apparel, crafted in knit, to top off any look, sun or shade. Shown in Burgundy.",https://livgpt.vercel.app/?merchant=northwind-apparel&product=NA-HATS-0182,NW Active,,NA-HATS-0182,https://livgpt.vercel.app/mock-catalog/images/northwind-apparel/NA-HATS-0182.jpg,,,,new,Apparel & Accessories > Clothing Accessories > Hats,Accessories > Hats,adult,Knit,10 in,9 in,5 in,0.54 lb,NA-HATS-GRP-009,Hats,Burgundy,,,unisex,in_stock,,,,214,19.33 USD,,,txcd_99999999,exclusive,,"US:ALL:Standard:3-5:0.00 USD,US:ALL:Expedited:1-2:9.99 USD",US:ALL:Standard:50.00 USD,
NA-HATS-0183,Urban Bucket Hat – Olive,"The Urban Bucket Hat from Northwind Apparel, crafted in knit, to top off any look, sun or shade. Shown in Olive.",https://livgpt.vercel.app/?merchant=northwind-apparel&product=NA-HATS-0183,NW Active,,NA-HATS-0183,https://livgpt.vercel.app/mock-catalog/images/northwind-apparel/NA-HATS-0183.jpg,,,,new,Apparel & Accessories > Clothing Accessories > Hats,Accessories > Hats,adult,Knit,10 in,9 in,5 in,0.55 lb,NA-HATS-GRP-009,Hats,Olive,,,unisex,in_stock,,,,112,22.32 USD,18.79 USD,2026-07-01/2026-12-31,txcd_99999999,exclusive,,"US:ALL:Standard:3-5:0.00 USD,US:ALL:Expedited:1-2:9.99 USD",US:ALL:Standard:50.00 USD,
NA-HATS-0184,Signature Beanie – Sky Blue,"The Signature Beanie from Northwind Apparel, crafted in cotton twill, to top off any look, sun or shade. Shown in Sky Blue.",https://livgpt.vercel.app/?merchant=northwind-apparel&product=NA-HATS-0184,NW Active,,NA-HATS-0184,https://livgpt.vercel.app/mock-catalog/images/northwind-apparel/NA-HATS-0184.jpg,,,,new,Apparel & Accessories > Clothing Accessories > Hats,Accessories > Hats,adult,Cotton Twill,10 in,9 in,5 in,0.53 lb,NA-HATS-GRP-010,Hats,Sky Blue,,,unisex,in_stock,,,,156,29.23 USD,,,txcd_99999999,exclusive,,"US:ALL:Standard:3-5:0.00 USD,US:ALL:Expedited:1-2:9.99 USD",US:ALL:Standard:50.00 USD,
NA-HATS-0185,Pro Beanie – Burgundy,"The Pro Beanie from Northwind Apparel, crafted in knit, to top off any look, sun or shade. Shown in Burgundy.",https://livgpt.vercel.app/?merchant=northwind-apparel&product=NA-HATS-0185,Northwind Studio,,NA-HATS-0185,https://livgpt.vercel.app/mock-catalog/images/northwind-apparel/NA-HATS-0185.jpg,,,,new,Apparel & Accessories > Clothing Accessories > Hats,Accessories > Hats,adult,Knit,10 in,9 in,5 in,0.47 lb,NA-HATS-GRP-010,Hats,Burgundy,,,unisex,in_stock,,,,236,31.10 USD,23.70 USD,2026-07-01/2026-12-31,txcd_99999999,exclusive,,"US:ALL:Standard:3-5:0.00 USD,US:ALL:Expedited:1-2:9.99 USD",US:ALL:Standard:50.00 USD,
NA-HATS-0186,Luxe Beanie – Blush Pink,"The Luxe Beanie from Northwind Apparel, crafted in cotton twill, to top off any look, sun or shade. Shown in Blush Pink.",https://livgpt.vercel.app/?merchant=northwind-apparel&product=NA-HATS-0186,Northwind,,NA-HATS-0186,https://livgpt.vercel.app/mock-catalog/images/northwind-apparel/NA-HATS-0186.jpg,,,,new,Apparel & Accessories > Clothing Accessories > Hats,Accessories > Hats,adult,Cotton Twill,10 in,9 in,5 in,0.5 lb,NA-HATS-GRP-011,Hats,Blush Pink,,,unisex,in_stock,,,,247,23.11 USD,,,txcd_99999999,exclusive,,"US:ALL:Standard:3-5:0.00 USD,US:ALL:Expedited:1-2:9.99 USD",US:ALL:Standard:50.00 USD,
NA-HATS-0187,Heritage Bucket Hat – Slate Gray,"The Heritage Bucket Hat from Northwind Apparel, crafted in knit, to top off any look, sun or shade. Shown in Slate Gray.",https://livgpt.vercel.app/?merchant=northwind-apparel&product=NA-HATS-0187,Northwind,,NA-HATS-0187,https://livgpt.vercel.app/mock-catalog/images/northwind-apparel/NA-HATS-0187.jpg,,,,new,Apparel & Accessories > Clothing Accessories > Hats,Accessories > Hats,adult,Knit,10 in,9 in,5 in,0.48 lb,NA-HATS-GRP-011,Hats,Slate Gray,,,unisex,in_stock,,,,113,28.38 USD,,,txcd_99999999,exclusive,,"US:ALL:Standard:3-5:0.00 USD,US:ALL:Expedited:1-2:9.99 USD",US:ALL:Standard:50.00 USD,
NA-HATS-0188,Alpine Bucket Hat – White,"The Alpine Bucket Hat from Northwind Apparel, crafted in cotton twill, to top off any look, sun or shade. Shown in White.",https://livgpt.vercel.app/?merchant=northwind-apparel&product=NA-HATS-0188,NW Active,,NA-HATS-0188,https://livgpt.vercel.app/mock-catalog/images/northwind-apparel/NA-HATS-0188.jpg,,,,new,Apparel & Accessories > Clothing Accessories > Hats,Accessories > Hats,adult,Cotton Twill,10 in,9 in,5 in,0.52 lb,NA-HATS-GRP-012,Hats,White,,,unisex,in_stock,,,,181,19.56 USD,17.22 USD,2026-07-01/2026-12-31,txcd_99999999,exclusive,,"US:ALL:Standard:3-5:0.00 USD,US:ALL:Expedited:1-2:9.99 USD",US:ALL:Standard:50.00 USD,
NA-HATS-0189,Featherlight Trucker Hat – Terracotta,"The Featherlight Trucker Hat from Northwind Apparel, crafted in cotton twill, to top off any look, sun or shade. Shown in Terracotta.",https://livgpt.vercel.app/?merchant=northwind-apparel&product=NA-HATS-0189,NW Active,,NA-HATS-0189,https://livgpt.vercel.app/mock-catalog/images/northwind-apparel/NA-HATS-0189.jpg,,,,new,Apparel & Accessories > Clothing Accessories > Hats,Accessories > Hats,adult,Cotton Twill,10 in,9 in,5 in,0.48 lb,NA-HATS-GRP-012,Hats,Terracotta,,,unisex,in_stock,,,,103,22.31 USD,,,txcd_99999999,exclusive,,"US:ALL:Standard:3-5:0.00 USD,US:ALL:Expedited:1-2:9.99 USD",US:ALL:Standard:50.00 USD,
NA-HATS-0190,Signature Bucket Hat – Blush Pink,"The Signature Bucket Hat from Northwind Apparel, crafted in cotton twill, to top off any look, sun or shade. Shown in Blush Pink.",https://livgpt.vercel.app/?merchant=northwind-apparel&product=NA-HATS-0190,NW Active,,NA-HATS-0190,https://livgpt.vercel.app/mock-catalog/images/northwind-apparel/NA-HATS-0190.jpg,,,,new,Apparel & Accessories > Clothing Accessories > Hats,Accessories > Hats,adult,Cotton Twill,10 in,9 in,5 in,0.55 lb,NA-HATS-GRP-013,Hats,Blush Pink,,,unisex,in_stock,,,,184,27.38 USD,,,txcd_99999999,exclusive,,"US:ALL:Standard:3-5:0.00 USD,US:ALL:Expedited:1-2:9.99 USD",US:ALL:Standard:50.00 USD,
NA-SUNG-0191,Signature Round Sunglasses – Cream,"The Signature Round Sunglasses from Northwind Apparel, crafted in acetate, with UV400 protection and a timeless silhouette. Shown in Cream.",https://livgpt.vercel.app/?merchant=northwind-apparel&product=NA-SUNG-0191,Northwind,,NA-SUNG-0191,https://livgpt.vercel.app/mock-catalog/images/northwind-apparel/NA-SUNG-0191.jpg,,,,new,Apparel & Accessories > Clothing Accessories > Sunglasses,Accessories > Eyewear > Sunglasses,adult,Acetate,6 in,3 in,2 in,0.42 lb,NA-SUNG-GRP-008,Sunglasses,Cream,,,unisex,in_stock,,,,34,106.54 USD,,,txcd_99999999,exclusive,,"US:ALL:Standard:3-5:0.00 USD,US:ALL:Expedited:1-2:9.99 USD",US:ALL:Standard:50.00 USD,
NA-SUNG-0192,Coastal Round Sunglasses – Sky Blue,"The Coastal Round Sunglasses from Northwind Apparel, crafted in recycled frame, with UV400 protection and a timeless silhouette. Shown in Sky Blue.",https://livgpt.vercel.app/?merchant=northwind-apparel&product=NA-SUNG-0192,Northwind,,NA-SUNG-0192,https://livgpt.vercel.app/mock-catalog/images/northwind-apparel/NA-SUNG-0192.jpg,,,,new,Apparel & Accessories > Clothing Accessories > Sunglasses,Accessories > Eyewear > Sunglasses,adult,Recycled Frame,6 in,3 in,2 in,0.39 lb,NA-SUNG-GRP-009,Sunglasses,Sky Blue,,,unisex,in_stock,,,,243,61.84 USD,49.21 USD,2026-07-01/2026-12-31,txcd_99999999,exclusive,,"US:ALL:Standard:3-5:0.00 USD,US:ALL:Expedited:1-2:9.99 USD",US:ALL:Standard:50.00 USD,
NA-SUNG-0193,Trail Round Sunglasses – Terracotta,"The Trail Round Sunglasses from Northwind Apparel, crafted in recycled frame, with UV400 protection and a timeless silhouette. Shown in Terracotta.",https://livgpt.vercel.app/?merchant=northwind-apparel&product=NA-SUNG-0193,Northwind Studio,,NA-SUNG-0193,https://livgpt.vercel.app/mock-catalog/images/northwind-apparel/NA-SUNG-0193.jpg,,,,new,Apparel & Accessories > Clothing Accessories > Sunglasses,Accessories > Eyewear > Sunglasses,adult,Recycled Frame,6 in,3 in,2 in,0.37 lb,NA-SUNG-GRP-009,Sunglasses,Terracotta,,,unisex,in_stock,,,,161,56.17 USD,49.89 USD,2026-07-01/2026-12-31,txcd_99999999,exclusive,,"US:ALL:Standard:3-5:0.00 USD,US:ALL:Expedited:1-2:9.99 USD",US:ALL:Standard:50.00 USD,
NA-SUNG-0194,Studio Round Sunglasses – Black,"The Studio Round Sunglasses from Northwind Apparel, crafted in recycled frame, with UV400 protection and a timeless silhouette. Shown in Black.",https://livgpt.vercel.app/?merchant=northwind-apparel&product=NA-SUNG-0194,NW Active,,NA-SUNG-0194,https://livgpt.vercel.app/mock-catalog/images/northwind-apparel/NA-SUNG-0194.jpg,,,,new,Apparel & Accessories > Clothing Accessories > Sunglasses,Accessories > Eyewear > Sunglasses,adult,Recycled Frame,6 in,3 in,2 in,0.4 lb,NA-SUNG-GRP-010,Sunglasses,Black,,,unisex,in_stock,,,,173,138.53 USD,,,txcd_99999999,exclusive,,"US:ALL:Standard:3-5:0.00 USD,US:ALL:Expedited:1-2:9.99 USD",US:ALL:Standard:50.00 USD,
NA-SUNG-0195,Premium Sport Sunglasses – Forest Green,"The Premium Sport Sunglasses from Northwind Apparel, crafted in acetate, with UV400 protection and a timeless silhouette. Shown in Forest Green.",https://livgpt.vercel.app/?merchant=northwind-apparel&product=NA-SUNG-0195,Northwind,,NA-SUNG-0195,https://livgpt.vercel.app/mock-catalog/images/northwind-apparel/NA-SUNG-0195.jpg,,,,new,Apparel & Accessories > Clothing Accessories > Sunglasses,Accessories > Eyewear > Sunglasses,adult,Acetate,6 in,3 in,2 in,0.38 lb,NA-SUNG-GRP-010,Sunglasses,Forest Green,,,unisex,in_stock,,,,220,63.87 USD,,,txcd_99999999,exclusive,,"US:ALL:Standard:3-5:0.00 USD,US:ALL:Expedited:1-2:9.99 USD",US:ALL:Standard:50.00 USD,
NA-SUNG-0196,Minimalist Sport Sunglasses – Burgundy,"The Minimalist Sport Sunglasses from Northwind Apparel, crafted in recycled frame, with UV400 protection and a timeless silhouette. Shown in Burgundy.",https://livgpt.vercel.app/?merchant=northwind-apparel&product=NA-SUNG-0196,Northwind,,NA-SUNG-0196,https://livgpt.vercel.app/mock-catalog/images/northwind-apparel/NA-SUNG-0196.jpg,,,,new,Apparel & Accessories > Clothing Accessories > Sunglasses,Accessories > Eyewear > Sunglasses,adult,Recycled Frame,6 in,3 in,2 in,0.38 lb,NA-SUNG-GRP-011,Sunglasses,Burgundy,,,unisex,in_stock,,,,12,129.99 USD,,,txcd_99999999,exclusive,,"US:ALL:Standard:3-5:0.00 USD,US:ALL:Expedited:1-2:9.99 USD",US:ALL:Standard:50.00 USD,
NA-SUNG-0197,Everyday Sport Sunglasses – Charcoal,"The Everyday Sport Sunglasses from Northwind Apparel, crafted in recycled frame, with UV400 protection and a timeless silhouette. Shown in Charcoal.",https://livgpt.vercel.app/?merchant=northwind-apparel&product=NA-SUNG-0197,NW Active,,NA-SUNG-0197,https://livgpt.vercel.app/mock-catalog/images/northwind-apparel/NA-SUNG-0197.jpg,,,,new,Apparel & Accessories > Clothing Accessories > Sunglasses,Accessories > Eyewear > Sunglasses,adult,Recycled Frame,6 in,3 in,2 in,0.42 lb,NA-SUNG-GRP-011,Sunglasses,Charcoal,,,unisex,in_stock,,,,157,108.27 USD,,,txcd_99999999,exclusive,,"US:ALL:Standard:3-5:0.00 USD,US:ALL:Expedited:1-2:9.99 USD",US:ALL:Standard:50.00 USD,
NA-SUNG-0198,Alpine Round Sunglasses – Sky Blue,"The Alpine Round Sunglasses from Northwind Apparel, crafted in recycled frame, with UV400 protection and a timeless silhouette. Shown in Sky Blue.",https://livgpt.vercel.app/?merchant=northwind-apparel&product=NA-SUNG-0198,Northwind,,NA-SUNG-0198,https://livgpt.vercel.app/mock-catalog/images/northwind-apparel/NA-SUNG-0198.jpg,,,,new,Apparel & Accessories > Clothing Accessories > Sunglasses,Accessories > Eyewear > Sunglasses,adult,Recycled Frame,6 in,3 in,2 in,0.44 lb,NA-SUNG-GRP-012,Sunglasses,Sky Blue,,,unisex,in_stock,,,,57,139.08 USD,,,txcd_99999999,exclusive,,"US:ALL:Standard:3-5:0.00 USD,US:ALL:Expedited:1-2:9.99 USD",US:ALL:Standard:50.00 USD,
NA-SUNG-0199,Terra Round Sunglasses – Terracotta,"The Terra Round Sunglasses from Northwind Apparel, crafted in acetate, with UV400 protection and a timeless silhouette. Shown in Terracotta.",https://livgpt.vercel.app/?merchant=northwind-apparel&product=NA-SUNG-0199,NW Active,,NA-SUNG-0199,https://livgpt.vercel.app/mock-catalog/images/northwind-apparel/NA-SUNG-0199.jpg,,,,new,Apparel & Accessories > Clothing Accessories > Sunglasses,Accessories > Eyewear > Sunglasses,adult,Acetate,6 in,3 in,2 in,0.37 lb,NA-SUNG-GRP-012,Sunglasses,Terracotta,,,unisex,in_stock,,,,221,59.28 USD,,,txcd_99999999,exclusive,,"US:ALL:Standard:3-5:0.00 USD,US:ALL:Expedited:1-2:9.99 USD",US:ALL:Standard:50.00 USD,
NA-SUNG-0200,Coastal Sport Sunglasses – Black,"The Coastal Sport Sunglasses from Northwind Apparel, crafted in recycled frame, with UV400 protection and a timeless silhouette. Shown in Black.",https://livgpt.vercel.app/?merchant=northwind-apparel&product=NA-SUNG-0200,NW Active,,NA-SUNG-0200,https://livgpt.vercel.app/mock-catalog/images/northwind-apparel/NA-SUNG-0200.jpg,,,,new,Apparel & Accessories > Clothing Accessories > Sunglasses,Accessories > Eyewear > Sunglasses,adult,Recycled Frame,6 in,3 in,2 in,0.38 lb,NA-SUNG-GRP-013,Sunglasses,Black,,,unisex,in_stock,,,,209,81.54 USD,73.79 USD,2026-07-01/2026-12-31,txcd_99999999,exclusive,,"US:ALL:Standard:3-5:0.00 USD,US:ALL:Expedited:1-2:9.99 USD",US:ALL:Standard:50.00 USD,
NA-BACK-0201,Featherlight Daypack – Sky Blue,"The Featherlight Daypack from Northwind Apparel, crafted in waxed canvas, organized, durable, and ready for the daily commute. Shown in Sky Blue.",https://livgpt.vercel.app/?merchant=northwind-apparel&product=NA-BACK-0201,Northwind Studio,,NA-BACK-0201,https://livgpt.vercel.app/mock-catalog/images/northwind-apparel/NA-BACK-0201.jpg,,,,new,Luggage & Bags > Backpacks,Bags > Backpacks,adult,Waxed Canvas,20 in,13 in,8 in,2.65 lb,NA-BACK-GRP-008,Backpacks,Sky Blue,,,unisex,in_stock,,,,138,65.41 USD,57.07 USD,2026-07-01/2026-12-31,txcd_99999999,exclusive,,"US:ALL:Standard:3-5:0.00 USD,US:ALL:Expedited:1-2:9.99 USD",US:ALL:Standard:50.00 USD,
NA-BACK-0202,Aero Daypack – Terracotta,"The Aero Daypack from Northwind Apparel, crafted in waxed canvas, organized, durable, and ready for the daily commute. Shown in Terracotta.",https://livgpt.vercel.app/?merchant=northwind-apparel&product=NA-BACK-0202,Northwind Studio,,NA-BACK-0202,https://livgpt.vercel.app/mock-catalog/images/northwind-apparel/NA-BACK-0202.jpg,,,,new,Luggage & Bags > Backpacks,Bags > Backpacks,adult,Waxed Canvas,20 in,13 in,8 in,2.5 lb,NA-BACK-GRP-009,Backpacks,Terracotta,,,unisex,in_stock,,,,246,109.01 USD,,,txcd_99999999,exclusive,,"US:ALL:Standard:3-5:0.00 USD,US:ALL:Expedited:1-2:9.99 USD",US:ALL:Standard:50.00 USD,
NA-BACK-0203,Everyday Rolltop Backpack – White,"The Everyday Rolltop Backpack from Northwind Apparel, crafted in waxed canvas, organized, durable, and ready for the daily commute. Shown in White.",https://livgpt.vercel.app/?merchant=northwind-apparel&product=NA-BACK-0203,NW Active,,NA-BACK-0203,https://livgpt.vercel.app/mock-catalog/images/northwind-apparel/NA-BACK-0203.jpg,,,,new,Luggage & Bags > Backpacks,Bags > Backpacks,adult,Waxed Canvas,20 in,13 in,8 in,2.73 lb,NA-BACK-GRP-009,Backpacks,White,,,unisex,in_stock,,,,164,141.70 USD,,,txcd_99999999,exclusive,,"US:ALL:Standard:3-5:0.00 USD,US:ALL:Expedited:1-2:9.99 USD",US:ALL:Standard:50.00 USD,
NA-BACK-0204,Studio Rolltop Backpack – Burgundy,"The Studio Rolltop Backpack from Northwind Apparel, crafted in recycled nylon, organized, durable, and ready for the daily commute. Shown in Burgundy.",https://livgpt.vercel.app/?merchant=northwind-apparel&product=NA-BACK-0204,NW Active,,NA-BACK-0204,https://livgpt.vercel.app/mock-catalog/images/northwind-apparel/NA-BACK-0204.jpg,,,,new,Luggage & Bags > Backpacks,Bags > Backpacks,adult,Recycled Nylon,20 in,13 in,8 in,2.39 lb,NA-BACK-GRP-010,Backpacks,Burgundy,,,unisex,in_stock,,,,27,125.83 USD,,,txcd_99999999,exclusive,,"US:ALL:Standard:3-5:0.00 USD,US:ALL:Expedited:1-2:9.99 USD",US:ALL:Standard:50.00 USD,
NA-BACK-0205,Urban Weekender Duffel – Navy,"The Urban Weekender Duffel from Northwind Apparel, crafted in recycled nylon, organized, durable, and ready for the daily commute. Shown in Navy.",https://livgpt.vercel.app/?merchant=northwind-apparel&product=NA-BACK-0205,Northwind,,NA-BACK-0205,https://livgpt.vercel.app/mock-catalog/images/northwind-apparel/NA-BACK-0205.jpg,,,,new,Luggage & Bags > Backpacks,Bags > Backpacks,adult,Recycled Nylon,20 in,13 in,8 in,2.81 lb,NA-BACK-GRP-010,Backpacks,Navy,,,unisex,in_stock,,,,154,123.46 USD,103.00 USD,2026-07-01/2026-12-31,txcd_99999999,exclusive,,"US:ALL:Standard:3-5:0.00 USD,US:ALL:Expedited:1-2:9.99 USD",US:ALL:Standard:50.00 USD,
NA-BACK-0206,Everyday Daypack – White,"The Everyday Daypack from Northwind Apparel, crafted in recycled nylon, organized, durable, and ready for the daily commute. Shown in White.",https://livgpt.vercel.app/?merchant=northwind-apparel&product=NA-BACK-0206,Northwind Studio,,NA-BACK-0206,https://livgpt.vercel.app/mock-catalog/images/northwind-apparel/NA-BACK-0206.jpg,,,,new,Luggage & Bags > Backpacks,Bags > Backpacks,adult,Recycled Nylon,20 in,13 in,8 in,2.65 lb,NA-BACK-GRP-011,Backpacks,White,,,unisex,in_stock,,,,47,84.24 USD,,,txcd_99999999,exclusive,,"US:ALL:Standard:3-5:0.00 USD,US:ALL:Expedited:1-2:9.99 USD",US:ALL:Standard:50.00 USD,
NA-BACK-0207,Trail Rolltop Backpack – Navy,"The Trail Rolltop Backpack from Northwind Apparel, crafted in recycled nylon, organized, durable, and ready for the daily commute. Shown in Navy.",https://livgpt.vercel.app/?merchant=northwind-apparel&product=NA-BACK-0207,NW Active,,NA-BACK-0207,https://livgpt.vercel.app/mock-catalog/images/northwind-apparel/NA-BACK-0207.jpg,,,,new,Luggage & Bags > Backpacks,Bags > Backpacks,adult,Recycled Nylon,20 in,13 in,8 in,2.68 lb,NA-BACK-GRP-011,Backpacks,Navy,,,unisex,in_stock,,,,248,120.74 USD,,,txcd_99999999,exclusive,,"US:ALL:Standard:3-5:0.00 USD,US:ALL:Expedited:1-2:9.99 USD",US:ALL:Standard:50.00 USD,
NA-BACK-0208,Minimalist Daypack – Olive,"The Minimalist Daypack from Northwind Apparel, crafted in waxed canvas, organized, durable, and ready for the daily commute. Shown in Olive.",https://livgpt.vercel.app/?merchant=northwind-apparel&product=NA-BACK-0208,Northwind,,NA-BACK-0208,https://livgpt.vercel.app/mock-catalog/images/northwind-apparel/NA-BACK-0208.jpg,,,,new,Luggage & Bags > Backpacks,Bags > Backpacks,adult,Waxed Canvas,20 in,13 in,8 in,2.68 lb,NA-BACK-GRP-012,Backpacks,Olive,,,unisex,in_stock,,,,235,144.69 USD,124.37 USD,2026-07-01/2026-12-31,txcd_99999999,exclusive,,"US:ALL:Standard:3-5:0.00 USD,US:ALL:Expedited:1-2:9.99 USD",US:ALL:Standard:50.00 USD,
NA-BACK-0209,Minimalist Rolltop Backpack – Cream,"The Minimalist Rolltop Backpack from Northwind Apparel, crafted in recycled nylon, organized, durable, and ready for the daily commute. Shown in Cream.",https://livgpt.vercel.app/?merchant=northwind-apparel&product=NA-BACK-0209,NW Active,,NA-BACK-0209,https://livgpt.vercel.app/mock-catalog/images/northwind-apparel/NA-BACK-0209.jpg,,,,new,Luggage & Bags > Backpacks,Bags > Backpacks,adult,Recycled Nylon,20 in,13 in,8 in,2.73 lb,NA-BACK-GRP-012,Backpacks,Cream,,,unisex,in_stock,,,,244,147.76 USD,,,txcd_99999999,exclusive,,"US:ALL:Standard:3-5:0.00 USD,US:ALL:Expedited:1-2:9.99 USD",US:ALL:Standard:50.00 USD,
NA-BACK-0210,Alpine Rolltop Backpack – Terracotta,"The Alpine Rolltop Backpack from Northwind Apparel, crafted in recycled nylon, organized, durable, and ready for the daily commute. Shown in Terracotta.",https://livgpt.vercel.app/?merchant=northwind-apparel&product=NA-BACK-0210,NW Active,,NA-BACK-0210,https://livgpt.vercel.app/mock-catalog/images/northwind-apparel/NA-BACK-0210.jpg,,,,new,Luggage & Bags > Backpacks,Bags > Backpacks,adult,Recycled Nylon,20 in,13 in,8 in,2.57 lb,NA-BACK-GRP-013,Backpacks,Terracotta,,,unisex,in_stock,,,,145,122.69 USD,102.50 USD,2026-07-01/2026-12-31,txcd_99999999,exclusive,,"US:ALL:Standard:3-5:0.00 USD,US:ALL:Expedited:1-2:9.99 USD",US:ALL:Standard:50.00 USD,
NA-BOTT-0211,Luxe Flip-Top Bottle – Black,"The Luxe Flip-Top Bottle from Northwind Apparel, crafted in tritan, keeps drinks cold for 24 hours on the go. Shown in Black.",https://livgpt.vercel.app/?merchant=northwind-apparel&product=NA-BOTT-0211,NW Active,,NA-BOTT-0211,https://livgpt.vercel.app/mock-catalog/images/northwind-apparel/NA-BOTT-0211.jpg,,,,new,Home & Garden > Kitchen & Dining > Food & Beverage Carriers > Water Bottles,Drinkware > Water Bottles,adult,Tritan,4 in,4 in,10 in,1.03 lb,NA-BOTT-GRP-008,Water Bottles,Black,,,unisex,in_stock,,,,158,32.04 USD,29.35 USD,2026-07-01/2026-12-31,txcd_99999999,exclusive,,"US:ALL:Standard:3-5:0.00 USD,US:ALL:Expedited:1-2:9.99 USD",US:ALL:Standard:50.00 USD,
NA-BOTT-0212,Premium Steel Water Bottle – Charcoal,"The Premium Steel Water Bottle from Northwind Apparel, crafted in tritan, keeps drinks cold for 24 hours on the go. Shown in Charcoal.",https://livgpt.vercel.app/?merchant=northwind-apparel&product=NA-BOTT-0212,NW Active,,NA-BOTT-0212,https://livgpt.vercel.app/mock-catalog/images/northwind-apparel/NA-BOTT-0212.jpg,,,,new,Home & Garden > Kitchen & Dining > Food & Beverage Carriers > Water Bottles,Drinkware > Water Bottles,adult,Tritan,4 in,4 in,10 in,1.13 lb,NA-BOTT-GRP-009,Water Bottles,Charcoal,,,unisex,in_stock,,,,233,42.07 USD,35.56 USD,2026-07-01/2026-12-31,txcd_99999999,exclusive,,"US:ALL:Standard:3-5:0.00 USD,US:ALL:Expedited:1-2:9.99 USD",US:ALL:Standard:50.00 USD,
NA-BOTT-0213,Modern Steel Water Bottle – Black,"The Modern Steel Water Bottle from Northwind Apparel, crafted in stainless steel, keeps drinks cold for 24 hours on the go. Shown in Black.",https://livgpt.vercel.app/?merchant=northwind-apparel&product=NA-BOTT-0213,Northwind,,NA-BOTT-0213,https://livgpt.vercel.app/mock-catalog/images/northwind-apparel/NA-BOTT-0213.jpg,,,,new,Home & Garden > Kitchen & Dining > Food & Beverage Carriers > Water Bottles,Drinkware > Water Bottles,adult,Stainless Steel,4 in,4 in,10 in,1.0 lb,NA-BOTT-GRP-009,Water Bottles,Black,,,unisex,in_stock,,,,172,47.30 USD,37.52 USD,2026-07-01/2026-12-31,txcd_99999999,exclusive,,"US:ALL:Standard:3-5:0.00 USD,US:ALL:Expedited:1-2:9.99 USD",US:ALL:Standard:50.00 USD,
NA-BOTT-0214,Minimalist Steel Water Bottle – Blush Pink,"The Minimalist Steel Water Bottle from Northwind Apparel, crafted in stainless steel, keeps drinks cold for 24 hours on the go. Shown in Blush Pink.",https://livgpt.vercel.app/?merchant=northwind-apparel&product=NA-BOTT-0214,Northwind Studio,,NA-BOTT-0214,https://livgpt.vercel.app/mock-catalog/images/northwind-apparel/NA-BOTT-0214.jpg,,,,new,Home & Garden > Kitchen & Dining > Food & Beverage Carriers > Water Bottles,Drinkware > Water Bottles,adult,Stainless Steel,4 in,4 in,10 in,1.14 lb,NA-BOTT-GRP-010,Water Bottles,Blush Pink,,,unisex,in_stock,,,,94,46.83 USD,,,txcd_99999999,exclusive,,"US:ALL:Standard:3-5:0.00 USD,US:ALL:Expedited:1-2:9.99 USD",US:ALL:Standard:50.00 USD,
NA-BOTT-0215,Signature Flip-Top Bottle – Black,"The Signature Flip-Top Bottle from Northwind Apparel, crafted in tritan, keeps drinks cold for 24 hours on the go. Shown in Black.",https://livgpt.vercel.app/?merchant=northwind-apparel&product=NA-BOTT-0215,Northwind Studio,,NA-BOTT-0215,https://livgpt.vercel.app/mock-catalog/images/northwind-apparel/NA-BOTT-0215.jpg,,,,new,Home & Garden > Kitchen & Dining > Food & Beverage Carriers > Water Bottles,Drinkware > Water Bottles,adult,Tritan,4 in,4 in,10 in,1.14 lb,NA-BOTT-GRP-010,Water Bottles,Black,,,unisex,in_stock,,,,221,25.87 USD,22.42 USD,2026-07-01/2026-12-31,txcd_99999999,exclusive,,"US:ALL:Standard:3-5:0.00 USD,US:ALL:Expedited:1-2:9.99 USD",US:ALL:Standard:50.00 USD,
NA-BOTT-0216,Essential Flip-Top Bottle – Terracotta,"The Essential Flip-Top Bottle from Northwind Apparel, crafted in tritan, keeps drinks cold for 24 hours on the go. Shown in Terracotta.",https://livgpt.vercel.app/?merchant=northwind-apparel&product=NA-BOTT-0216,Northwind,,NA-BOTT-0216,https://livgpt.vercel.app/mock-catalog/images/northwind-apparel/NA-BOTT-0216.jpg,,,,new,Home & Garden > Kitchen & Dining > Food & Beverage Carriers > Water Bottles,Drinkware > Water Bottles,adult,Tritan,4 in,4 in,10 in,1.19 lb,NA-BOTT-GRP-011,Water Bottles,Terracotta,,,unisex,in_stock,,,,32,46.64 USD,,,txcd_99999999,exclusive,,"US:ALL:Standard:3-5:0.00 USD,US:ALL:Expedited:1-2:9.99 USD",US:ALL:Standard:50.00 USD,
NA-BOTT-0217,Trail Flip-Top Bottle – Olive,"The Trail Flip-Top Bottle from Northwind Apparel, crafted in tritan, keeps drinks cold for 24 hours on the go. Shown in Olive.",https://livgpt.vercel.app/?merchant=northwind-apparel&product=NA-BOTT-0217,Northwind Studio,,NA-BOTT-0217,https://livgpt.vercel.app/mock-catalog/images/northwind-apparel/NA-BOTT-0217.jpg,,,,new,Home & Garden > Kitchen & Dining > Food & Beverage Carriers > Water Bottles,Drinkware > Water Bottles,adult,Tritan,4 in,4 in,10 in,1.13 lb,NA-BOTT-GRP-011,Water Bottles,Olive,,,unisex,in_stock,,,,94,30.24 USD,,,txcd_99999999,exclusive,,"US:ALL:Standard:3-5:0.00 USD,US:ALL:Expedited:1-2:9.99 USD",US:ALL:Standard:50.00 USD,
NA-BOTT-0218,Luxe Insulated Bottle – Forest Green,"The Luxe Insulated Bottle from Northwind Apparel, crafted in stainless steel, keeps drinks cold for 24 hours on the go. Shown in Forest Green.",https://livgpt.vercel.app/?merchant=northwind-apparel&product=NA-BOTT-0218,Northwind Studio,,NA-BOTT-0218,https://livgpt.vercel.app/mock-catalog/images/northwind-apparel/NA-BOTT-0218.jpg,,,,new,Home & Garden > Kitchen & Dining > Food & Beverage Carriers > Water Bottles,Drinkware > Water Bottles,adult,Stainless Steel,4 in,4 in,10 in,1.0 lb,NA-BOTT-GRP-012,Water Bottles,Forest Green,,,unisex,in_stock,,,,74,28.23 USD,,,txcd_99999999,exclusive,,"US:ALL:Standard:3-5:0.00 USD,US:ALL:Expedited:1-2:9.99 USD",US:ALL:Standard:50.00 USD,
NA-BOTT-0219,Pro Flip-Top Bottle – Blush Pink,"The Pro Flip-Top Bottle from Northwind Apparel, crafted in tritan, keeps drinks cold for 24 hours on the go. Shown in Blush Pink.",https://livgpt.vercel.app/?merchant=northwind-apparel&product=NA-BOTT-0219,NW Active,,NA-BOTT-0219,https://livgpt.vercel.app/mock-catalog/images/northwind-apparel/NA-BOTT-0219.jpg,,,,new,Home & Garden > Kitchen & Dining > Food & Beverage Carriers > Water Bottles,Drinkware > Water Bottles,adult,Tritan,4 in,4 in,10 in,1.14 lb,NA-BOTT-GRP-012,Water Bottles,Blush Pink,,,unisex,in_stock,,,,178,42.75 USD,,,txcd_99999999,exclusive,,"US:ALL:Standard:3-5:0.00 USD,US:ALL:Expedited:1-2:9.99 USD",US:ALL:Standard:50.00 USD,
NA-BOTT-0220,Modern Insulated Bottle – Burgundy,"The Modern Insulated Bottle from Northwind Apparel, crafted in tritan, keeps drinks cold for 24 hours on the go. Shown in Burgundy.",https://livgpt.vercel.app/?merchant=northwind-apparel&product=NA-BOTT-0220,Northwind Studio,,NA-BOTT-0220,https://livgpt.vercel.app/mock-catalog/images/northwind-apparel/NA-BOTT-0220.jpg,,,,new,Home & Garden > Kitchen & Dining > Food & Beverage Carriers > Water Bottles,Drinkware > Water Bottles,adult,Tritan,4 in,4 in,10 in,1.16 lb,NA-BOTT-GRP-013,Water Bottles,Burgundy,,,unisex,in_stock,,,,10,41.71 USD,,,txcd_99999999,exclusive,,"US:ALL:Standard:3-5:0.00 USD,US:ALL:Expedited:1-2:9.99 USD",US:ALL:Standard:50.00 USD,
NA-SOCK-0221,Essential No-Show Socks – Black,"The Essential No-Show Socks from Northwind Apparel, crafted in combed cotton, the small upgrade your rotation needs. Shown in Black.",https://livgpt.vercel.app/?merchant=northwind-apparel&product=NA-SOCK-0221,NW Active,,NA-SOCK-0221,https://livgpt.vercel.app/mock-catalog/images/northwind-apparel/NA-SOCK-0221.jpg,,,,new,Apparel & Accessories > Clothing > Underwear & Socks > Socks,Accessories > Socks,adult,Combed Cotton,7 in,5 in,2 in,0.29 lb,NA-SOCK-GRP-008,Socks,Black,,,unisex,in_stock,,,,208,13.36 USD,,,txcd_99999999,exclusive,,"US:ALL:Standard:3-5:0.00 USD,US:ALL:Expedited:1-2:9.99 USD",US:ALL:Standard:50.00 USD,
NA-SOCK-0222,Alpine Wool Socks – Sky Blue,"The Alpine Wool Socks from Northwind Apparel, crafted in combed cotton, the small upgrade your rotation needs. Shown in Sky Blue.",https://livgpt.vercel.app/?merchant=northwind-apparel&product=NA-SOCK-0222,Northwind Studio,,NA-SOCK-0222,https://livgpt.vercel.app/mock-catalog/images/northwind-apparel/NA-SOCK-0222.jpg,,,,new,Apparel & Accessories > Clothing > Underwear & Socks > Socks,Accessories > Socks,adult,Combed Cotton,7 in,5 in,2 in,0.28 lb,NA-SOCK-GRP-009,Socks,Sky Blue,,,unisex,in_stock,,,,173,12.29 USD,,,txcd_99999999,exclusive,,"US:ALL:Standard:3-5:0.00 USD,US:ALL:Expedited:1-2:9.99 USD",US:ALL:Standard:50.00 USD,
NA-SOCK-0223,Signature No-Show Socks – Black,"The Signature No-Show Socks from Northwind Apparel, crafted in combed cotton, the small upgrade your rotation needs. Shown in Black.",https://livgpt.vercel.app/?merchant=northwind-apparel&product=NA-SOCK-0223,Northwind,,NA-SOCK-0223,https://livgpt.vercel.app/mock-catalog/images/northwind-apparel/NA-SOCK-0223.jpg,,,,new,Apparel & Accessories > Clothing > Underwear & Socks > Socks,Accessories > Socks,adult,Combed Cotton,7 in,5 in,2 in,0.28 lb,NA-SOCK-GRP-009,Socks,Black,,,unisex,in_stock,,,,52,13.07 USD,,,txcd_99999999,exclusive,,"US:ALL:Standard:3-5:0.00 USD,US:ALL:Expedited:1-2:9.99 USD",US:ALL:Standard:50.00 USD,
NA-SOCK-0224,Coastal Ankle Socks 3-Pack – Olive,"The Coastal Ankle Socks 3-Pack from Northwind Apparel, crafted in combed cotton, the small upgrade your rotation needs. Shown in Olive.",https://livgpt.vercel.app/?merchant=northwind-apparel&product=NA-SOCK-0224,Northwind Studio,,NA-SOCK-0224,https://livgpt.vercel.app/mock-catalog/images/northwind-apparel/NA-SOCK-0224.jpg,,,,new,Apparel & Accessories > Clothing > Underwear & Socks > Socks,Accessories > Socks,adult,Combed Cotton,7 in,5 in,2 in,0.28 lb,NA-SOCK-GRP-010,Socks,Olive,,,unisex,in_stock,,,,7,13.34 USD,12.17 USD,2026-07-01/2026-12-31,txcd_99999999,exclusive,,"US:ALL:Standard:3-5:0.00 USD,US:ALL:Expedited:1-2:9.99 USD",US:ALL:Standard:50.00 USD,
NA-SOCK-0225,Aero Ankle Socks 3-Pack – Charcoal,"The Aero Ankle Socks 3-Pack from Northwind Apparel, crafted in combed cotton, the small upgrade your rotation needs. Shown in Charcoal.",https://livgpt.vercel.app/?merchant=northwind-apparel&product=NA-SOCK-0225,Northwind,,NA-SOCK-0225,https://livgpt.vercel.app/mock-catalog/images/northwind-apparel/NA-SOCK-0225.jpg,,,,new,Apparel & Accessories > Clothing > Underwear & Socks > Socks,Accessories > Socks,adult,Combed Cotton,7 in,5 in,2 in,0.29 lb,NA-SOCK-GRP-010,Socks,Charcoal,,,unisex,in_stock,,,,91,20.26 USD,,,txcd_99999999,exclusive,,"US:ALL:Standard:3-5:0.00 USD,US:ALL:Expedited:1-2:9.99 USD",US:ALL:Standard:50.00 USD,
NA-SOCK-0226,Featherlight Wool Socks – Black,"The Featherlight Wool Socks from Northwind Apparel, crafted in merino wool, the small upgrade your rotation needs. Shown in Black.",https://livgpt.vercel.app/?merchant=northwind-apparel&product=NA-SOCK-0226,Northwind Studio,,NA-SOCK-0226,https://livgpt.vercel.app/mock-catalog/images/northwind-apparel/NA-SOCK-0226.jpg,,,,new,Apparel & Accessories > Clothing > Underwear & Socks > Socks,Accessories > Socks,adult,Merino Wool,7 in,5 in,2 in,0.33 lb,NA-SOCK-GRP-011,Socks,Black,,,unisex,in_stock,,,,38,26.47 USD,,,txcd_99999999,exclusive,,"US:ALL:Standard:3-5:0.00 USD,US:ALL:Expedited:1-2:9.99 USD",US:ALL:Standard:50.00 USD,
NA-SOCK-0227,Premium Wool Socks – Cream,"The Premium Wool Socks from Northwind Apparel, crafted in combed cotton, the small upgrade your rotation needs. Shown in Cream.",https://livgpt.vercel.app/?merchant=northwind-apparel&product=NA-SOCK-0227,Northwind Studio,,NA-SOCK-0227,https://livgpt.vercel.app/mock-catalog/images/northwind-apparel/NA-SOCK-0227.jpg,,,,new,Apparel & Accessories > Clothing > Underwear & Socks > Socks,Accessories > Socks,adult,Combed Cotton,7 in,5 in,2 in,0.32 lb,NA-SOCK-GRP-011,Socks,Cream,,,unisex,in_stock,,,,177,19.04 USD,15.59 USD,2026-07-01/2026-12-31,txcd_99999999,exclusive,,"US:ALL:Standard:3-5:0.00 USD,US:ALL:Expedited:1-2:9.99 USD",US:ALL:Standard:50.00 USD,
NA-SOCK-0228,Trail Ankle Socks 3-Pack – Burgundy,"The Trail Ankle Socks 3-Pack from Northwind Apparel, crafted in merino wool, the small upgrade your rotation needs. Shown in Burgundy.",https://livgpt.vercel.app/?merchant=northwind-apparel&product=NA-SOCK-0228,Northwind Studio,,NA-SOCK-0228,https://livgpt.vercel.app/mock-catalog/images/northwind-apparel/NA-SOCK-0228.jpg,,,,new,Apparel & Accessories > Clothing > Underwear & Socks > Socks,Accessories > Socks,adult,Merino Wool,7 in,5 in,2 in,0.28 lb,NA-SOCK-GRP-012,Socks,Burgundy,,,unisex,in_stock,,,,56,24.51 USD,,,txcd_99999999,exclusive,,"US:ALL:Standard:3-5:0.00 USD,US:ALL:Expedited:1-2:9.99 USD",US:ALL:Standard:50.00 USD,
NA-SOCK-0229,Trail Crew Socks 3-Pack – Sky Blue,"The Trail Crew Socks 3-Pack from Northwind Apparel, crafted in merino wool, the small upgrade your rotation needs. Shown in Sky Blue.",https://livgpt.vercel.app/?merchant=northwind-apparel&product=NA-SOCK-0229,NW Active,,NA-SOCK-0229,https://livgpt.vercel.app/mock-catalog/images/northwind-apparel/NA-SOCK-0229.jpg,,,,new,Apparel & Accessories > Clothing > Underwear & Socks > Socks,Accessories > Socks,adult,Merino Wool,7 in,5 in,2 in,0.28 lb,NA-SOCK-GRP-012,Socks,Sky Blue,,,unisex,in_stock,,,,118,15.18 USD,,,txcd_99999999,exclusive,,"US:ALL:Standard:3-5:0.00 USD,US:ALL:Expedited:1-2:9.99 USD",US:ALL:Standard:50.00 USD,
NA-SOCK-0230,Pro No-Show Socks – Forest Green,"The Pro No-Show Socks from Northwind Apparel, crafted in merino wool, the small upgrade your rotation needs. Shown in Forest Green.",https://livgpt.vercel.app/?merchant=northwind-apparel&product=NA-SOCK-0230,Northwind,,NA-SOCK-0230,https://livgpt.vercel.app/mock-catalog/images/northwind-apparel/NA-SOCK-0230.jpg,,,,new,Apparel & Accessories > Clothing > Underwear & Socks > Socks,Accessories > Socks,adult,Merino Wool,7 in,5 in,2 in,0.29 lb,NA-SOCK-GRP-013,Socks,Forest Green,,,unisex,in_stock,,,,95,12.31 USD,,,txcd_99999999,exclusive,,"US:ALL:Standard:3-5:0.00 USD,US:ALL:Expedited:1-2:9.99 USD",US:ALL:Standard:50.00 USD,
NA-JACK-0231,Everyday Puffer Jacket – Black,"The Everyday Puffer Jacket from Northwind Apparel, crafted in ripstop, weather-ready protection without the bulk. Shown in Black.",https://livgpt.vercel.app/?merchant=northwind-apparel&product=NA-JACK-0231,NW Active,,NA-JACK-0231,https://livgpt.vercel.app/mock-catalog/images/northwind-apparel/NA-JACK-0231.jpg,,,,new,Apparel & Accessories > Clothing > Outerwear > Coats & Jackets,Apparel > Outerwear > Jackets,adult,Ripstop,14 in,12 in,4 in,2.32 lb,NA-JACK-GRP-008,Jackets,Black,M,US,unisex,in_stock,,,,74,127.16 USD,,,txcd_99999999,exclusive,,"US:ALL:Standard:3-5:0.00 USD,US:ALL:Expedited:1-2:9.99 USD",US:ALL:Standard:50.00 USD,
NA-JACK-0232,Studio Puffer Jacket – Sky Blue,"The Studio Puffer Jacket from Northwind Apparel, crafted in recycled poly, weather-ready protection without the bulk. Shown in Sky Blue.",https://livgpt.vercel.app/?merchant=northwind-apparel&product=NA-JACK-0232,Northwind Studio,,NA-JACK-0232,https://livgpt.vercel.app/mock-catalog/images/northwind-apparel/NA-JACK-0232.jpg,,,,new,Apparel & Accessories > Clothing > Outerwear > Coats & Jackets,Apparel > Outerwear > Jackets,adult,Recycled Poly,14 in,12 in,4 in,2.32 lb,NA-JACK-GRP-009,Jackets,Sky Blue,XL,US,unisex,in_stock,,,,68,207.67 USD,158.14 USD,2026-07-01/2026-12-31,txcd_99999999,exclusive,,"US:ALL:Standard:3-5:0.00 USD,US:ALL:Expedited:1-2:9.99 USD",US:ALL:Standard:50.00 USD,
NA-JACK-0233,Signature Denim Jacket – Navy,"The Signature Denim Jacket from Northwind Apparel, crafted in denim, weather-ready protection without the bulk. Shown in Navy.",https://livgpt.vercel.app/?merchant=northwind-apparel&product=NA-JACK-0233,Northwind Studio,,NA-JACK-0233,https://livgpt.vercel.app/mock-catalog/images/northwind-apparel/NA-JACK-0233.jpg,,,,new,Apparel & Accessories > Clothing > Outerwear > Coats & Jackets,Apparel > Outerwear > Jackets,adult,Denim,14 in,12 in,4 in,2.12 lb,NA-JACK-GRP-009,Jackets,Navy,XXL,US,unisex,in_stock,,,,172,120.18 USD,,,txcd_99999999,exclusive,,"US:ALL:Standard:3-5:0.00 USD,US:ALL:Expedited:1-2:9.99 USD",US:ALL:Standard:50.00 USD,
NA-JACK-0234,Coastal Rain Shell – Forest Green,"The Coastal Rain Shell from Northwind Apparel, crafted in ripstop, weather-ready protection without the bulk. Shown in Forest Green.",https://livgpt.vercel.app/?merchant=northwind-apparel&product=NA-JACK-0234,Northwind,,NA-JACK-0234,https://livgpt.vercel.app/mock-catalog/images/northwind-apparel/NA-JACK-0234.jpg,,,,new,Apparel & Accessories > Clothing > Outerwear > Coats & Jackets,Apparel > Outerwear > Jackets,adult,Ripstop,14 in,12 in,4 in,2.42 lb,NA-JACK-GRP-010,Jackets,Forest Green,XXL,US,unisex,in_stock,,,,14,143.07 USD,,,txcd_99999999,exclusive,,"US:ALL:Standard:3-5:0.00 USD,US:ALL:Expedited:1-2:9.99 USD",US:ALL:Standard:50.00 USD,
NA-JACK-0235,Rugged Denim Jacket – Sky Blue,"The Rugged Denim Jacket from Northwind Apparel, crafted in recycled poly, weather-ready protection without the bulk. Shown in Sky Blue.",https://livgpt.vercel.app/?merchant=northwind-apparel&product=NA-JACK-0235,NW Active,,NA-JACK-0235,https://livgpt.vercel.app/mock-catalog/images/northwind-apparel/NA-JACK-0235.jpg,,,,new,Apparel & Accessories > Clothing > Outerwear > Coats & Jackets,Apparel > Outerwear > Jackets,adult,Recycled Poly,14 in,12 in,4 in,2.51 lb,NA-JACK-GRP-010,Jackets,Sky Blue,M,US,unisex,in_stock,,,,172,125.01 USD,,,txcd_99999999,exclusive,,"US:ALL:Standard:3-5:0.00 USD,US:ALL:Expedited:1-2:9.99 USD",US:ALL:Standard:50.00 USD,
NA-JACK-0236,Rugged Windbreaker – Charcoal,"The Rugged Windbreaker from Northwind Apparel, crafted in ripstop, weather-ready protection without the bulk. Shown in Charcoal.",https://livgpt.vercel.app/?merchant=northwind-apparel&product=NA-JACK-0236,Northwind,,NA-JACK-0236,https://livgpt.vercel.app/mock-catalog/images/northwind-apparel/NA-JACK-0236.jpg,,,,new,Apparel & Accessories > Clothing > Outerwear > Coats & Jackets,Apparel > Outerwear > Jackets,adult,Ripstop,14 in,12 in,4 in,2.23 lb,NA-JACK-GRP-011,Jackets,Charcoal,XXL,US,unisex,in_stock,,,,52,91.92 USD,,,txcd_99999999,exclusive,,"US:ALL:Standard:3-5:0.00 USD,US:ALL:Expedited:1-2:9.99 USD",US:ALL:Standard:50.00 USD,
NA-JACK-0237,Urban Denim Jacket – Burgundy,"The Urban Denim Jacket from Northwind Apparel, crafted in denim, weather-ready protection without the bulk. Shown in Burgundy.",https://livgpt.vercel.app/?merchant=northwind-apparel&product=NA-JACK-0237,NW Active,,NA-JACK-0237,https://livgpt.vercel.app/mock-catalog/images/northwind-apparel/NA-JACK-0237.jpg,,,,new,Apparel & Accessories > Clothing > Outerwear > Coats & Jackets,Apparel > Outerwear > Jackets,adult,Denim,14 in,12 in,4 in,2.19 lb,NA-JACK-GRP-011,Jackets,Burgundy,S,US,unisex,in_stock,,,,52,94.13 USD,,,txcd_99999999,exclusive,,"US:ALL:Standard:3-5:0.00 USD,US:ALL:Expedited:1-2:9.99 USD",US:ALL:Standard:50.00 USD,
NA-JACK-0238,Urban Rain Shell – Sand,"The Urban Rain Shell from Northwind Apparel, crafted in recycled poly, weather-ready protection without the bulk. Shown in Sand.",https://livgpt.vercel.app/?merchant=northwind-apparel&product=NA-JACK-0238,Northwind,,NA-JACK-0238,https://livgpt.vercel.app/mock-catalog/images/northwind-apparel/NA-JACK-0238.jpg,,,,new,Apparel & Accessories > Clothing > Outerwear > Coats & Jackets,Apparel > Outerwear > Jackets,adult,Recycled Poly,14 in,12 in,4 in,2.35 lb,NA-JACK-GRP-012,Jackets,Sand,M,US,unisex,in_stock,,,,101,181.53 USD,160.46 USD,2026-07-01/2026-12-31,txcd_99999999,exclusive,,"US:ALL:Standard:3-5:0.00 USD,US:ALL:Expedited:1-2:9.99 USD",US:ALL:Standard:50.00 USD,
NA-JACK-0239,Luxe Rain Shell – Sky Blue,"The Luxe Rain Shell from Northwind Apparel, crafted in denim, weather-ready protection without the bulk. Shown in Sky Blue.",https://livgpt.vercel.app/?merchant=northwind-apparel&product=NA-JACK-0239,Northwind Studio,,NA-JACK-0239,https://livgpt.vercel.app/mock-catalog/images/northwind-apparel/NA-JACK-0239.jpg,,,,new,Apparel & Accessories > Clothing > Outerwear > Coats & Jackets,Apparel > Outerwear > Jackets,adult,Denim,14 in,12 in,4 in,2.16 lb,NA-JACK-GRP-012,Jackets,Sky Blue,L,US,unisex,in_stock,,,,100,118.95 USD,,,txcd_99999999,exclusive,,"US:ALL:Standard:3-5:0.00 USD,US:ALL:Expedited:1-2:9.99 USD",US:ALL:Standard:50.00 USD,
NA-JACK-0240,Aero Puffer Jacket – Olive,"The Aero Puffer Jacket from Northwind Apparel, crafted in recycled poly, weather-ready protection without the bulk. Shown in Olive.",https://livgpt.vercel.app/?merchant=northwind-apparel&product=NA-JACK-0240,NW Active,,NA-JACK-0240,https://livgpt.vercel.app/mock-catalog/images/northwind-apparel/NA-JACK-0240.jpg,,,,new,Apparel & Accessories > Clothing > Outerwear > Coats & Jackets,Apparel > Outerwear > Jackets,adult,Recycled Poly,14 in,12 in,4 in,2.48 lb,NA-JACK-GRP-013,Jackets,Olive,XXL,US,unisex,in_stock,,,,237,235.52 USD,,,txcd_99999999,exclusive,,"US:ALL:Standard:3-5:0.00 USD,US:ALL:Expedited:1-2:9.99 USD",US:ALL:Standard:50.00 USD,
NA-WALL-0241,Pro Leather Belt – Forest Green,"The Pro Leather Belt from Northwind Apparel, crafted in full-grain leather, slim, refined, and made to last. Shown in Forest Green.",https://livgpt.vercel.app/?merchant=northwind-apparel&product=NA-WALL-0241,Northwind Studio,,NA-WALL-0241,https://livgpt.vercel.app/mock-catalog/images/northwind-apparel/NA-WALL-0241.jpg,,,,new,Apparel & Accessories > Clothing Accessories,Accessories > Small Leather Goods,adult,Full-Grain Leather,8 in,6 in,4 in,1.06 lb,NA-WALL-GRP-008,Small Leather Goods,Forest Green,,,unisex,in_stock,,,,174,53.38 USD,48.19 USD,2026-07-01/2026-12-31,txcd_99999999,exclusive,,"US:ALL:Standard:3-5:0.00 USD,US:ALL:Expedited:1-2:9.99 USD",US:ALL:Standard:50.00 USD,
NA-WALL-0242,Premium Leather Belt – Forest Green,"The Premium Leather Belt from Northwind Apparel, crafted in full-grain leather, slim, refined, and made to last. Shown in Forest Green.",https://livgpt.vercel.app/?merchant=northwind-apparel&product=NA-WALL-0242,Northwind,,NA-WALL-0242,https://livgpt.vercel.app/mock-catalog/images/northwind-apparel/NA-WALL-0242.jpg,,,,new,Apparel & Accessories > Clothing Accessories,Accessories > Small Leather Goods,adult,Full-Grain Leather,8 in,6 in,4 in,0.98 lb,NA-WALL-GRP-009,Small Leather Goods,Forest Green,,,unisex,in_stock,,,,138,56.38 USD,,,txcd_99999999,exclusive,,"US:ALL:Standard:3-5:0.00 USD,US:ALL:Expedited:1-2:9.99 USD",US:ALL:Standard:50.00 USD,
NA-WALL-0243,Luxe Bifold Wallet – Cream,"The Luxe Bifold Wallet from Northwind Apparel, crafted in vegan leather, slim, refined, and made to last. Shown in Cream.",https://livgpt.vercel.app/?merchant=northwind-apparel&product=NA-WALL-0243,Northwind,,NA-WALL-0243,https://livgpt.vercel.app/mock-catalog/images/northwind-apparel/NA-WALL-0243.jpg,,,,new,Apparel & Accessories > Clothing Accessories,Accessories > Small Leather Goods,adult,Vegan Leather,8 in,6 in,4 in,0.99 lb,NA-WALL-GRP-009,Small Leather Goods,Cream,,,unisex,in_stock,,,,119,25.65 USD,21.80 USD,2026-07-01/2026-12-31,txcd_99999999,exclusive,,"US:ALL:Standard:3-5:0.00 USD,US:ALL:Expedited:1-2:9.99 USD",US:ALL:Standard:50.00 USD,
NA-WALL-0244,Urban Travel Wallet – Charcoal,"The Urban Travel Wallet from Northwind Apparel, crafted in vegan leather, slim, refined, and made to last. Shown in Charcoal.",https://livgpt.vercel.app/?merchant=northwind-apparel&product=NA-WALL-0244,Northwind,,NA-WALL-0244,https://livgpt.vercel.app/mock-catalog/images/northwind-apparel/NA-WALL-0244.jpg,,,,new,Apparel & Accessories > Clothing Accessories,Accessories > Small Leather Goods,adult,Vegan Leather,8 in,6 in,4 in,1.0 lb,NA-WALL-GRP-010,Small Leather Goods,Charcoal,,,unisex,in_stock,,,,14,67.33 USD,,,txcd_99999999,exclusive,,"US:ALL:Standard:3-5:0.00 USD,US:ALL:Expedited:1-2:9.99 USD",US:ALL:Standard:50.00 USD,
NA-WALL-0245,Everyday Bifold Wallet – Terracotta,"The Everyday Bifold Wallet from Northwind Apparel, crafted in full-grain leather, slim, refined, and made to last. Shown in Terracotta.",https://livgpt.vercel.app/?merchant=northwind-apparel&product=NA-WALL-0245,Northwind Studio,,NA-WALL-0245,https://livgpt.vercel.app/mock-catalog/images/northwind-apparel/NA-WALL-0245.jpg,,,,new,Apparel & Accessories > Clothing Accessories,Accessories > Small Leather Goods,adult,Full-Grain Leather,8 in,6 in,4 in,1.03 lb,NA-WALL-GRP-010,Small Leather Goods,Terracotta,,,unisex,in_stock,,,,157,37.67 USD,,,txcd_99999999,exclusive,,"US:ALL:Standard:3-5:0.00 USD,US:ALL:Expedited:1-2:9.99 USD",US:ALL:Standard:50.00 USD,
NA-WALL-0246,Rugged Travel Wallet – Terracotta,"The Rugged Travel Wallet from Northwind Apparel, crafted in full-grain leather, slim, refined, and made to last. Shown in Terracotta.",https://livgpt.vercel.app/?merchant=northwind-apparel&product=NA-WALL-0246,Northwind Studio,,NA-WALL-0246,https://livgpt.vercel.app/mock-catalog/images/northwind-apparel/NA-WALL-0246.jpg,,,,new,Apparel & Accessories > Clothing Accessories,Accessories > Small Leather Goods,adult,Full-Grain Leather,8 in,6 in,4 in,1.07 lb,NA-WALL-GRP-011,Small Leather Goods,Terracotta,,,unisex,in_stock,,,,223,33.13 USD,25.91 USD,2026-07-01/2026-12-31,txcd_99999999,exclusive,,"US:ALL:Standard:3-5:0.00 USD,US:ALL:Expedited:1-2:9.99 USD",US:ALL:Standard:50.00 USD,
NA-WALL-0247,Premium Travel Wallet – Burgundy,"The Premium Travel Wallet from Northwind Apparel, crafted in full-grain leather, slim, refined, and made to last. Shown in Burgundy.",https://livgpt.vercel.app/?merchant=northwind-apparel&product=NA-WALL-0247,Northwind,,NA-WALL-0247,https://livgpt.vercel.app/mock-catalog/images/northwind-apparel/NA-WALL-0247.jpg,,,,new,Apparel & Accessories > Clothing Accessories,Accessories > Small Leather Goods,adult,Full-Grain Leather,8 in,6 in,4 in,1.05 lb,NA-WALL-GRP-011,Small Leather Goods,Burgundy,,,unisex,in_stock,,,,245,56.71 USD,,,txcd_99999999,exclusive,,"US:ALL:Standard:3-5:0.00 USD,US:ALL:Expedited:1-2:9.99 USD",US:ALL:Standard:50.00 USD,
NA-WALL-0248,Pro Bifold Wallet – Olive,"The Pro Bifold Wallet from Northwind Apparel, crafted in vegan leather, slim, refined, and made to last. Shown in Olive.",https://livgpt.vercel.app/?merchant=northwind-apparel&product=NA-WALL-0248,Northwind,,NA-WALL-0248,https://livgpt.vercel.app/mock-catalog/images/northwind-apparel/NA-WALL-0248.jpg,,,,new,Apparel & Accessories > Clothing Accessories,Accessories > Small Leather Goods,adult,Vegan Leather,8 in,6 in,4 in,1.03 lb,NA-WALL-GRP-012,Small Leather Goods,Olive,,,unisex,in_stock,,,,149,52.96 USD,41.75 USD,2026-07-01/2026-12-31,txcd_99999999,exclusive,,"US:ALL:Standard:3-5:0.00 USD,US:ALL:Expedited:1-2:9.99 USD",US:ALL:Standard:50.00 USD,
NA-WALL-0249,Everyday Travel Wallet – Terracotta,"The Everyday Travel Wallet from Northwind Apparel, crafted in vegan leather, slim, refined, and made to last. Shown in Terracotta.",https://livgpt.vercel.app/?merchant=northwind-apparel&product=NA-WALL-0249,Northwind Studio,,NA-WALL-0249,https://livgpt.vercel.app/mock-catalog/images/northwind-apparel/NA-WALL-0249.jpg,,,,new,Apparel & Accessories > Clothing Accessories,Accessories > Small Leather Goods,adult,Vegan Leather,8 in,6 in,4 in,1.01 lb,NA-WALL-GRP-012,Small Leather Goods,Terracotta,,,unisex,in_stock,,,,169,26.07 USD,,,txcd_99999999,exclusive,,"US:ALL:Standard:3-5:0.00 USD,US:ALL:Expedited:1-2:9.99 USD",US:ALL:Standard:50.00 USD,
NA-WALL-0250,Rugged Leather Belt – Black,"The Rugged Leather Belt from Northwind Apparel, crafted in vegan leather, slim, refined, and made to last. Shown in Black.",https://livgpt.vercel.app/?merchant=northwind-apparel&product=NA-WALL-0250,Northwind,,NA-WALL-0250,https://livgpt.vercel.app/mock-catalog/images/northwind-apparel/NA-WALL-0250.jpg,,,,new,Apparel & Accessories > Clothing Accessories,Accessories > Small Leather Goods,adult,Vegan Leather,8 in,6 in,4 in,0.97 lb,NA-WALL-GRP-013,Small Leather Goods,Black,,,unisex,in_stock,,,,91,56.08 USD,,,txcd_99999999,exclusive,,"US:ALL:Standard:3-5:0.00 USD,US:ALL:Expedited:1-2:9.99 USD",US:ALL:Standard:50.00 USD,
