id,title,description,link,image_link,additional_image_link,availability,price,sale_price,brand,gtin,mpn,condition,google_product_category,product_type,item_group_id,color,size,material,quantity
NA-TSHI-0001,Coastal V-Neck Tee – Forest Green,"The Coastal V-Neck Tee from Northwind Apparel, crafted in cotton blend, for an easy, everyday layer that pairs with anything. Shown in Forest Green.",https://northwind-apparel.example.com/products/na-tshi-0001,/mock-catalog/images/northwind-apparel/NA-TSHI-0001.jpg,,in_stock,36.02 USD,,Northwind Studio,,NA-TSHI-0001,new,Apparel & Accessories > Clothing > Shirts & Tops,Apparel > Tops > T-Shirts,NA-TSHI-GRP-001,Forest Green,XL,Cotton Blend,233
NA-TSHI-0002,Heritage Long-Sleeve Tee – Navy,"The Heritage Long-Sleeve Tee from Northwind Apparel, crafted in organic cotton, for an easy, everyday layer that pairs with anything. Shown in Navy.",https://northwind-apparel.example.com/products/na-tshi-0002,/mock-catalog/images/northwind-apparel/NA-TSHI-0002.jpg,,in_stock,19.73 USD,,Northwind Studio,,NA-TSHI-0002,new,Apparel & Accessories > Clothing > Shirts & Tops,Apparel > Tops > T-Shirts,NA-TSHI-GRP-001,Navy,XXL,Organic Cotton,34
NA-TSHI-0003,Luxe Pocket Tee – Terracotta,"The Luxe Pocket Tee from Northwind Apparel, crafted in cotton blend, for an easy, everyday layer that pairs with anything. Shown in Terracotta.",https://northwind-apparel.example.com/products/na-tshi-0003,/mock-catalog/images/northwind-apparel/NA-TSHI-0003.jpg,,in_stock,41.39 USD,34.71 USD,Northwind Studio,,NA-TSHI-0003,new,Apparel & Accessories > Clothing > Shirts & Tops,Apparel > Tops > T-Shirts,NA-TSHI-GRP-002,Terracotta,XXL,Cotton Blend,56
NA-TSHI-0004,Classic Long-Sleeve Tee – Forest Green,"The Classic Long-Sleeve Tee from Northwind Apparel, crafted in cotton blend, for an easy, everyday layer that pairs with anything. Shown in Forest Green.",https://northwind-apparel.example.com/products/na-tshi-0004,/mock-catalog/images/northwind-apparel/NA-TSHI-0004.jpg,,in_stock,39.99 USD,,Northwind Studio,,NA-TSHI-0004,new,Apparel & Accessories > Clothing > Shirts & Tops,Apparel > Tops > T-Shirts,NA-TSHI-GRP-002,Forest Green,XS,Cotton Blend,40
NA-TSHI-0005,Signature V-Neck Tee – Olive,"The Signature V-Neck Tee from Northwind Apparel, crafted in cotton blend, for an easy, everyday layer that pairs with anything. Shown in Olive.",https://northwind-apparel.example.com/products/na-tshi-0005,/mock-catalog/images/northwind-apparel/NA-TSHI-0005.jpg,,in_stock,32.58 USD,26.99 USD,Northwind,,NA-TSHI-0005,new,Apparel & Accessories > Clothing > Shirts & Tops,Apparel > Tops > T-Shirts,NA-TSHI-GRP-003,Olive,XL,Cotton Blend,91
NA-TSHI-0006,Everyday Henley – Slate Gray,"The Everyday Henley from Northwind Apparel, crafted in linen, for an easy, everyday layer that pairs with anything. Shown in Slate Gray.",https://northwind-apparel.example.com/products/na-tshi-0006,/mock-catalog/images/northwind-apparel/NA-TSHI-0006.jpg,,in_stock,38.86 USD,,Northwind,,NA-TSHI-0006,new,Apparel & Accessories > Clothing > Shirts & Tops,Apparel > Tops > T-Shirts,NA-TSHI-GRP-003,Slate Gray,XXL,Linen,158
NA-TSHI-0007,Coastal Long-Sleeve Tee – Cream,"The Coastal Long-Sleeve Tee from Northwind Apparel, crafted in organic cotton, for an easy, everyday layer that pairs with anything. Shown in Cream.",https://northwind-apparel.example.com/products/na-tshi-0007,/mock-catalog/images/northwind-apparel/NA-TSHI-0007.jpg,,in_stock,20.95 USD,,NW Active,,NA-TSHI-0007,new,Apparel & Accessories > Clothing > Shirts & Tops,Apparel > Tops > T-Shirts,NA-TSHI-GRP-004,Cream,L,Organic Cotton,82
NA-TSHI-0008,Trail Long-Sleeve Tee – Charcoal,"The Trail Long-Sleeve Tee from Northwind Apparel, crafted in organic cotton, for an easy, everyday layer that pairs with anything. Shown in Charcoal.",https://northwind-apparel.example.com/products/na-tshi-0008,/mock-catalog/images/northwind-apparel/NA-TSHI-0008.jpg,,in_stock,34.67 USD,,Northwind,,NA-TSHI-0008,new,Apparel & Accessories > Clothing > Shirts & Tops,Apparel > Tops > T-Shirts,NA-TSHI-GRP-004,Charcoal,XL,Organic Cotton,241
NA-TSHI-0009,Minimalist Pocket Tee – Burgundy,"The Minimalist Pocket Tee from Northwind Apparel, crafted in cotton blend, for an easy, everyday layer that pairs with anything. Shown in Burgundy.",https://northwind-apparel.example.com/products/na-tshi-0009,/mock-catalog/images/northwind-apparel/NA-TSHI-0009.jpg,,in_stock,33.41 USD,,NW Active,,NA-TSHI-0009,new,Apparel & Accessories > Clothing > Shirts & Tops,Apparel > Tops > T-Shirts,NA-TSHI-GRP-005,Burgundy,XXL,Cotton Blend,55
NA-TSHI-0010,Terra V-Neck Tee – Cream,"The Terra V-Neck Tee from Northwind Apparel, crafted in organic cotton, for an easy, everyday layer that pairs with anything. Shown in Cream.",https://northwind-apparel.example.com/products/na-tshi-0010,/mock-catalog/images/northwind-apparel/NA-TSHI-0010.jpg,,in_stock,25.41 USD,,Northwind,,NA-TSHI-0010,new,Apparel & Accessories > Clothing > Shirts & Tops,Apparel > Tops > T-Shirts,NA-TSHI-GRP-005,Cream,XL,Organic Cotton,85
NA-TSHI-0011,Luxe Henley – Forest Green,"The Luxe Henley from Northwind Apparel, crafted in cotton blend, for an easy, everyday layer that pairs with anything. Shown in Forest Green.",https://northwind-apparel.example.com/products/na-tshi-0011,/mock-catalog/images/northwind-apparel/NA-TSHI-0011.jpg,,in_stock,38.91 USD,,NW Active,,NA-TSHI-0011,new,Apparel & Accessories > Clothing > Shirts & Tops,Apparel > Tops > T-Shirts,NA-TSHI-GRP-006,Forest Green,L,Cotton Blend,15
NA-TSHI-0012,Modern V-Neck Tee – White,"The Modern V-Neck Tee from Northwind Apparel, crafted in organic cotton, for an easy, everyday layer that pairs with anything. Shown in White.",https://northwind-apparel.example.com/products/na-tshi-0012,/mock-catalog/images/northwind-apparel/NA-TSHI-0012.jpg,,in_stock,37.75 USD,29.76 USD,NW Active,,NA-TSHI-0012,new,Apparel & Accessories > Clothing > Shirts & Tops,Apparel > Tops > T-Shirts,NA-TSHI-GRP-006,White,M,Organic Cotton,120
NA-TSHI-0013,Terra Long-Sleeve Tee – Blush Pink,"The Terra Long-Sleeve Tee from Northwind Apparel, crafted in linen, for an easy, everyday layer that pairs with anything. Shown in Blush Pink.",https://northwind-apparel.example.com/products/na-tshi-0013,/mock-catalog/images/northwind-apparel/NA-TSHI-0013.jpg,,in_stock,35.03 USD,,Northwind Studio,,NA-TSHI-0013,new,Apparel & Accessories > Clothing > Shirts & Tops,Apparel > Tops > T-Shirts,NA-TSHI-GRP-007,Blush Pink,M,Linen,212
NA-TSHI-0014,Rugged Long-Sleeve Tee – Sand,"The Rugged Long-Sleeve Tee from Northwind Apparel, crafted in organic cotton, for an easy, everyday layer that pairs with anything. Shown in Sand.",https://northwind-apparel.example.com/products/na-tshi-0014,/mock-catalog/images/northwind-apparel/NA-TSHI-0014.jpg,,in_stock,33.81 USD,26.53 USD,Northwind,,NA-TSHI-0014,new,Apparel & Accessories > Clothing > Shirts & Tops,Apparel > Tops > T-Shirts,NA-TSHI-GRP-007,Sand,L,Organic Cotton,138
NA-TSHI-0015,Urban V-Neck Tee – Burgundy,"The Urban V-Neck Tee from Northwind Apparel, crafted in organic cotton, for an easy, everyday layer that pairs with anything. Shown in Burgundy.",https://northwind-apparel.example.com/products/na-tshi-0015,/mock-catalog/images/northwind-apparel/NA-TSHI-0015.jpg,,in_stock,19.77 USD,,NW Active,,NA-TSHI-0015,new,Apparel & Accessories > Clothing > Shirts & Tops,Apparel > Tops > T-Shirts,NA-TSHI-GRP-008,Burgundy,XL,Organic Cotton,91
NA-HOOD-0016,Coastal Pullover Hoodie – Charcoal,"The Coastal Pullover Hoodie from Northwind Apparel, crafted in brushed fleece, for weekend comfort with a modern fit. Shown in Charcoal.",https://northwind-apparel.example.com/products/na-hood-0016,/mock-catalog/images/northwind-apparel/NA-HOOD-0016.jpg,,in_stock,77.26 USD,,Northwind Studio,,NA-HOOD-0016,new,Apparel & Accessories > Clothing > Outerwear,Apparel > Tops > Hoodies,NA-HOOD-GRP-001,Charcoal,L,Brushed Fleece,116
NA-HOOD-0017,Rugged Crewneck Sweatshirt – Cream,"The Rugged Crewneck Sweatshirt from Northwind Apparel, crafted in cotton blend, for weekend comfort with a modern fit. Shown in Cream.",https://northwind-apparel.example.com/products/na-hood-0017,/mock-catalog/images/northwind-apparel/NA-HOOD-0017.jpg,,in_stock,49.56 USD,,Northwind Studio,,NA-HOOD-0017,new,Apparel & Accessories > Clothing > Outerwear,Apparel > Tops > Hoodies,NA-HOOD-GRP-001,Cream,XL,Cotton Blend,150
NA-HOOD-0018,Premium Zip Hoodie – Cream,"The Premium Zip Hoodie from Northwind Apparel, crafted in brushed fleece, for weekend comfort with a modern fit. Shown in Cream.",https://northwind-apparel.example.com/products/na-hood-0018,/mock-catalog/images/northwind-apparel/NA-HOOD-0018.jpg,,in_stock,88.56 USD,,NW Active,,NA-HOOD-0018,new,Apparel & Accessories > Clothing > Outerwear,Apparel > Tops > Hoodies,NA-HOOD-GRP-002,Cream,S,Brushed Fleece,92
NA-HOOD-0019,Coastal Zip Hoodie – Forest Green,"The Coastal Zip Hoodie from Northwind Apparel, crafted in brushed fleece, for weekend comfort with a modern fit. Shown in Forest Green.",https://northwind-apparel.example.com/products/na-hood-0019,/mock-catalog/images/northwind-apparel/NA-HOOD-0019.jpg,,in_stock,56.48 USD,,Northwind,,NA-HOOD-0019,new,Apparel & Accessories > Clothing > Outerwear,Apparel > Tops > Hoodies,NA-HOOD-GRP-002,Forest Green,M,Brushed Fleece,19
NA-HOOD-0020,Everyday Fleece Hoodie – Black,"The Everyday Fleece Hoodie from Northwind Apparel, crafted in french terry, for weekend comfort with a modern fit. Shown in Black.",https://northwind-apparel.example.com/products/na-hood-0020,/mock-catalog/images/northwind-apparel/NA-HOOD-0020.jpg,,in_stock,80.14 USD,,Northwind Studio,,NA-HOOD-0020,new,Apparel & Accessories > Clothing > Outerwear,Apparel > Tops > Hoodies,NA-HOOD-GRP-003,Black,XXL,French Terry,77
NA-HOOD-0021,Minimalist Zip Hoodie – Sand,"The Minimalist Zip Hoodie from Northwind Apparel, crafted in cotton blend, for weekend comfort with a modern fit. Shown in Sand.",https://northwind-apparel.example.com/products/na-hood-0021,/mock-catalog/images/northwind-apparel/NA-HOOD-0021.jpg,,in_stock,50.51 USD,44.31 USD,Northwind,,NA-HOOD-0021,new,Apparel & Accessories > Clothing > Outerwear,Apparel > Tops > Hoodies,NA-HOOD-GRP-003,Sand,XXL,Cotton Blend,176
NA-HOOD-0022,Studio Fleece Hoodie – Slate Gray,"The Studio Fleece Hoodie from Northwind Apparel, crafted in brushed fleece, for weekend comfort with a modern fit. Shown in Slate Gray.",https://northwind-apparel.example.com/products/na-hood-0022,/mock-catalog/images/northwind-apparel/NA-HOOD-0022.jpg,,in_stock,60.02 USD,,Northwind,,NA-HOOD-0022,new,Apparel & Accessories > Clothing > Outerwear,Apparel > Tops > Hoodies,NA-HOOD-GRP-004,Slate Gray,S,Brushed Fleece,84
NA-HOOD-0023,Studio Crewneck Sweatshirt – Sky Blue,"The Studio Crewneck Sweatshirt from Northwind Apparel, crafted in french terry, for weekend comfort with a modern fit. Shown in Sky Blue.",https://northwind-apparel.example.com/products/na-hood-0023,/mock-catalog/images/northwind-apparel/NA-HOOD-0023.jpg,,in_stock,85.74 USD,,Northwind Studio,,NA-HOOD-0023,new,Apparel & Accessories > Clothing > Outerwear,Apparel > Tops > Hoodies,NA-HOOD-GRP-004,Sky Blue,XL,French Terry,197
NA-HOOD-0024,Terra Zip Hoodie – Black,"The Terra Zip Hoodie from Northwind Apparel, crafted in french terry, for weekend comfort with a modern fit. Shown in Black.",https://northwind-apparel.example.com/products/na-hood-0024,/mock-catalog/images/northwind-apparel/NA-HOOD-0024.jpg,,in_stock,78.45 USD,,Northwind,,NA-HOOD-0024,new,Apparel & Accessories > Clothing > Outerwear,Apparel > Tops > Hoodies,NA-HOOD-GRP-005,Black,M,French Terry,51
NA-HOOD-0025,Luxe Zip Hoodie – Slate Gray,"The Luxe Zip Hoodie from Northwind Apparel, crafted in brushed fleece, for weekend comfort with a modern fit. Shown in Slate Gray.",https://northwind-apparel.example.com/products/na-hood-0025,/mock-catalog/images/northwind-apparel/NA-HOOD-0025.jpg,,in_stock,96.16 USD,78.51 USD,NW Active,,NA-HOOD-0025,new,Apparel & Accessories > Clothing > Outerwear,Apparel > Tops > Hoodies,NA-HOOD-GRP-005,Slate Gray,S,Brushed Fleece,209
NA-HOOD-0026,Modern Fleece Hoodie – Burgundy,"The Modern Fleece Hoodie from Northwind Apparel, crafted in cotton blend, for weekend comfort with a modern fit. Shown in Burgundy.",https://northwind-apparel.example.com/products/na-hood-0026,/mock-catalog/images/northwind-apparel/NA-HOOD-0026.jpg,,in_stock,63.22 USD,,Northwind Studio,,NA-HOOD-0026,new,Apparel & Accessories > Clothing > Outerwear,Apparel > Tops > Hoodies,NA-HOOD-GRP-006,Burgundy,M,Cotton Blend,118
NA-HOOD-0027,Urban Pullover Hoodie – Burgundy,"The Urban Pullover Hoodie from Northwind Apparel, crafted in french terry, for weekend comfort with a modern fit. Shown in Burgundy.",https://northwind-apparel.example.com/products/na-hood-0027,/mock-catalog/images/northwind-apparel/NA-HOOD-0027.jpg,,in_stock,87.44 USD,76.77 USD,Northwind Studio,,NA-HOOD-0027,new,Apparel & Accessories > Clothing > Outerwear,Apparel > Tops > Hoodies,NA-HOOD-GRP-006,Burgundy,M,French Terry,166
NA-HOOD-0028,Coastal Fleece Hoodie – Olive,"The Coastal Fleece Hoodie from Northwind Apparel, crafted in brushed fleece, for weekend comfort with a modern fit. Shown in Olive.",https://northwind-apparel.example.com/products/na-hood-0028,/mock-catalog/images/northwind-apparel/NA-HOOD-0028.jpg,,in_stock,68.86 USD,,Northwind Studio,,NA-HOOD-0028,new,Apparel & Accessories > Clothing > Outerwear,Apparel > Tops > Hoodies,NA-HOOD-GRP-007,Olive,S,Brushed Fleece,143
NA-HOOD-0029,Trail Fleece Hoodie – Cream,"The Trail Fleece Hoodie from Northwind Apparel, crafted in brushed fleece, for weekend comfort with a modern fit. Shown in Cream.",https://northwind-apparel.example.com/products/na-hood-0029,/mock-catalog/images/northwind-apparel/NA-HOOD-0029.jpg,,in_stock,85.12 USD,66.66 USD,Northwind Studio,,NA-HOOD-0029,new,Apparel & Accessories > Clothing > Outerwear,Apparel > Tops > Hoodies,NA-HOOD-GRP-007,Cream,L,Brushed Fleece,227
NA-HOOD-0030,Everyday Crewneck Sweatshirt – Cream,"The Everyday Crewneck Sweatshirt from Northwind Apparel, crafted in brushed fleece, for weekend comfort with a modern fit. Shown in Cream.",https://northwind-apparel.example.com/products/na-hood-0030,/mock-catalog/images/northwind-apparel/NA-HOOD-0030.jpg,,in_stock,78.12 USD,,Northwind Studio,,NA-HOOD-0030,new,Apparel & Accessories > Clothing > Outerwear,Apparel > Tops > Hoodies,NA-HOOD-GRP-008,Cream,XXL,Brushed Fleece,220
NA-ACTI-0031,Premium Training Shorts – White,"The Premium Training Shorts from Northwind Apparel, crafted in recycled poly, built to move with breathable, quick-dry performance. Shown in White.",https://northwind-apparel.example.com/products/na-acti-0031,/mock-catalog/images/northwind-apparel/NA-ACTI-0031.jpg,,in_stock,52.58 USD,,Northwind,,NA-ACTI-0031,new,Apparel & Accessories > Clothing > Activewear,Apparel > Activewear,NA-ACTI-GRP-001,White,M,Recycled Poly,64
NA-ACTI-0032,Classic Training Shorts – White,"The Classic Training Shorts from Northwind Apparel, crafted in moisture-wick knit, built to move with breathable, quick-dry performance. Shown in White.",https://northwind-apparel.example.com/products/na-acti-0032,/mock-catalog/images/northwind-apparel/NA-ACTI-0032.jpg,,in_stock,57.10 USD,,Northwind,,NA-ACTI-0032,new,Apparel & Accessories > Clothing > Activewear,Apparel > Activewear,NA-ACTI-GRP-001,White,L,Moisture-Wick Knit,24
NA-ACTI-0033,Essential Track Jacket – Charcoal,"The Essential Track Jacket from Northwind Apparel, crafted in recycled poly, built to move with breathable, quick-dry performance. Shown in Charcoal.",https://northwind-apparel.example.com/products/na-acti-0033,/mock-catalog/images/northwind-apparel/NA-ACTI-0033.jpg,,in_stock,47.85 USD,,Northwind,,NA-ACTI-0033,new,Apparel & Accessories > Clothing > Activewear,Apparel > Activewear,NA-ACTI-GRP-002,Charcoal,M,Recycled Poly,225
NA-ACTI-0034,Urban Jogger Pants – Sand,"The Urban Jogger Pants from Northwind Apparel, crafted in moisture-wick knit, built to move with breathable, quick-dry performance. Shown in Sand.",https://northwind-apparel.example.com/products/na-acti-0034,/mock-catalog/images/northwind-apparel/NA-ACTI-0034.jpg,,in_stock,66.34 USD,,Northwind Studio,,NA-ACTI-0034,new,Apparel & Accessories > Clothing > Activewear,Apparel > Activewear,NA-ACTI-GRP-002,Sand,L,Moisture-Wick Knit,93
NA-ACTI-0035,Heritage Jogger Pants – Navy,"The Heritage Jogger Pants from Northwind Apparel, crafted in recycled poly, built to move with breathable, quick-dry performance. Shown in Navy.",https://northwind-apparel.example.com/products/na-acti-0035,/mock-catalog/images/northwind-apparel/NA-ACTI-0035.jpg,,in_stock,38.71 USD,,Northwind Studio,,NA-ACTI-0035,new,Apparel & Accessories > Clothing > Activewear,Apparel > Activewear,NA-ACTI-GRP-003,Navy,M,Recycled Poly,128
NA-ACTI-0036,Coastal Track Jacket – Burgundy,"The Coastal Track Jacket from Northwind Apparel, crafted in recycled poly, built to move with breathable, quick-dry performance. Shown in Burgundy.",https://northwind-apparel.example.com/products/na-acti-0036,/mock-catalog/images/northwind-apparel/NA-ACTI-0036.jpg,,in_stock,37.01 USD,,Northwind,,NA-ACTI-0036,new,Apparel & Accessories > Clothing > Activewear,Apparel > Activewear,NA-ACTI-GRP-003,Burgundy,S,Recycled Poly,163
NA-ACTI-0037,Studio Track Jacket – Sky Blue,"The Studio Track Jacket from Northwind Apparel, crafted in recycled poly, built to move with breathable, quick-dry performance. Shown in Sky Blue.",https://northwind-apparel.example.com/products/na-acti-0037,/mock-catalog/images/northwind-apparel/NA-ACTI-0037.jpg,,in_stock,81.60 USD,,Northwind Studio,,NA-ACTI-0037,new,Apparel & Accessories > Clothing > Activewear,Apparel > Activewear,NA-ACTI-GRP-004,Sky Blue,XXL,Recycled Poly,75
NA-ACTI-0038,Luxe Track Jacket – Slate Gray,"The Luxe Track Jacket from Northwind Apparel, crafted in moisture-wick knit, built to move with breathable, quick-dry performance. Shown in Slate Gray.",https://northwind-apparel.example.com/products/na-acti-0038,/mock-catalog/images/northwind-apparel/NA-ACTI-0038.jpg,,in_stock,85.30 USD,,Northwind Studio,,NA-ACTI-0038,new,Apparel & Accessories > Clothing > Activewear,Apparel > Activewear,NA-ACTI-GRP-004,Slate Gray,XXL,Moisture-Wick Knit,250
NA-ACTI-0039,Coastal Performance Tee – Forest Green,"The Coastal Performance Tee from Northwind Apparel, crafted in moisture-wick knit, built to move with breathable, quick-dry performance. Shown in Forest Green.",https://northwind-apparel.example.com/products/na-acti-0039,/mock-catalog/images/northwind-apparel/NA-ACTI-0039.jpg,,in_stock,36.20 USD,,NW Active,,NA-ACTI-0039,new,Apparel & Accessories > Clothing > Activewear,Apparel > Activewear,NA-ACTI-GRP-005,Forest Green,S,Moisture-Wick Knit,150
NA-ACTI-0040,Studio Jogger Pants – Burgundy,"The Studio Jogger Pants from Northwind Apparel, crafted in recycled poly, built to move with breathable, quick-dry performance. Shown in Burgundy.",https://northwind-apparel.example.com/products/na-acti-0040,/mock-catalog/images/northwind-apparel/NA-ACTI-0040.jpg,,in_stock,87.79 USD,,Northwind Studio,,NA-ACTI-0040,new,Apparel & Accessories > Clothing > Activewear,Apparel > Activewear,NA-ACTI-GRP-005,Burgundy,S,Recycled Poly,80
NA-ACTI-0041,Everyday Training Shorts – Forest Green,"The Everyday Training Shorts from Northwind Apparel, crafted in moisture-wick knit, built to move with breathable, quick-dry performance. Shown in Forest Green.",https://northwind-apparel.example.com/products/na-acti-0041,/mock-catalog/images/northwind-apparel/NA-ACTI-0041.jpg,,in_stock,54.94 USD,,NW Active,,NA-ACTI-0041,new,Apparel & Accessories > Clothing > Activewear,Apparel > Activewear,NA-ACTI-GRP-006,Forest Green,XS,Moisture-Wick Knit,192
NA-ACTI-0042,Classic Jogger Pants – Slate Gray,"The Classic Jogger Pants from Northwind Apparel, crafted in moisture-wick knit, built to move with breathable, quick-dry performance. Shown in Slate Gray.",https://northwind-apparel.example.com/products/na-acti-0042,/mock-catalog/images/northwind-apparel/NA-ACTI-0042.jpg,,in_stock,68.86 USD,,Northwind Studio,,NA-ACTI-0042,new,Apparel & Accessories > Clothing > Activewear,Apparel > Activewear,NA-ACTI-GRP-006,Slate Gray,S,Moisture-Wick Knit,228
NA-ACTI-0043,Modern Training Shorts – Cream,"The Modern Training Shorts from Northwind Apparel, crafted in moisture-wick knit, built to move with breathable, quick-dry performance. Shown in Cream.",https://northwind-apparel.example.com/products/na-acti-0043,/mock-catalog/images/northwind-apparel/NA-ACTI-0043.jpg,,in_stock,71.54 USD,,Northwind,,NA-ACTI-0043,new,Apparel & Accessories > Clothing > Activewear,Apparel > Activewear,NA-ACTI-GRP-007,Cream,M,Moisture-Wick Knit,17
NA-ACTI-0044,Minimalist Training Shorts – Navy,"The Minimalist Training Shorts from Northwind Apparel, crafted in recycled poly, built to move with breathable, quick-dry performance. Shown in Navy.",https://northwind-apparel.example.com/products/na-acti-0044,/mock-catalog/images/northwind-apparel/NA-ACTI-0044.jpg,,in_stock,38.27 USD,,Northwind Studio,,NA-ACTI-0044,new,Apparel & Accessories > Clothing > Activewear,Apparel > Activewear,NA-ACTI-GRP-007,Navy,M,Recycled Poly,225
NA-ACTI-0045,Luxe Jogger Pants – Blush Pink,"The Luxe Jogger Pants from Northwind Apparel, crafted in recycled poly, built to move with breathable, quick-dry performance. Shown in Blush Pink.",https://northwind-apparel.example.com/products/na-acti-0045,/mock-catalog/images/northwind-apparel/NA-ACTI-0045.jpg,,in_stock,34.88 USD,,Northwind Studio,,NA-ACTI-0045,new,Apparel & Accessories > Clothing > Activewear,Apparel > Activewear,NA-ACTI-GRP-008,Blush Pink,L,Recycled Poly,104
NA-HATS-0046,Premium Trucker Hat – Forest Green,"The Premium Trucker Hat from Northwind Apparel, crafted in knit, to top off any look, sun or shade. Shown in Forest Green.",https://northwind-apparel.example.com/products/na-hats-0046,/mock-catalog/images/northwind-apparel/NA-HATS-0046.jpg,,in_stock,23.32 USD,,NW Active,,NA-HATS-0046,new,Apparel & Accessories > Clothing Accessories > Hats,Accessories > Hats,NA-HATS-GRP-001,Forest Green,,Knit,43
NA-HATS-0047,Terra Dad Cap – Slate Gray,"The Terra Dad Cap from Northwind Apparel, crafted in cotton twill, to top off any look, sun or shade. Shown in Slate Gray.",https://northwind-apparel.example.com/products/na-hats-0047,/mock-catalog/images/northwind-apparel/NA-HATS-0047.jpg,,in_stock,37.32 USD,,Northwind,,NA-HATS-0047,new,Apparel & Accessories > Clothing Accessories > Hats,Accessories > Hats,NA-HATS-GRP-001,Slate Gray,,Cotton Twill,71
NA-HATS-0048,Everyday Beanie – Sand,"The Everyday Beanie from Northwind Apparel, crafted in cotton twill, to top off any look, sun or shade. Shown in Sand.",https://northwind-apparel.example.com/products/na-hats-0048,/mock-catalog/images/northwind-apparel/NA-HATS-0048.jpg,,in_stock,22.63 USD,,Northwind,,NA-HATS-0048,new,Apparel & Accessories > Clothing Accessories > Hats,Accessories > Hats,NA-HATS-GRP-002,Sand,,Cotton Twill,234
NA-HATS-0049,Classic Beanie – Cream,"The Classic Beanie from Northwind Apparel, crafted in knit, to top off any look, sun or shade. Shown in Cream.",https://northwind-apparel.example.com/products/na-hats-0049,/mock-catalog/images/northwind-apparel/NA-HATS-0049.jpg,,in_stock,29.16 USD,,Northwind,,NA-HATS-0049,new,Apparel & Accessories > Clothing Accessories > Hats,Accessories > Hats,NA-HATS-GRP-002,Cream,,Knit,151
NA-HATS-0050,Luxe Dad Cap – Forest Green,"The Luxe Dad Cap from Northwind Apparel, crafted in knit, to top off any look, sun or shade. Shown in Forest Green.",https://northwind-apparel.example.com/products/na-hats-0050,/mock-catalog/images/northwind-apparel/NA-HATS-0050.jpg,,in_stock,22.91 USD,19.92 USD,NW Active,,NA-HATS-0050,new,Apparel & Accessories > Clothing Accessories > Hats,Accessories > Hats,NA-HATS-GRP-003,Forest Green,,Knit,16
NA-HATS-0051,Coastal Trucker Hat – White,"The Coastal Trucker Hat from Northwind Apparel, crafted in knit, to top off any look, sun or shade. Shown in White.",https://northwind-apparel.example.com/products/na-hats-0051,/mock-catalog/images/northwind-apparel/NA-HATS-0051.jpg,,in_stock,35.39 USD,,Northwind,,NA-HATS-0051,new,Apparel & Accessories > Clothing Accessories > Hats,Accessories > Hats,NA-HATS-GRP-003,White,,Knit,164
NA-HATS-0052,Rugged Trucker Hat – Forest Green,"The Rugged Trucker Hat from Northwind Apparel, crafted in cotton twill, to top off any look, sun or shade. Shown in Forest Green.",https://northwind-apparel.example.com/products/na-hats-0052,/mock-catalog/images/northwind-apparel/NA-HATS-0052.jpg,,in_stock,20.84 USD,,NW Active,,NA-HATS-0052,new,Apparel & Accessories > Clothing Accessories > Hats,Accessories > Hats,NA-HATS-GRP-004,Forest Green,,Cotton Twill,132
NA-HATS-0053,Heritage Trucker Hat – Navy,"The Heritage Trucker Hat from Northwind Apparel, crafted in knit, to top off any look, sun or shade. Shown in Navy.",https://northwind-apparel.example.com/products/na-hats-0053,/mock-catalog/images/northwind-apparel/NA-HATS-0053.jpg,,in_stock,24.97 USD,,NW Active,,NA-HATS-0053,new,Apparel & Accessories > Clothing Accessories > Hats,Accessories > Hats,NA-HATS-GRP-004,Navy,,Knit,235
NA-HATS-0054,Aero Beanie – Sand,"The Aero Beanie from Northwind Apparel, crafted in knit, to top off any look, sun or shade. Shown in Sand.",https://northwind-apparel.example.com/products/na-hats-0054,/mock-catalog/images/northwind-apparel/NA-HATS-0054.jpg,,in_stock,27.32 USD,,Northwind,,NA-HATS-0054,new,Apparel & Accessories > Clothing Accessories > Hats,Accessories > Hats,NA-HATS-GRP-005,Sand,,Knit,78
NA-HATS-0055,Pro Bucket Hat – Burgundy,"The Pro Bucket Hat from Northwind Apparel, crafted in knit, to top off any look, sun or shade. Shown in Burgundy.",https://northwind-apparel.example.com/products/na-hats-0055,/mock-catalog/images/northwind-apparel/NA-HATS-0055.jpg,,in_stock,31.37 USD,,Northwind Studio,,NA-HATS-0055,new,Apparel & Accessories > Clothing Accessories > Hats,Accessories > Hats,NA-HATS-GRP-005,Burgundy,,Knit,200
NA-HATS-0056,Everyday Trucker Hat – Olive,"The Everyday Trucker Hat from Northwind Apparel, crafted in knit, to top off any look, sun or shade. Shown in Olive.",https://northwind-apparel.example.com/products/na-hats-0056,/mock-catalog/images/northwind-apparel/NA-HATS-0056.jpg,,in_stock,25.94 USD,,Northwind Studio,,NA-HATS-0056,new,Apparel & Accessories > Clothing Accessories > Hats,Accessories > Hats,NA-HATS-GRP-006,Olive,,Knit,9
NA-HATS-0057,Essential Trucker Hat – Sand,"The Essential Trucker Hat from Northwind Apparel, crafted in knit, to top off any look, sun or shade. Shown in Sand.",https://northwind-apparel.example.com/products/na-hats-0057,/mock-catalog/images/northwind-apparel/NA-HATS-0057.jpg,,in_stock,19.52 USD,,Northwind Studio,,NA-HATS-0057,new,Apparel & Accessories > Clothing Accessories > Hats,Accessories > Hats,NA-HATS-GRP-006,Sand,,Knit,41
NA-HATS-0058,Signature Dad Cap – Olive,"The Signature Dad Cap from Northwind Apparel, crafted in cotton twill, to top off any look, sun or shade. Shown in Olive.",https://northwind-apparel.example.com/products/na-hats-0058,/mock-catalog/images/northwind-apparel/NA-HATS-0058.jpg,,in_stock,36.52 USD,,Northwind,,NA-HATS-0058,new,Apparel & Accessories > Clothing Accessories > Hats,Accessories > Hats,NA-HATS-GRP-007,Olive,,Cotton Twill,243
NA-HATS-0059,Studio Dad Cap – Slate Gray,"The Studio Dad Cap from Northwind Apparel, crafted in cotton twill, to top off any look, sun or shade. Shown in Slate Gray.",https://northwind-apparel.example.com/products/na-hats-0059,/mock-catalog/images/northwind-apparel/NA-HATS-0059.jpg,,in_stock,31.29 USD,,NW Active,,NA-HATS-0059,new,Apparel & Accessories > Clothing Accessories > Hats,Accessories > Hats,NA-HATS-GRP-007,Slate Gray,,Cotton Twill,24
NA-HATS-0060,Nova Beanie – Terracotta,"The Nova Beanie from Northwind Apparel, crafted in cotton twill, to top off any look, sun or shade. Shown in Terracotta.",https://northwind-apparel.example.com/products/na-hats-0060,/mock-catalog/images/northwind-apparel/NA-HATS-0060.jpg,,in_stock,35.92 USD,,Northwind,,NA-HATS-0060,new,Apparel & Accessories > Clothing Accessories > Hats,Accessories > Hats,NA-HATS-GRP-008,Terracotta,,Cotton Twill,238
NA-SUNG-0061,Aero Wayfarer Sunglasses – Sand,"The Aero Wayfarer Sunglasses from Northwind Apparel, crafted in recycled frame, with UV400 protection and a timeless silhouette. Shown in Sand.",https://northwind-apparel.example.com/products/na-sung-0061,/mock-catalog/images/northwind-apparel/NA-SUNG-0061.jpg,,in_stock,47.29 USD,,Northwind Studio,,NA-SUNG-0061,new,Apparel & Accessories > Clothing Accessories > Sunglasses,Accessories > Eyewear > Sunglasses,NA-SUNG-GRP-001,Sand,,Recycled Frame,144
NA-SUNG-0062,Modern Round Sunglasses – Sand,"The Modern Round Sunglasses from Northwind Apparel, crafted in recycled frame, with UV400 protection and a timeless silhouette. Shown in Sand.",https://northwind-apparel.example.com/products/na-sung-0062,/mock-catalog/images/northwind-apparel/NA-SUNG-0062.jpg,,in_stock,102.32 USD,,NW Active,,NA-SUNG-0062,new,Apparel & Accessories > Clothing Accessories > Sunglasses,Accessories > Eyewear > Sunglasses,NA-SUNG-GRP-001,Sand,,Recycled Frame,223
NA-SUNG-0063,Essential Aviator Sunglasses – Olive,"The Essential Aviator Sunglasses from Northwind Apparel, crafted in acetate, with UV400 protection and a timeless silhouette. Shown in Olive.",https://northwind-apparel.example.com/products/na-sung-0063,/mock-catalog/images/northwind-apparel/NA-SUNG-0063.jpg,,in_stock,53.66 USD,,Northwind Studio,,NA-SUNG-0063,new,Apparel & Accessories > Clothing Accessories > Sunglasses,Accessories > Eyewear > Sunglasses,NA-SUNG-GRP-002,Olive,,Acetate,18
NA-SUNG-0064,Pro Round Sunglasses – Terracotta,"The Pro Round Sunglasses from Northwind Apparel, crafted in recycled frame, with UV400 protection and a timeless silhouette. Shown in Terracotta.",https://northwind-apparel.example.com/products/na-sung-0064,/mock-catalog/images/northwind-apparel/NA-SUNG-0064.jpg,,in_stock,110.83 USD,,NW Active,,NA-SUNG-0064,new,Apparel & Accessories > Clothing Accessories > Sunglasses,Accessories > Eyewear > Sunglasses,NA-SUNG-GRP-002,Terracotta,,Recycled Frame,79
NA-SUNG-0065,Terra Aviator Sunglasses – Forest Green,"The Terra Aviator Sunglasses from Northwind Apparel, crafted in recycled frame, with UV400 protection and a timeless silhouette. Shown in Forest Green.",https://northwind-apparel.example.com/products/na-sung-0065,/mock-catalog/images/northwind-apparel/NA-SUNG-0065.jpg,,in_stock,86.48 USD,,Northwind Studio,,NA-SUNG-0065,new,Apparel & Accessories > Clothing Accessories > Sunglasses,Accessories > Eyewear > Sunglasses,NA-SUNG-GRP-003,Forest Green,,Recycled Frame,32
NA-SUNG-0066,Minimalist Round Sunglasses – Sky Blue,"The Minimalist Round Sunglasses from Northwind Apparel, crafted in recycled frame, with UV400 protection and a timeless silhouette. Shown in Sky Blue.",https://northwind-apparel.example.com/products/na-sung-0066,/mock-catalog/images/northwind-apparel/NA-SUNG-0066.jpg,,in_stock,86.34 USD,,Northwind Studio,,NA-SUNG-0066,new,Apparel & Accessories > Clothing Accessories > Sunglasses,Accessories > Eyewear > Sunglasses,NA-SUNG-GRP-003,Sky Blue,,Recycled Frame,219
NA-SUNG-0067,Signature Sport Sunglasses – Blush Pink,"The Signature Sport Sunglasses from Northwind Apparel, crafted in recycled frame, with UV400 protection and a timeless silhouette. Shown in Blush Pink.",https://northwind-apparel.example.com/products/na-sung-0067,/mock-catalog/images/northwind-apparel/NA-SUNG-0067.jpg,,in_stock,129.19 USD,,Northwind Studio,,NA-SUNG-0067,new,Apparel & Accessories > Clothing Accessories > Sunglasses,Accessories > Eyewear > Sunglasses,NA-SUNG-GRP-004,Blush Pink,,Recycled Frame,57
NA-SUNG-0068,Terra Sport Sunglasses – Sky Blue,"The Terra Sport Sunglasses from Northwind Apparel, crafted in recycled frame, with UV400 protection and a timeless silhouette. Shown in Sky Blue.",https://northwind-apparel.example.com/products/na-sung-0068,/mock-catalog/images/northwind-apparel/NA-SUNG-0068.jpg,,in_stock,49.84 USD,,NW Active,,NA-SUNG-0068,new,Apparel & Accessories > Clothing Accessories > Sunglasses,Accessories > Eyewear > Sunglasses,NA-SUNG-GRP-004,Sky Blue,,Recycled Frame,136
NA-SUNG-0069,Essential Round Sunglasses – Charcoal,"The Essential Round Sunglasses from Northwind Apparel, crafted in acetate, with UV400 protection and a timeless silhouette. Shown in Charcoal.",https://northwind-apparel.example.com/products/na-sung-0069,/mock-catalog/images/northwind-apparel/NA-SUNG-0069.jpg,,in_stock,70.89 USD,53.16 USD,Northwind Studio,,NA-SUNG-0069,new,Apparel & Accessories > Clothing Accessories > Sunglasses,Accessories > Eyewear > Sunglasses,NA-SUNG-GRP-005,Charcoal,,Acetate,26
NA-SUNG-0070,Premium Aviator Sunglasses – Slate Gray,"The Premium Aviator Sunglasses from Northwind Apparel, crafted in recycled frame, with UV400 protection and a timeless silhouette. Shown in Slate Gray.",https://northwind-apparel.example.com/products/na-sung-0070,/mock-catalog/images/northwind-apparel/NA-SUNG-0070.jpg,,in_stock,69.87 USD,57.57 USD,Northwind Studio,,NA-SUNG-0070,new,Apparel & Accessories > Clothing Accessories > Sunglasses,Accessories > Eyewear > Sunglasses,NA-SUNG-GRP-005,Slate Gray,,Recycled Frame,24
NA-SUNG-0071,Heritage Wayfarer Sunglasses – Navy,"The Heritage Wayfarer Sunglasses from Northwind Apparel, crafted in acetate, with UV400 protection and a timeless silhouette. Shown in Navy.",https://northwind-apparel.example.com/products/na-sung-0071,/mock-catalog/images/northwind-apparel/NA-SUNG-0071.jpg,,in_stock,57.62 USD,,Northwind Studio,,NA-SUNG-0071,new,Apparel & Accessories > Clothing Accessories > Sunglasses,Accessories > Eyewear > Sunglasses,NA-SUNG-GRP-006,Navy,,Acetate,242
NA-SUNG-0072,Coastal Wayfarer Sunglasses – Sand,"The Coastal Wayfarer Sunglasses from Northwind Apparel, crafted in acetate, with UV400 protection and a timeless silhouette. Shown in Sand.",https://northwind-apparel.example.com/products/na-sung-0072,/mock-catalog/images/northwind-apparel/NA-SUNG-0072.jpg,,in_stock,137.50 USD,,Northwind,,NA-SUNG-0072,new,Apparel & Accessories > Clothing Accessories > Sunglasses,Accessories > Eyewear > Sunglasses,NA-SUNG-GRP-006,Sand,,Acetate,228
NA-SUNG-0073,Classic Sport Sunglasses – Sand,"The Classic Sport Sunglasses from Northwind Apparel, crafted in recycled frame, with UV400 protection and a timeless silhouette. Shown in Sand.",https://northwind-apparel.example.com/products/na-sung-0073,/mock-catalog/images/northwind-apparel/NA-SUNG-0073.jpg,,in_stock,69.01 USD,57.29 USD,Northwind Studio,,NA-SUNG-0073,new,Apparel & Accessories > Clothing Accessories > Sunglasses,Accessories > Eyewear > Sunglasses,NA-SUNG-GRP-007,Sand,,Recycled Frame,118
NA-SUNG-0074,Classic Round Sunglasses – Olive,"The Classic Round Sunglasses from Northwind Apparel, crafted in acetate, with UV400 protection and a timeless silhouette. Shown in Olive.",https://northwind-apparel.example.com/products/na-sung-0074,/mock-catalog/images/northwind-apparel/NA-SUNG-0074.jpg,,in_stock,143.24 USD,,Northwind Studio,,NA-SUNG-0074,new,Apparel & Accessories > Clothing Accessories > Sunglasses,Accessories > Eyewear > Sunglasses,NA-SUNG-GRP-007,Olive,,Acetate,51
NA-SUNG-0075,Nova Aviator Sunglasses – Slate Gray,"The Nova Aviator Sunglasses from Northwind Apparel, crafted in recycled frame, with UV400 protection and a timeless silhouette. Shown in Slate Gray.",https://northwind-apparel.example.com/products/na-sung-0075,/mock-catalog/images/northwind-apparel/NA-SUNG-0075.jpg,,in_stock,138.04 USD,,Northwind Studio,,NA-SUNG-0075,new,Apparel & Accessories > Clothing Accessories > Sunglasses,Accessories > Eyewear > Sunglasses,NA-SUNG-GRP-008,Slate Gray,,Recycled Frame,168
NA-BACK-0076,Terra Daypack – White,"The Terra Daypack from Northwind Apparel, crafted in waxed canvas, organized, durable, and ready for the daily commute. Shown in White.",https://northwind-apparel.example.com/products/na-back-0076,/mock-catalog/images/northwind-apparel/NA-BACK-0076.jpg,,in_stock,143.66 USD,,Northwind,,NA-BACK-0076,new,Luggage & Bags > Backpacks,Bags > Backpacks,NA-BACK-GRP-001,White,,Waxed Canvas,110
NA-BACK-0077,Premium Tote Bag – Cream,"The Premium Tote Bag from Northwind Apparel, crafted in waxed canvas, organized, durable, and ready for the daily commute. Shown in Cream.",https://northwind-apparel.example.com/products/na-back-0077,/mock-catalog/images/northwind-apparel/NA-BACK-0077.jpg,,in_stock,121.59 USD,,Northwind Studio,,NA-BACK-0077,new,Luggage & Bags > Backpacks,Bags > Backpacks,NA-BACK-GRP-001,Cream,,Waxed Canvas,245
NA-BACK-0078,Trail Weekender Duffel – Forest Green,"The Trail Weekender Duffel from Northwind Apparel, crafted in recycled nylon, organized, durable, and ready for the daily commute. Shown in Forest Green.",https://northwind-apparel.example.com/products/na-back-0078,/mock-catalog/images/northwind-apparel/NA-BACK-0078.jpg,,in_stock,100.10 USD,80.05 USD,Northwind,,NA-BACK-0078,new,Luggage & Bags > Backpacks,Bags > Backpacks,NA-BACK-GRP-002,Forest Green,,Recycled Nylon,124
NA-BACK-0079,Coastal Rolltop Backpack – Burgundy,"The Coastal Rolltop Backpack from Northwind Apparel, crafted in recycled nylon, organized, durable, and ready for the daily commute. Shown in Burgundy.",https://northwind-apparel.example.com/products/na-back-0079,/mock-catalog/images/northwind-apparel/NA-BACK-0079.jpg,,in_stock,85.06 USD,,NW Active,,NA-BACK-0079,new,Luggage & Bags > Backpacks,Bags > Backpacks,NA-BACK-GRP-002,Burgundy,,Recycled Nylon,195
NA-BACK-0080,Urban Daypack – Blush Pink,"The Urban Daypack from Northwind Apparel, crafted in recycled nylon, organized, durable, and ready for the daily commute. Shown in Blush Pink.",https://northwind-apparel.example.com/products/na-back-0080,/mock-catalog/images/northwind-apparel/NA-BACK-0080.jpg,,in_stock,141.62 USD,,NW Active,,NA-BACK-0080,new,Luggage & Bags > Backpacks,Bags > Backpacks,NA-BACK-GRP-003,Blush Pink,,Recycled Nylon,206
NA-BACK-0081,Featherlight Tote Bag – Olive,"The Featherlight Tote Bag from Northwind Apparel, crafted in recycled nylon, organized, durable, and ready for the daily commute. Shown in Olive.",https://northwind-apparel.example.com/products/na-back-0081,/mock-catalog/images/northwind-apparel/NA-BACK-0081.jpg,,in_stock,87.19 USD,69.21 USD,NW Active,,NA-BACK-0081,new,Luggage & Bags > Backpacks,Bags > Backpacks,NA-BACK-GRP-003,Olive,,Recycled Nylon,73
NA-BACK-0082,Heritage Rolltop Backpack – Blush Pink,"The Heritage Rolltop Backpack from Northwind Apparel, crafted in recycled nylon, organized, durable, and ready for the daily commute. Shown in Blush Pink.",https://northwind-apparel.example.com/products/na-back-0082,/mock-catalog/images/northwind-apparel/NA-BACK-0082.jpg,,in_stock,120.39 USD,,Northwind,,NA-BACK-0082,new,Luggage & Bags > Backpacks,Bags > Backpacks,NA-BACK-GRP-004,Blush Pink,,Recycled Nylon,208
NA-BACK-0083,Everyday Weekender Duffel – Slate Gray,"The Everyday Weekender Duffel from Northwind Apparel, crafted in recycled nylon, organized, durable, and ready for the daily commute. Shown in Slate Gray.",https://northwind-apparel.example.com/products/na-back-0083,/mock-catalog/images/northwind-apparel/NA-BACK-0083.jpg,,in_stock,92.16 USD,,NW Active,,NA-BACK-0083,new,Luggage & Bags > Backpacks,Bags > Backpacks,NA-BACK-GRP-004,Slate Gray,,Recycled Nylon,216
NA-BACK-0084,Featherlight Rolltop Backpack – Black,"The Featherlight Rolltop Backpack from Northwind Apparel, crafted in waxed canvas, organized, durable, and ready for the daily commute. Shown in Black.",https://northwind-apparel.example.com/products/na-back-0084,/mock-catalog/images/northwind-apparel/NA-BACK-0084.jpg,,in_stock,150.08 USD,,Northwind,,NA-BACK-0084,new,Luggage & Bags > Backpacks,Bags > Backpacks,NA-BACK-GRP-005,Black,,Waxed Canvas,146
NA-BACK-0085,Heritage Weekender Duffel – Terracotta,"The Heritage Weekender Duffel from Northwind Apparel, crafted in recycled nylon, organized, durable, and ready for the daily commute. Shown in Terracotta.",https://northwind-apparel.example.com/products/na-back-0085,/mock-catalog/images/northwind-apparel/NA-BACK-0085.jpg,,in_stock,61.27 USD,,Northwind,,NA-BACK-0085,new,Luggage & Bags > Backpacks,Bags > Backpacks,NA-BACK-GRP-005,Terracotta,,Recycled Nylon,93
NA-BACK-0086,Essential Rolltop Backpack – Burgundy,"The Essential Rolltop Backpack from Northwind Apparel, crafted in recycled nylon, organized, durable, and ready for the daily commute. Shown in Burgundy.",https://northwind-apparel.example.com/products/na-back-0086,/mock-catalog/images/northwind-apparel/NA-BACK-0086.jpg,,in_stock,143.21 USD,,Northwind,,NA-BACK-0086,new,Luggage & Bags > Backpacks,Bags > Backpacks,NA-BACK-GRP-006,Burgundy,,Recycled Nylon,184
NA-BACK-0087,Studio Daypack – Black,"The Studio Daypack from Northwind Apparel, crafted in recycled nylon, organized, durable, and ready for the daily commute. Shown in Black.",https://northwind-apparel.example.com/products/na-back-0087,/mock-catalog/images/northwind-apparel/NA-BACK-0087.jpg,,in_stock,79.42 USD,,Northwind,,NA-BACK-0087,new,Luggage & Bags > Backpacks,Bags > Backpacks,NA-BACK-GRP-006,Black,,Recycled Nylon,32
NA-BACK-0088,Rugged Daypack – White,"The Rugged Daypack from Northwind Apparel, crafted in waxed canvas, organized, durable, and ready for the daily commute. Shown in White.",https://northwind-apparel.example.com/products/na-back-0088,/mock-catalog/images/northwind-apparel/NA-BACK-0088.jpg,,in_stock,87.78 USD,,NW Active,,NA-BACK-0088,new,Luggage & Bags > Backpacks,Bags > Backpacks,NA-BACK-GRP-007,White,,Waxed Canvas,28
NA-BACK-0089,Classic Rolltop Backpack – Forest Green,"The Classic Rolltop Backpack from Northwind Apparel, crafted in recycled nylon, organized, durable, and ready for the daily commute. Shown in Forest Green.",https://northwind-apparel.example.com/products/na-back-0089,/mock-catalog/images/northwind-apparel/NA-BACK-0089.jpg,,in_stock,108.72 USD,,Northwind Studio,,NA-BACK-0089,new,Luggage & Bags > Backpacks,Bags > Backpacks,NA-BACK-GRP-007,Forest Green,,Recycled Nylon,124
NA-BACK-0090,Minimalist Weekender Duffel – Blush Pink,"The Minimalist Weekender Duffel from Northwind Apparel, crafted in waxed canvas, organized, durable, and ready for the daily commute. Shown in Blush Pink.",https://northwind-apparel.example.com/products/na-back-0090,/mock-catalog/images/northwind-apparel/NA-BACK-0090.jpg,,in_stock,104.97 USD,,Northwind Studio,,NA-BACK-0090,new,Luggage & Bags > Backpacks,Bags > Backpacks,NA-BACK-GRP-008,Blush Pink,,Waxed Canvas,91
NA-BOTT-0091,Heritage Insulated Bottle – White,"The Heritage Insulated Bottle from Northwind Apparel, crafted in stainless steel, keeps drinks cold for 24 hours on the go. Shown in White.",https://northwind-apparel.example.com/products/na-bott-0091,/mock-catalog/images/northwind-apparel/NA-BOTT-0091.jpg,,in_stock,28.05 USD,,Northwind,,NA-BOTT-0091,new,Home & Garden > Kitchen & Dining > Food & Beverage Carriers > Water Bottles,Drinkware > Water Bottles,NA-BOTT-GRP-001,White,,Stainless Steel,45
NA-BOTT-0092,Essential Insulated Bottle – Terracotta,"The Essential Insulated Bottle from Northwind Apparel, crafted in stainless steel, keeps drinks cold for 24 hours on the go. Shown in Terracotta.",https://northwind-apparel.example.com/products/na-bott-0092,/mock-catalog/images/northwind-apparel/NA-BOTT-0092.jpg,,in_stock,46.38 USD,,NW Active,,NA-BOTT-0092,new,Home & Garden > Kitchen & Dining > Food & Beverage Carriers > Water Bottles,Drinkware > Water Bottles,NA-BOTT-GRP-001,Terracotta,,Stainless Steel,63
NA-BOTT-0093,Featherlight Steel Water Bottle – Slate Gray,"The Featherlight Steel Water Bottle from Northwind Apparel, crafted in stainless steel, keeps drinks cold for 24 hours on the go. Shown in Slate Gray.",https://northwind-apparel.example.com/products/na-bott-0093,/mock-catalog/images/northwind-apparel/NA-BOTT-0093.jpg,,in_stock,45.61 USD,,NW Active,,NA-BOTT-0093,new,Home & Garden > Kitchen & Dining > Food & Beverage Carriers > Water Bottles,Drinkware > Water Bottles,NA-BOTT-GRP-002,Slate Gray,,Stainless Steel,163
NA-BOTT-0094,Featherlight Insulated Bottle – Blush Pink,"The Featherlight Insulated Bottle from Northwind Apparel, crafted in tritan, keeps drinks cold for 24 hours on the go. Shown in Blush Pink.",https://northwind-apparel.example.com/products/na-bott-0094,/mock-catalog/images/northwind-apparel/NA-BOTT-0094.jpg,,in_stock,28.92 USD,,Northwind Studio,,NA-BOTT-0094,new,Home & Garden > Kitchen & Dining > Food & Beverage Carriers > Water Bottles,Drinkware > Water Bottles,NA-BOTT-GRP-002,Blush Pink,,Tritan,176
NA-BOTT-0095,Nova Insulated Bottle – Navy,"The Nova Insulated Bottle from Northwind Apparel, crafted in stainless steel, keeps drinks cold for 24 hours on the go. Shown in Navy.",https://northwind-apparel.example.com/products/na-bott-0095,/mock-catalog/images/northwind-apparel/NA-BOTT-0095.jpg,,in_stock,40.59 USD,,NW Active,,NA-BOTT-0095,new,Home & Garden > Kitchen & Dining > Food & Beverage Carriers > Water Bottles,Drinkware > Water Bottles,NA-BOTT-GRP-003,Navy,,Stainless Steel,89
NA-BOTT-0096,Everyday Steel Water Bottle – Sky Blue,"The Everyday Steel Water Bottle from Northwind Apparel, crafted in stainless steel, keeps drinks cold for 24 hours on the go. Shown in Sky Blue.",https://northwind-apparel.example.com/products/na-bott-0096,/mock-catalog/images/northwind-apparel/NA-BOTT-0096.jpg,,in_stock,40.03 USD,,Northwind Studio,,NA-BOTT-0096,new,Home & Garden > Kitchen & Dining > Food & Beverage Carriers > Water Bottles,Drinkware > Water Bottles,NA-BOTT-GRP-003,Sky Blue,,Stainless Steel,221
NA-BOTT-0097,Pro Steel Water Bottle – Blush Pink,"The Pro Steel Water Bottle from Northwind Apparel, crafted in stainless steel, keeps drinks cold for 24 hours on the go. Shown in Blush Pink.",https://northwind-apparel.example.com/products/na-bott-0097,/mock-catalog/images/northwind-apparel/NA-BOTT-0097.jpg,,in_stock,46.33 USD,,Northwind Studio,,NA-BOTT-0097,new,Home & Garden > Kitchen & Dining > Food & Beverage Carriers > Water Bottles,Drinkware > Water Bottles,NA-BOTT-GRP-004,Blush Pink,,Stainless Steel,123
NA-BOTT-0098,Rugged Insulated Bottle – Sky Blue,"The Rugged Insulated Bottle from Northwind Apparel, crafted in stainless steel, keeps drinks cold for 24 hours on the go. Shown in Sky Blue.",https://northwind-apparel.example.com/products/na-bott-0098,/mock-catalog/images/northwind-apparel/NA-BOTT-0098.jpg,,in_stock,42.97 USD,,Northwind Studio,,NA-BOTT-0098,new,Home & Garden > Kitchen & Dining > Food & Beverage Carriers > Water Bottles,Drinkware > Water Bottles,NA-BOTT-GRP-004,Sky Blue,,Stainless Steel,98
NA-BOTT-0099,Classic Insulated Bottle – Sky Blue,"The Classic Insulated Bottle from Northwind Apparel, crafted in tritan, keeps drinks cold for 24 hours on the go. Shown in Sky Blue.",https://northwind-apparel.example.com/products/na-bott-0099,/mock-catalog/images/northwind-apparel/NA-BOTT-0099.jpg,,in_stock,26.71 USD,,Northwind,,NA-BOTT-0099,new,Home & Garden > Kitchen & Dining > Food & Beverage Carriers > Water Bottles,Drinkware > Water Bottles,NA-BOTT-GRP-005,Sky Blue,,Tritan,108
NA-BOTT-0100,Terra Insulated Bottle – Burgundy,"The Terra Insulated Bottle from Northwind Apparel, crafted in tritan, keeps drinks cold for 24 hours on the go. Shown in Burgundy.",https://northwind-apparel.example.com/products/na-bott-0100,/mock-catalog/images/northwind-apparel/NA-BOTT-0100.jpg,,in_stock,37.24 USD,,Northwind,,NA-BOTT-0100,new,Home & Garden > Kitchen & Dining > Food & Beverage Carriers > Water Bottles,Drinkware > Water Bottles,NA-BOTT-GRP-005,Burgundy,,Tritan,63
NA-BOTT-0101,Aero Insulated Bottle – Charcoal,"The Aero Insulated Bottle from Northwind Apparel, crafted in tritan, keeps drinks cold for 24 hours on the go. Shown in Charcoal.",https://northwind-apparel.example.com/products/na-bott-0101,/mock-catalog/images/northwind-apparel/NA-BOTT-0101.jpg,,in_stock,24.52 USD,,NW Active,,NA-BOTT-0101,new,Home & Garden > Kitchen & Dining > Food & Beverage Carriers > Water Bottles,Drinkware > Water Bottles,NA-BOTT-GRP-006,Charcoal,,Tritan,38
NA-BOTT-0102,Minimalist Insulated Bottle – Sky Blue,"The Minimalist Insulated Bottle from Northwind Apparel, crafted in tritan, keeps drinks cold for 24 hours on the go. Shown in Sky Blue.",https://northwind-apparel.example.com/products/na-bott-0102,/mock-catalog/images/northwind-apparel/NA-BOTT-0102.jpg,,in_stock,36.15 USD,,Northwind,,NA-BOTT-0102,new,Home & Garden > Kitchen & Dining > Food & Beverage Carriers > Water Bottles,Drinkware > Water Bottles,NA-BOTT-GRP-006,Sky Blue,,Tritan,185
NA-BOTT-0103,Everyday Insulated Bottle – Olive,"The Everyday Insulated Bottle from Northwind Apparel, crafted in tritan, keeps drinks cold for 24 hours on the go. Shown in Olive.",https://northwind-apparel.example.com/products/na-bott-0103,/mock-catalog/images/northwind-apparel/NA-BOTT-0103.jpg,,in_stock,35.69 USD,,Northwind,,NA-BOTT-0103,new,Home & Garden > Kitchen & Dining > Food & Beverage Carriers > Water Bottles,Drinkware > Water Bottles,NA-BOTT-GRP-007,Olive,,Tritan,164
NA-BOTT-0104,Aero Flip-Top Bottle – Navy,"The Aero Flip-Top Bottle from Northwind Apparel, crafted in stainless steel, keeps drinks cold for 24 hours on the go. Shown in Navy.",https://northwind-apparel.example.com/products/na-bott-0104,/mock-catalog/images/northwind-apparel/NA-BOTT-0104.jpg,,in_stock,35.59 USD,,Northwind,,NA-BOTT-0104,new,Home & Garden > Kitchen & Dining > Food & Beverage Carriers > Water Bottles,Drinkware > Water Bottles,NA-BOTT-GRP-007,Navy,,Stainless Steel,10
NA-BOTT-0105,Rugged Steel Water Bottle – Sand,"The Rugged Steel Water Bottle from Northwind Apparel, crafted in stainless steel, keeps drinks cold for 24 hours on the go. Shown in Sand.",https://northwind-apparel.example.com/products/na-bott-0105,/mock-catalog/images/northwind-apparel/NA-BOTT-0105.jpg,,in_stock,24.29 USD,,Northwind,,NA-BOTT-0105,new,Home & Garden > Kitchen & Dining > Food & Beverage Carriers > Water Bottles,Drinkware > Water Bottles,NA-BOTT-GRP-008,Sand,,Stainless Steel,235
NA-SOCK-0106,Trail No-Show Socks – Charcoal,"The Trail No-Show Socks from Northwind Apparel, crafted in combed cotton, the small upgrade your rotation needs. Shown in Charcoal.",https://northwind-apparel.example.com/products/na-sock-0106,/mock-catalog/images/northwind-apparel/NA-SOCK-0106.jpg,,in_stock,26.73 USD,,NW Active,,NA-SOCK-0106,new,Apparel & Accessories > Clothing > Underwear & Socks > Socks,Accessories > Socks,NA-SOCK-GRP-001,Charcoal,,Combed Cotton,195
NA-SOCK-0107,Nova Wool Socks – Black,"The Nova Wool Socks from Northwind Apparel, crafted in merino wool, the small upgrade your rotation needs. Shown in Black.",https://northwind-apparel.example.com/products/na-sock-0107,/mock-catalog/images/northwind-apparel/NA-SOCK-0107.jpg,,in_stock,20.48 USD,,Northwind Studio,,NA-SOCK-0107,new,Apparel & Accessories > Clothing > Underwear & Socks > Socks,Accessories > Socks,NA-SOCK-GRP-001,Black,,Merino Wool,5
NA-SOCK-0108,Essential Ankle Socks 3-Pack – Blush Pink,"The Essential Ankle Socks 3-Pack from Northwind Apparel, crafted in merino wool, the small upgrade your rotation needs. Shown in Blush Pink.",https://northwind-apparel.example.com/products/na-sock-0108,/mock-catalog/images/northwind-apparel/NA-SOCK-0108.jpg,,in_stock,14.74 USD,13.01 USD,NW Active,,NA-SOCK-0108,new,Apparel & Accessories > Clothing > Underwear & Socks > Socks,Accessories > Socks,NA-SOCK-GRP-002,Blush Pink,,Merino Wool,24
NA-SOCK-0109,Urban Crew Socks 3-Pack – Cream,"The Urban Crew Socks 3-Pack from Northwind Apparel, crafted in combed cotton, the small upgrade your rotation needs. Shown in Cream.",https://northwind-apparel.example.com/products/na-sock-0109,/mock-catalog/images/northwind-apparel/NA-SOCK-0109.jpg,,in_stock,21.49 USD,,NW Active,,NA-SOCK-0109,new,Apparel & Accessories > Clothing > Underwear & Socks > Socks,Accessories > Socks,NA-SOCK-GRP-002,Cream,,Combed Cotton,218
NA-SOCK-0110,Minimalist Crew Socks 3-Pack – Slate Gray,"The Minimalist Crew Socks 3-Pack from Northwind Apparel, crafted in merino wool, the small upgrade your rotation needs. Shown in Slate Gray.",https://northwind-apparel.example.com/products/na-sock-0110,/mock-catalog/images/northwind-apparel/NA-SOCK-0110.jpg,,in_stock,17.26 USD,,Northwind Studio,,NA-SOCK-0110,new,Apparel & Accessories > Clothing > Underwear & Socks > Socks,Accessories > Socks,NA-SOCK-GRP-003,Slate Gray,,Merino Wool,29
NA-SOCK-0111,Alpine Crew Socks 3-Pack – Slate Gray,"The Alpine Crew Socks 3-Pack from Northwind Apparel, crafted in combed cotton, the small upgrade your rotation needs. Shown in Slate Gray.",https://northwind-apparel.example.com/products/na-sock-0111,/mock-catalog/images/northwind-apparel/NA-SOCK-0111.jpg,,in_stock,24.48 USD,21.32 USD,Northwind,,NA-SOCK-0111,new,Apparel & Accessories > Clothing > Underwear & Socks > Socks,Accessories > Socks,NA-SOCK-GRP-003,Slate Gray,,Combed Cotton,5
NA-SOCK-0112,Nova Ankle Socks 3-Pack – Cream,"The Nova Ankle Socks 3-Pack from Northwind Apparel, crafted in combed cotton, the small upgrade your rotation needs. Shown in Cream.",https://northwind-apparel.example.com/products/na-sock-0112,/mock-catalog/images/northwind-apparel/NA-SOCK-0112.jpg,,in_stock,16.81 USD,,Northwind,,NA-SOCK-0112,new,Apparel & Accessories > Clothing > Underwear & Socks > Socks,Accessories > Socks,NA-SOCK-GRP-004,Cream,,Combed Cotton,8
NA-SOCK-0113,Modern No-Show Socks – Black,"The Modern No-Show Socks from Northwind Apparel, crafted in merino wool, the small upgrade your rotation needs. Shown in Black.",https://northwind-apparel.example.com/products/na-sock-0113,/mock-catalog/images/northwind-apparel/NA-SOCK-0113.jpg,,in_stock,20.45 USD,,NW Active,,NA-SOCK-0113,new,Apparel & Accessories > Clothing > Underwear & Socks > Socks,Accessories > Socks,NA-SOCK-GRP-004,Black,,Merino Wool,238
NA-SOCK-0114,Signature Wool Socks – Slate Gray,"The Signature Wool Socks from Northwind Apparel, crafted in combed cotton, the small upgrade your rotation needs. Shown in Slate Gray.",https://northwind-apparel.example.com/products/na-sock-0114,/mock-catalog/images/northwind-apparel/NA-SOCK-0114.jpg,,in_stock,17.21 USD,15.03 USD,Northwind Studio,,NA-SOCK-0114,new,Apparel & Accessories > Clothing > Underwear & Socks > Socks,Accessories > Socks,NA-SOCK-GRP-005,Slate Gray,,Combed Cotton,56
NA-SOCK-0115,Classic Crew Socks 3-Pack – Sky Blue,"The Classic Crew Socks 3-Pack from Northwind Apparel, crafted in merino wool, the small upgrade your rotation needs. Shown in Sky Blue.",https://northwind-apparel.example.com/products/na-sock-0115,/mock-catalog/images/northwind-apparel/NA-SOCK-0115.jpg,,in_stock,26.18 USD,,Northwind,,NA-SOCK-0115,new,Apparel & Accessories > Clothing > Underwear & Socks > Socks,Accessories > Socks,NA-SOCK-GRP-005,Sky Blue,,Merino Wool,178
NA-SOCK-0116,Minimalist Wool Socks – Cream,"The Minimalist Wool Socks from Northwind Apparel, crafted in combed cotton, the small upgrade your rotation needs. Shown in Cream.",https://northwind-apparel.example.com/products/na-sock-0116,/mock-catalog/images/northwind-apparel/NA-SOCK-0116.jpg,,in_stock,23.61 USD,,Northwind,,NA-SOCK-0116,new,Apparel & Accessories > Clothing > Underwear & Socks > Socks,Accessories > Socks,NA-SOCK-GRP-006,Cream,,Combed Cotton,26
NA-SOCK-0117,Pro Wool Socks – Burgundy,"The Pro Wool Socks from Northwind Apparel, crafted in combed cotton, the small upgrade your rotation needs. Shown in Burgundy.",https://northwind-apparel.example.com/products/na-sock-0117,/mock-catalog/images/northwind-apparel/NA-SOCK-0117.jpg,,in_stock,18.27 USD,15.04 USD,Northwind Studio,,NA-SOCK-0117,new,Apparel & Accessories > Clothing > Underwear & Socks > Socks,Accessories > Socks,NA-SOCK-GRP-006,Burgundy,,Combed Cotton,202
NA-SOCK-0118,Luxe No-Show Socks – Navy,"The Luxe No-Show Socks from Northwind Apparel, crafted in merino wool, the small upgrade your rotation needs. Shown in Navy.",https://northwind-apparel.example.com/products/na-sock-0118,/mock-catalog/images/northwind-apparel/NA-SOCK-0118.jpg,,in_stock,12.36 USD,11.23 USD,Northwind,,NA-SOCK-0118,new,Apparel & Accessories > Clothing > Underwear & Socks > Socks,Accessories > Socks,NA-SOCK-GRP-007,Navy,,Merino Wool,222
NA-SOCK-0119,Essential Wool Socks – Charcoal,"The Essential Wool Socks from Northwind Apparel, crafted in merino wool, the small upgrade your rotation needs. Shown in Charcoal.",https://northwind-apparel.example.com/products/na-sock-0119,/mock-catalog/images/northwind-apparel/NA-SOCK-0119.jpg,,in_stock,24.77 USD,,Northwind Studio,,NA-SOCK-0119,new,Apparel & Accessories > Clothing > Underwear & Socks > Socks,Accessories > Socks,NA-SOCK-GRP-007,Charcoal,,Merino Wool,230
NA-SOCK-0120,Rugged Crew Socks 3-Pack – Navy,"The Rugged Crew Socks 3-Pack from Northwind Apparel, crafted in merino wool, the small upgrade your rotation needs. Shown in Navy.",https://northwind-apparel.example.com/products/na-sock-0120,/mock-catalog/images/northwind-apparel/NA-SOCK-0120.jpg,,in_stock,25.73 USD,,Northwind Studio,,NA-SOCK-0120,new,Apparel & Accessories > Clothing > Underwear & Socks > Socks,Accessories > Socks,NA-SOCK-GRP-008,Navy,,Merino Wool,84
NA-JACK-0121,Heritage Rain Shell – Charcoal,"The Heritage Rain Shell from Northwind Apparel, crafted in ripstop, weather-ready protection without the bulk. Shown in Charcoal.",https://northwind-apparel.example.com/products/na-jack-0121,/mock-catalog/images/northwind-apparel/NA-JACK-0121.jpg,,in_stock,172.52 USD,141.00 USD,Northwind Studio,,NA-JACK-0121,new,Apparel & Accessories > Clothing > Outerwear > Coats & Jackets,Apparel > Outerwear > Jackets,NA-JACK-GRP-001,Charcoal,XS,Ripstop,233
NA-JACK-0122,Classic Denim Jacket – Cream,"The Classic Denim Jacket from Northwind Apparel, crafted in denim, weather-ready protection without the bulk. Shown in Cream.",https://northwind-apparel.example.com/products/na-jack-0122,/mock-catalog/images/northwind-apparel/NA-JACK-0122.jpg,,in_stock,170.05 USD,,Northwind Studio,,NA-JACK-0122,new,Apparel & Accessories > Clothing > Outerwear > Coats & Jackets,Apparel > Outerwear > Jackets,NA-JACK-GRP-001,Cream,XS,Denim,131
NA-JACK-0123,Alpine Rain Shell – Sky Blue,"The Alpine Rain Shell from Northwind Apparel, crafted in ripstop, weather-ready protection without the bulk. Shown in Sky Blue.",https://northwind-apparel.example.com/products/na-jack-0123,/mock-catalog/images/northwind-apparel/NA-JACK-0123.jpg,,in_stock,155.49 USD,,Northwind Studio,,NA-JACK-0123,new,Apparel & Accessories > Clothing > Outerwear > Coats & Jackets,Apparel > Outerwear > Jackets,NA-JACK-GRP-002,Sky Blue,L,Ripstop,58
NA-JACK-0124,Rugged Rain Shell – Navy,"The Rugged Rain Shell from Northwind Apparel, crafted in ripstop, weather-ready protection without the bulk. Shown in Navy.",https://northwind-apparel.example.com/products/na-jack-0124,/mock-catalog/images/northwind-apparel/NA-JACK-0124.jpg,,in_stock,115.20 USD,,Northwind,,NA-JACK-0124,new,Apparel & Accessories > Clothing > Outerwear > Coats & Jackets,Apparel > Outerwear > Jackets,NA-JACK-GRP-002,Navy,XL,Ripstop,133
NA-JACK-0125,Pro Denim Jacket – Olive,"The Pro Denim Jacket from Northwind Apparel, crafted in ripstop, weather-ready protection without the bulk. Shown in Olive.",https://northwind-apparel.example.com/products/na-jack-0125,/mock-catalog/images/northwind-apparel/NA-JACK-0125.jpg,,in_stock,207.60 USD,,Northwind,,NA-JACK-0125,new,Apparel & Accessories > Clothing > Outerwear > Coats & Jackets,Apparel > Outerwear > Jackets,NA-JACK-GRP-003,Olive,XL,Ripstop,110
NA-JACK-0126,Heritage Denim Jacket – White,"The Heritage Denim Jacket from Northwind Apparel, crafted in denim, weather-ready protection without the bulk. Shown in White.",https://northwind-apparel.example.com/products/na-jack-0126,/mock-catalog/images/northwind-apparel/NA-JACK-0126.jpg,,in_stock,94.02 USD,,NW Active,,NA-JACK-0126,new,Apparel & Accessories > Clothing > Outerwear > Coats & Jackets,Apparel > Outerwear > Jackets,NA-JACK-GRP-003,White,XL,Denim,169
NA-JACK-0127,Coastal Puffer Jacket – Blush Pink,"The Coastal Puffer Jacket from Northwind Apparel, crafted in recycled poly, weather-ready protection without the bulk. Shown in Blush Pink.",https://northwind-apparel.example.com/products/na-jack-0127,/mock-catalog/images/northwind-apparel/NA-JACK-0127.jpg,,in_stock,89.85 USD,,NW Active,,NA-JACK-0127,new,Apparel & Accessories > Clothing > Outerwear > Coats & Jackets,Apparel > Outerwear > Jackets,NA-JACK-GRP-004,Blush Pink,XXL,Recycled Poly,77
NA-JACK-0128,Trail Puffer Jacket – Slate Gray,"The Trail Puffer Jacket from Northwind Apparel, crafted in recycled poly, weather-ready protection without the bulk. Shown in Slate Gray.",https://northwind-apparel.example.com/products/na-jack-0128,/mock-catalog/images/northwind-apparel/NA-JACK-0128.jpg,,in_stock,201.62 USD,,Northwind Studio,,NA-JACK-0128,new,Apparel & Accessories > Clothing > Outerwear > Coats & Jackets,Apparel > Outerwear > Jackets,NA-JACK-GRP-004,Slate Gray,XL,Recycled Poly,99
NA-JACK-0129,Classic Puffer Jacket – Navy,"The Classic Puffer Jacket from Northwind Apparel, crafted in recycled poly, weather-ready protection without the bulk. Shown in Navy.",https://northwind-apparel.example.com/products/na-jack-0129,/mock-catalog/images/northwind-apparel/NA-JACK-0129.jpg,,in_stock,150.02 USD,,NW Active,,NA-JACK-0129,new,Apparel & Accessories > Clothing > Outerwear > Coats & Jackets,Apparel > Outerwear > Jackets,NA-JACK-GRP-005,Navy,XL,Recycled Poly,14
NA-JACK-0130,Studio Windbreaker – Burgundy,"The Studio Windbreaker from Northwind Apparel, crafted in recycled poly, weather-ready protection without the bulk. Shown in Burgundy.",https://northwind-apparel.example.com/products/na-jack-0130,/mock-catalog/images/northwind-apparel/NA-JACK-0130.jpg,,in_stock,133.67 USD,,Northwind,,NA-JACK-0130,new,Apparel & Accessories > Clothing > Outerwear > Coats & Jackets,Apparel > Outerwear > Jackets,NA-JACK-GRP-005,Burgundy,L,Recycled Poly,95
NA-JACK-0131,Rugged Puffer Jacket – Cream,"The Rugged Puffer Jacket from Northwind Apparel, crafted in ripstop, weather-ready protection without the bulk. Shown in Cream.",https://northwind-apparel.example.com/products/na-jack-0131,/mock-catalog/images/northwind-apparel/NA-JACK-0131.jpg,,in_stock,110.68 USD,,Northwind,,NA-JACK-0131,new,Apparel & Accessories > Clothing > Outerwear > Coats & Jackets,Apparel > Outerwear > Jackets,NA-JACK-GRP-006,Cream,S,Ripstop,134
NA-JACK-0132,Classic Rain Shell – Olive,"The Classic Rain Shell from Northwind Apparel, crafted in ripstop, weather-ready protection without the bulk. Shown in Olive.",https://northwind-apparel.example.com/products/na-jack-0132,/mock-catalog/images/northwind-apparel/NA-JACK-0132.jpg,,in_stock,123.37 USD,,Northwind Studio,,NA-JACK-0132,new,Apparel & Accessories > Clothing > Outerwear > Coats & Jackets,Apparel > Outerwear > Jackets,NA-JACK-GRP-006,Olive,M,Ripstop,194
NA-JACK-0133,Urban Puffer Jacket – Forest Green,"The Urban Puffer Jacket from Northwind Apparel, crafted in denim, weather-ready protection without the bulk. Shown in Forest Green.",https://northwind-apparel.example.com/products/na-jack-0133,/mock-catalog/images/northwind-apparel/NA-JACK-0133.jpg,,in_stock,200.34 USD,,NW Active,,NA-JACK-0133,new,Apparel & Accessories > Clothing > Outerwear > Coats & Jackets,Apparel > Outerwear > Jackets,NA-JACK-GRP-007,Forest Green,XXL,Denim,11
NA-JACK-0134,Heritage Windbreaker – Black,"The Heritage Windbreaker from Northwind Apparel, crafted in recycled poly, weather-ready protection without the bulk. Shown in Black.",https://northwind-apparel.example.com/products/na-jack-0134,/mock-catalog/images/northwind-apparel/NA-JACK-0134.jpg,,in_stock,142.79 USD,,Northwind Studio,,NA-JACK-0134,new,Apparel & Accessories > Clothing > Outerwear > Coats & Jackets,Apparel > Outerwear > Jackets,NA-JACK-GRP-007,Black,L,Recycled Poly,172
NA-JACK-0135,Signature Puffer Jacket – Black,"The Signature Puffer Jacket from Northwind Apparel, crafted in recycled poly, weather-ready protection without the bulk. Shown in Black.",https://northwind-apparel.example.com/products/na-jack-0135,/mock-catalog/images/northwind-apparel/NA-JACK-0135.jpg,,in_stock,103.29 USD,,Northwind Studio,,NA-JACK-0135,new,Apparel & Accessories > Clothing > Outerwear > Coats & Jackets,Apparel > Outerwear > Jackets,NA-JACK-GRP-008,Black,S,Recycled Poly,31
NA-WALL-0136,Signature Travel Wallet – Black,"The Signature Travel Wallet from Northwind Apparel, crafted in vegan leather, slim, refined, and made to last. Shown in Black.",https://northwind-apparel.example.com/products/na-wall-0136,/mock-catalog/images/northwind-apparel/NA-WALL-0136.jpg,,in_stock,62.43 USD,,Northwind Studio,,NA-WALL-0136,new,Apparel & Accessories > Clothing Accessories,Accessories > Small Leather Goods,NA-WALL-GRP-001,Black,,Vegan Leather,17
NA-WALL-0137,Rugged Bifold Wallet – Sand,"The Rugged Bifold Wallet from Northwind Apparel, crafted in full-grain leather, slim, refined, and made to last. Shown in Sand.",https://northwind-apparel.example.com/products/na-wall-0137,/mock-catalog/images/northwind-apparel/NA-WALL-0137.jpg,,in_stock,41.71 USD,34.23 USD,Northwind,,NA-WALL-0137,new,Apparel & Accessories > Clothing Accessories,Accessories > Small Leather Goods,NA-WALL-GRP-001,Sand,,Full-Grain Leather,182
NA-WALL-0138,Classic Leather Belt – Terracotta,"The Classic Leather Belt from Northwind Apparel, crafted in vegan leather, slim, refined, and made to last. Shown in Terracotta.",https://northwind-apparel.example.com/products/na-wall-0138,/mock-catalog/images/northwind-apparel/NA-WALL-0138.jpg,,in_stock,62.06 USD,47.75 USD,Northwind Studio,,NA-WALL-0138,new,Apparel & Accessories > Clothing Accessories,Accessories > Small Leather Goods,NA-WALL-GRP-002,Terracotta,,Vegan Leather,156
NA-WALL-0139,Pro Card Holder – Burgundy,"The Pro Card Holder from Northwind Apparel, crafted in full-grain leather, slim, refined, and made to last. Shown in Burgundy.",https://northwind-apparel.example.com/products/na-wall-0139,/mock-catalog/images/northwind-apparel/NA-WALL-0139.jpg,,in_stock,32.05 USD,,NW Active,,NA-WALL-0139,new,Apparel & Accessories > Clothing Accessories,Accessories > Small Leather Goods,NA-WALL-GRP-002,Burgundy,,Full-Grain Leather,174
NA-WALL-0140,Classic Travel Wallet – White,"The Classic Travel Wallet from Northwind Apparel, crafted in vegan leather, slim, refined, and made to last. Shown in White.",https://northwind-apparel.example.com/products/na-wall-0140,/mock-catalog/images/northwind-apparel/NA-WALL-0140.jpg,,in_stock,73.59 USD,,Northwind Studio,,NA-WALL-0140,new,Apparel & Accessories > Clothing Accessories,Accessories > Small Leather Goods,NA-WALL-GRP-003,White,,Vegan Leather,17
NA-WALL-0141,Heritage Card Holder – Slate Gray,"The Heritage Card Holder from Northwind Apparel, crafted in full-grain leather, slim, refined, and made to last. Shown in Slate Gray.",https://northwind-apparel.example.com/products/na-wall-0141,/mock-catalog/images/northwind-apparel/NA-WALL-0141.jpg,,in_stock,66.10 USD,,Northwind,,NA-WALL-0141,new,Apparel & Accessories > Clothing Accessories,Accessories > Small Leather Goods,NA-WALL-GRP-003,Slate Gray,,Full-Grain Leather,240
NA-WALL-0142,Studio Travel Wallet – Charcoal,"The Studio Travel Wallet from Northwind Apparel, crafted in vegan leather, slim, refined, and made to last. Shown in Charcoal.",https://northwind-apparel.example.com/products/na-wall-0142,/mock-catalog/images/northwind-apparel/NA-WALL-0142.jpg,,in_stock,33.72 USD,,Northwind Studio,,NA-WALL-0142,new,Apparel & Accessories > Clothing Accessories,Accessories > Small Leather Goods,NA-WALL-GRP-004,Charcoal,,Vegan Leather,217
NA-WALL-0143,Aero Leather Belt – White,"The Aero Leather Belt from Northwind Apparel, crafted in vegan leather, slim, refined, and made to last. Shown in White.",https://northwind-apparel.example.com/products/na-wall-0143,/mock-catalog/images/northwind-apparel/NA-WALL-0143.jpg,,in_stock,52.20 USD,,Northwind Studio,,NA-WALL-0143,new,Apparel & Accessories > Clothing Accessories,Accessories > Small Leather Goods,NA-WALL-GRP-004,White,,Vegan Leather,121
NA-WALL-0144,Heritage Travel Wallet – Sand,"The Heritage Travel Wallet from Northwind Apparel, crafted in vegan leather, slim, refined, and made to last. Shown in Sand.",https://northwind-apparel.example.com/products/na-wall-0144,/mock-catalog/images/northwind-apparel/NA-WALL-0144.jpg,,in_stock,68.05 USD,,Northwind Studio,,NA-WALL-0144,new,Apparel & Accessories > Clothing Accessories,Accessories > Small Leather Goods,NA-WALL-GRP-005,Sand,,Vegan Leather,187
NA-WALL-0145,Everyday Leather Belt – Blush Pink,"The Everyday Leather Belt from Northwind Apparel, crafted in full-grain leather, slim, refined, and made to last. Shown in Blush Pink.",https://northwind-apparel.example.com/products/na-wall-0145,/mock-catalog/images/northwind-apparel/NA-WALL-0145.jpg,,in_stock,38.23 USD,,NW Active,,NA-WALL-0145,new,Apparel & Accessories > Clothing Accessories,Accessories > Small Leather Goods,NA-WALL-GRP-005,Blush Pink,,Full-Grain Leather,132
NA-WALL-0146,Terra Bifold Wallet – Slate Gray,"The Terra Bifold Wallet from Northwind Apparel, crafted in vegan leather, slim, refined, and made to last. Shown in Slate Gray.",https://northwind-apparel.example.com/products/na-wall-0146,/mock-catalog/images/northwind-apparel/NA-WALL-0146.jpg,,in_stock,62.96 USD,,NW Active,,NA-WALL-0146,new,Apparel & Accessories > Clothing Accessories,Accessories > Small Leather Goods,NA-WALL-GRP-006,Slate Gray,,Vegan Leather,39
NA-WALL-0147,Studio Leather Belt – Charcoal,"The Studio Leather Belt from Northwind Apparel, crafted in vegan leather, slim, refined, and made to last. Shown in Charcoal.",https://northwind-apparel.example.com/products/na-wall-0147,/mock-catalog/images/northwind-apparel/NA-WALL-0147.jpg,,in_stock,73.55 USD,,Northwind Studio,,NA-WALL-0147,new,Apparel & Accessories > Clothing Accessories,Accessories > Small Leather Goods,NA-WALL-GRP-006,Charcoal,,Vegan Leather,153
NA-WALL-0148,Luxe Leather Belt – Navy,"The Luxe Leather Belt from Northwind Apparel, crafted in full-grain leather, slim, refined, and made to last. Shown in Navy.",https://northwind-apparel.example.com/products/na-wall-0148,/mock-catalog/images/northwind-apparel/NA-WALL-0148.jpg,,in_stock,69.47 USD,,Northwind Studio,,NA-WALL-0148,new,Apparel & Accessories > Clothing Accessories,Accessories > Small Leather Goods,NA-WALL-GRP-007,Navy,,Full-Grain Leather,166
NA-WALL-0149,Essential Card Holder – Black,"The Essential Card Holder from Northwind Apparel, crafted in vegan leather, slim, refined, and made to last. Shown in Black.",https://northwind-apparel.example.com/products/na-wall-0149,/mock-catalog/images/northwind-apparel/NA-WALL-0149.jpg,,in_stock,47.05 USD,37.75 USD,NW Active,,NA-WALL-0149,new,Apparel & Accessories > Clothing Accessories,Accessories > Small Leather Goods,NA-WALL-GRP-007,Black,,Vegan Leather,212
NA-WALL-0150,Trail Bifold Wallet – Cream,"The Trail Bifold Wallet from Northwind Apparel, crafted in vegan leather, slim, refined, and made to last. Shown in Cream.",https://northwind-apparel.example.com/products/na-wall-0150,/mock-catalog/images/northwind-apparel/NA-WALL-0150.jpg,,in_stock,67.27 USD,,NW Active,,NA-WALL-0150,new,Apparel & Accessories > Clothing Accessories,Accessories > Small Leather Goods,NA-WALL-GRP-008,Cream,,Vegan Leather,58
NA-TSHI-0151,Pro Pocket Tee – Forest Green,"The Pro Pocket Tee from Northwind Apparel, crafted in organic cotton, for an easy, everyday layer that pairs with anything. Shown in Forest Green.",https://northwind-apparel.example.com/products/na-tshi-0151,/mock-catalog/images/northwind-apparel/NA-TSHI-0151.jpg,,in_stock,32.34 USD,,NW Active,,NA-TSHI-0151,new,Apparel & Accessories > Clothing > Shirts & Tops,Apparel > Tops > T-Shirts,NA-TSHI-GRP-008,Forest Green,XXL,Organic Cotton,228
NA-TSHI-0152,Heritage Crew Tee – Blush Pink,"The Heritage Crew Tee from Northwind Apparel, crafted in cotton blend, for an easy, everyday layer that pairs with anything. Shown in Blush Pink.",https://northwind-apparel.example.com/products/na-tshi-0152,/mock-catalog/images/northwind-apparel/NA-TSHI-0152.jpg,,in_stock,21.02 USD,,NW Active,,NA-TSHI-0152,new,Apparel & Accessories > Clothing > Shirts & Tops,Apparel > Tops > T-Shirts,NA-TSHI-GRP-009,Blush Pink,XL,Cotton Blend,226
NA-TSHI-0153,Pro Long-Sleeve Tee – Charcoal,"The Pro Long-Sleeve Tee from Northwind Apparel, crafted in organic cotton, for an easy, everyday layer that pairs with anything. Shown in Charcoal.",https://northwind-apparel.example.com/products/na-tshi-0153,/mock-catalog/images/northwind-apparel/NA-TSHI-0153.jpg,,in_stock,22.67 USD,,Northwind,,NA-TSHI-0153,new,Apparel & Accessories > Clothing > Shirts & Tops,Apparel > Tops > T-Shirts,NA-TSHI-GRP-009,Charcoal,XS,Organic Cotton,11
NA-TSHI-0154,Rugged Pocket Tee – Olive,"The Rugged Pocket Tee from Northwind Apparel, crafted in organic cotton, for an easy, everyday layer that pairs with anything. Shown in Olive.",https://northwind-apparel.example.com/products/na-tshi-0154,/mock-catalog/images/northwind-apparel/NA-TSHI-0154.jpg,,in_stock,18.80 USD,,Northwind,,NA-TSHI-0154,new,Apparel & Accessories > Clothing > Shirts & Tops,Apparel > Tops > T-Shirts,NA-TSHI-GRP-010,Olive,XS,Organic Cotton,61
NA-TSHI-0155,Coastal Crew Tee – Slate Gray,"The Coastal Crew Tee from Northwind Apparel, crafted in organic cotton, for an easy, everyday layer that pairs with anything. Shown in Slate Gray.",https://northwind-apparel.example.com/products/na-tshi-0155,/mock-catalog/images/northwind-apparel/NA-TSHI-0155.jpg,,in_stock,40.31 USD,,NW Active,,NA-TSHI-0155,new,Apparel & Accessories > Clothing > Shirts & Tops,Apparel > Tops > T-Shirts,NA-TSHI-GRP-010,Slate Gray,XXL,Organic Cotton,236
NA-TSHI-0156,Classic Crew Tee – Navy,"The Classic Crew Tee from Northwind Apparel, crafted in cotton blend, for an easy, everyday layer that pairs with anything. Shown in Navy.",https://northwind-apparel.example.com/products/na-tshi-0156,/mock-catalog/images/northwind-apparel/NA-TSHI-0156.jpg,,in_stock,19.92 USD,,Northwind Studio,,NA-TSHI-0156,new,Apparel & Accessories > Clothing > Shirts & Tops,Apparel > Tops > T-Shirts,NA-TSHI-GRP-011,Navy,XS,Cotton Blend,159
NA-TSHI-0157,Classic Henley – Slate Gray,"The Classic Henley from Northwind Apparel, crafted in linen, for an easy, everyday layer that pairs with anything. Shown in Slate Gray.",https://northwind-apparel.example.com/products/na-tshi-0157,/mock-catalog/images/northwind-apparel/NA-TSHI-0157.jpg,,in_stock,31.89 USD,,NW Active,,NA-TSHI-0157,new,Apparel & Accessories > Clothing > Shirts & Tops,Apparel > Tops > T-Shirts,NA-TSHI-GRP-011,Slate Gray,XL,Linen,247
NA-TSHI-0158,Coastal Henley – Blush Pink,"The Coastal Henley from Northwind Apparel, crafted in linen, for an easy, everyday layer that pairs with anything. Shown in Blush Pink.",https://northwind-apparel.example.com/products/na-tshi-0158,/mock-catalog/images/northwind-apparel/NA-TSHI-0158.jpg,,in_stock,30.53 USD,,Northwind Studio,,NA-TSHI-0158,new,Apparel & Accessories > Clothing > Shirts & Tops,Apparel > Tops > T-Shirts,NA-TSHI-GRP-012,Blush Pink,L,Linen,147
NA-TSHI-0159,Modern Henley – Blush Pink,"The Modern Henley from Northwind Apparel, crafted in organic cotton, for an easy, everyday layer that pairs with anything. Shown in Blush Pink.",https://northwind-apparel.example.com/products/na-tshi-0159,/mock-catalog/images/northwind-apparel/NA-TSHI-0159.jpg,,in_stock,39.57 USD,,Northwind,,NA-TSHI-0159,new,Apparel & Accessories > Clothing > Shirts & Tops,Apparel > Tops > T-Shirts,NA-TSHI-GRP-012,Blush Pink,XL,Organic Cotton,56
NA-TSHI-0160,Rugged V-Neck Tee – Black,"The Rugged V-Neck Tee from Northwind Apparel, crafted in cotton blend, for an easy, everyday layer that pairs with anything. Shown in Black.",https://northwind-apparel.example.com/products/na-tshi-0160,/mock-catalog/images/northwind-apparel/NA-TSHI-0160.jpg,,in_stock,19.73 USD,15.90 USD,Northwind Studio,,NA-TSHI-0160,new,Apparel & Accessories > Clothing > Shirts & Tops,Apparel > Tops > T-Shirts,NA-TSHI-GRP-013,Black,XL,Cotton Blend,34
NA-HOOD-0161,Featherlight Fleece Hoodie – Navy,"The Featherlight Fleece Hoodie from Northwind Apparel, crafted in brushed fleece, for weekend comfort with a modern fit. Shown in Navy.",https://northwind-apparel.example.com/products/na-hood-0161,/mock-catalog/images/northwind-apparel/NA-HOOD-0161.jpg,,in_stock,48.53 USD,41.61 USD,Northwind,,NA-HOOD-0161,new,Apparel & Accessories > Clothing > Outerwear,Apparel > Tops > Hoodies,NA-HOOD-GRP-008,Navy,M,Brushed Fleece,23
NA-HOOD-0162,Nova Crewneck Sweatshirt – Olive,"The Nova Crewneck Sweatshirt from Northwind Apparel, crafted in cotton blend, for weekend comfort with a modern fit. Shown in Olive.",https://northwind-apparel.example.com/products/na-hood-0162,/mock-catalog/images/northwind-apparel/NA-HOOD-0162.jpg,,in_stock,50.26 USD,,Northwind Studio,,NA-HOOD-0162,new,Apparel & Accessories > Clothing > Outerwear,Apparel > Tops > Hoodies,NA-HOOD-GRP-009,Olive,S,Cotton Blend,150
NA-HOOD-0163,Pro Crewneck Sweatshirt – Charcoal,"The Pro Crewneck Sweatshirt from Northwind Apparel, crafted in french terry, for weekend comfort with a modern fit. Shown in Charcoal.",https://northwind-apparel.example.com/products/na-hood-0163,/mock-catalog/images/northwind-apparel/NA-HOOD-0163.jpg,,in_stock,92.39 USD,,Northwind,,NA-HOOD-0163,new,Apparel & Accessories > Clothing > Outerwear,Apparel > Tops > Hoodies,NA-HOOD-GRP-009,Charcoal,S,French Terry,74
NA-HOOD-0164,Classic Zip Hoodie – Terracotta,"The Classic Zip Hoodie from Northwind Apparel, crafted in french terry, for weekend comfort with a modern fit. Shown in Terracotta.",https://northwind-apparel.example.com/products/na-hood-0164,/mock-catalog/images/northwind-apparel/NA-HOOD-0164.jpg,,in_stock,58.30 USD,,Northwind Studio,,NA-HOOD-0164,new,Apparel & Accessories > Clothing > Outerwear,Apparel > Tops > Hoodies,NA-HOOD-GRP-010,Terracotta,XS,French Terry,228
NA-HOOD-0165,Minimalist Fleece Hoodie – Blush Pink,"The Minimalist Fleece Hoodie from Northwind Apparel, crafted in brushed fleece, for weekend comfort with a modern fit. Shown in Blush Pink.",https://northwind-apparel.example.com/products/na-hood-0165,/mock-catalog/images/northwind-apparel/NA-HOOD-0165.jpg,,in_stock,96.51 USD,,Northwind Studio,,NA-HOOD-0165,new,Apparel & Accessories > Clothing > Outerwear,Apparel > Tops > Hoodies,NA-HOOD-GRP-010,Blush Pink,L,Brushed Fleece,139
NA-HOOD-0166,Featherlight Zip Hoodie – Slate Gray,"The Featherlight Zip Hoodie from Northwind Apparel, crafted in cotton blend, for weekend comfort with a modern fit. Shown in Slate Gray.",https://northwind-apparel.example.com/products/na-hood-0166,/mock-catalog/images/northwind-apparel/NA-HOOD-0166.jpg,,in_stock,75.70 USD,60.47 USD,NW Active,,NA-HOOD-0166,new,Apparel & Accessories > Clothing > Outerwear,Apparel > Tops > Hoodies,NA-HOOD-GRP-011,Slate Gray,XXL,Cotton Blend,135
NA-HOOD-0167,Alpine Zip Hoodie – Navy,"The Alpine Zip Hoodie from Northwind Apparel, crafted in cotton blend, for weekend comfort with a modern fit. Shown in Navy.",https://northwind-apparel.example.com/products/na-hood-0167,/mock-catalog/images/northwind-apparel/NA-HOOD-0167.jpg,,in_stock,93.63 USD,,NW Active,,NA-HOOD-0167,new,Apparel & Accessories > Clothing > Outerwear,Apparel > Tops > Hoodies,NA-HOOD-GRP-011,Navy,XS,Cotton Blend,95
NA-HOOD-0168,Urban Zip Hoodie – Burgundy,"The Urban Zip Hoodie from Northwind Apparel, crafted in cotton blend, for weekend comfort with a modern fit. Shown in Burgundy.",https://northwind-apparel.example.com/products/na-hood-0168,/mock-catalog/images/northwind-apparel/NA-HOOD-0168.jpg,,in_stock,79.62 USD,,Northwind,,NA-HOOD-0168,new,Apparel & Accessories > Clothing > Outerwear,Apparel > Tops > Hoodies,NA-HOOD-GRP-012,Burgundy,XXL,Cotton Blend,217
NA-HOOD-0169,Coastal Crewneck Sweatshirt – Charcoal,"The Coastal Crewneck Sweatshirt from Northwind Apparel, crafted in french terry, for weekend comfort with a modern fit. Shown in Charcoal.",https://northwind-apparel.example.com/products/na-hood-0169,/mock-catalog/images/northwind-apparel/NA-HOOD-0169.jpg,,in_stock,73.92 USD,,Northwind,,NA-HOOD-0169,new,Apparel & Accessories > Clothing > Outerwear,Apparel > Tops > Hoodies,NA-HOOD-GRP-012,Charcoal,XXL,French Terry,225
NA-HOOD-0170,Pro Pullover Hoodie – Sky Blue,"The Pro Pullover Hoodie from Northwind Apparel, crafted in french terry, for weekend comfort with a modern fit. Shown in Sky Blue.",https://northwind-apparel.example.com/products/na-hood-0170,/mock-catalog/images/northwind-apparel/NA-HOOD-0170.jpg,,in_stock,77.63 USD,60.14 USD,Northwind Studio,,NA-HOOD-0170,new,Apparel & Accessories > Clothing > Outerwear,Apparel > Tops > Hoodies,NA-HOOD-GRP-013,Sky Blue,S,French Terry,152
NA-ACTI-0171,Terra Track Jacket – Burgundy,"The Terra Track Jacket from Northwind Apparel, crafted in recycled poly, built to move with breathable, quick-dry performance. Shown in Burgundy.",https://northwind-apparel.example.com/products/na-acti-0171,/mock-catalog/images/northwind-apparel/NA-ACTI-0171.jpg,,in_stock,62.05 USD,,Northwind,,NA-ACTI-0171,new,Apparel & Accessories > Clothing > Activewear,Apparel > Activewear,NA-ACTI-GRP-008,Burgundy,XL,Recycled Poly,240
NA-ACTI-0172,Pro Track Jacket – Navy,"The Pro Track Jacket from Northwind Apparel, crafted in moisture-wick knit, built to move with breathable, quick-dry performance. Shown in Navy.",https://northwind-apparel.example.com/products/na-acti-0172,/mock-catalog/images/northwind-apparel/NA-ACTI-0172.jpg,,in_stock,74.88 USD,59.46 USD,Northwind,,NA-ACTI-0172,new,Apparel & Accessories > Clothing > Activewear,Apparel > Activewear,NA-ACTI-GRP-009,Navy,XL,Moisture-Wick Knit,105
NA-ACTI-0173,Rugged Training Shorts – Charcoal,"The Rugged Training Shorts from Northwind Apparel, crafted in moisture-wick knit, built to move with breathable, quick-dry performance. Shown in Charcoal.",https://northwind-apparel.example.com/products/na-acti-0173,/mock-catalog/images/northwind-apparel/NA-ACTI-0173.jpg,,in_stock,85.73 USD,69.74 USD,Northwind,,NA-ACTI-0173,new,Apparel & Accessories > Clothing > Activewear,Apparel > Activewear,NA-ACTI-GRP-009,Charcoal,XS,Moisture-Wick Knit,20
NA-ACTI-0174,Alpine Training Shorts – Terracotta,"The Alpine Training Shorts from Northwind Apparel, crafted in recycled poly, built to move with breathable, quick-dry performance. Shown in Terracotta.",https://northwind-apparel.example.com/products/na-acti-0174,/mock-catalog/images/northwind-apparel/NA-ACTI-0174.jpg,,in_stock,48.06 USD,,NW Active,,NA-ACTI-0174,new,Apparel & Accessories > Clothing > Activewear,Apparel > Activewear,NA-ACTI-GRP-010,Terracotta,S,Recycled Poly,171
NA-ACTI-0175,Urban Performance Tee – Black,"The Urban Performance Tee from Northwind Apparel, crafted in recycled poly, built to move with breathable, quick-dry performance. Shown in Black.",https://northwind-apparel.example.com/products/na-acti-0175,/mock-catalog/images/northwind-apparel/NA-ACTI-0175.jpg,,in_stock,51.91 USD,,Northwind Studio,,NA-ACTI-0175,new,Apparel & Accessories > Clothing > Activewear,Apparel > Activewear,NA-ACTI-GRP-010,Black,XXL,Recycled Poly,186
NA-ACTI-0176,Everyday Performance Tee – Blush Pink,"The Everyday Performance Tee from Northwind Apparel, crafted in moisture-wick knit, built to move with breathable, quick-dry performance. Shown in Blush Pink.",https://northwind-apparel.example.com/products/na-acti-0176,/mock-catalog/images/northwind-apparel/NA-ACTI-0176.jpg,,in_stock,47.18 USD,,Northwind,,NA-ACTI-0176,new,Apparel & Accessories > Clothing > Activewear,Apparel > Activewear,NA-ACTI-GRP-011,Blush Pink,S,Moisture-Wick Knit,216
NA-ACTI-0177,Urban Training Shorts – Forest Green,"The Urban Training Shorts from Northwind Apparel, crafted in recycled poly, built to move with breathable, quick-dry performance. Shown in Forest Green.",https://northwind-apparel.example.com/products/na-acti-0177,/mock-catalog/images/northwind-apparel/NA-ACTI-0177.jpg,,in_stock,82.37 USD,,Northwind,,NA-ACTI-0177,new,Apparel & Accessories > Clothing > Activewear,Apparel > Activewear,NA-ACTI-GRP-011,Forest Green,L,Recycled Poly,84
NA-ACTI-0178,Urban Track Jacket – Slate Gray,"The Urban Track Jacket from Northwind Apparel, crafted in recycled poly, built to move with breathable, quick-dry performance. Shown in Slate Gray.",https://northwind-apparel.example.com/products/na-acti-0178,/mock-catalog/images/northwind-apparel/NA-ACTI-0178.jpg,,in_stock,38.58 USD,,Northwind Studio,,NA-ACTI-0178,new,Apparel & Accessories > Clothing > Activewear,Apparel > Activewear,NA-ACTI-GRP-012,Slate Gray,L,Recycled Poly,115
NA-ACTI-0179,Featherlight Jogger Pants – Terracotta,"The Featherlight Jogger Pants from Northwind Apparel, crafted in recycled poly, built to move with breathable, quick-dry performance. Shown in Terracotta.",https://northwind-apparel.example.com/products/na-acti-0179,/mock-catalog/images/northwind-apparel/NA-ACTI-0179.jpg,,in_stock,78.71 USD,,Northwind,,NA-ACTI-0179,new,Apparel & Accessories > Clothing > Activewear,Apparel > Activewear,NA-ACTI-GRP-012,Terracotta,L,Recycled Poly,32
NA-ACTI-0180,Aero Training Shorts – Olive,"The Aero Training Shorts from Northwind Apparel, crafted in recycled poly, built to move with breathable, quick-dry performance. Shown in Olive.",https://northwind-apparel.example.com/products/na-acti-0180,/mock-catalog/images/northwind-apparel/NA-ACTI-0180.jpg,,in_stock,63.61 USD,,Northwind Studio,,NA-ACTI-0180,new,Apparel & Accessories > Clothing > Activewear,Apparel > Activewear,NA-ACTI-GRP-013,Olive,XL,Recycled Poly,25
NA-HATS-0181,Featherlight Beanie – Black,"The Featherlight Beanie from Northwind Apparel, crafted in knit, to top off any look, sun or shade. Shown in Black.",https://northwind-apparel.example.com/products/na-hats-0181,/mock-catalog/images/northwind-apparel/NA-HATS-0181.jpg,,in_stock,23.05 USD,,Northwind Studio,,NA-HATS-0181,new,Apparel & Accessories > Clothing Accessories > Hats,Accessories > Hats,NA-HATS-GRP-008,Black,,Knit,231
NA-HATS-0182,Trail Dad Cap – Burgundy,"The Trail Dad Cap from Northwind Apparel, crafted in knit, to top off any look, sun or shade. Shown in Burgundy.",https://northwind-apparel.example.com/products/na-hats-0182,/mock-catalog/images/northwind-apparel/NA-HATS-0182.jpg,,in_stock,19.33 USD,,NW Active,,NA-HATS-0182,new,Apparel & Accessories > Clothing Accessories > Hats,Accessories > Hats,NA-HATS-GRP-009,Burgundy,,Knit,214
NA-HATS-0183,Urban Bucket Hat – Olive,"The Urban Bucket Hat from Northwind Apparel, crafted in knit, to top off any look, sun or shade. Shown in Olive.",https://northwind-apparel.example.com/products/na-hats-0183,/mock-catalog/images/northwind-apparel/NA-HATS-0183.jpg,,in_stock,22.32 USD,18.79 USD,NW Active,,NA-HATS-0183,new,Apparel & Accessories > Clothing Accessories > Hats,Accessories > Hats,NA-HATS-GRP-009,Olive,,Knit,112
NA-HATS-0184,Signature Beanie – Sky Blue,"The Signature Beanie from Northwind Apparel, crafted in cotton twill, to top off any look, sun or shade. Shown in Sky Blue.",https://northwind-apparel.example.com/products/na-hats-0184,/mock-catalog/images/northwind-apparel/NA-HATS-0184.jpg,,in_stock,29.23 USD,,NW Active,,NA-HATS-0184,new,Apparel & Accessories > Clothing Accessories > Hats,Accessories > Hats,NA-HATS-GRP-010,Sky Blue,,Cotton Twill,156
NA-HATS-0185,Pro Beanie – Burgundy,"The Pro Beanie from Northwind Apparel, crafted in knit, to top off any look, sun or shade. Shown in Burgundy.",https://northwind-apparel.example.com/products/na-hats-0185,/mock-catalog/images/northwind-apparel/NA-HATS-0185.jpg,,in_stock,31.10 USD,23.70 USD,Northwind Studio,,NA-HATS-0185,new,Apparel & Accessories > Clothing Accessories > Hats,Accessories > Hats,NA-HATS-GRP-010,Burgundy,,Knit,236
NA-HATS-0186,Luxe Beanie – Blush Pink,"The Luxe Beanie from Northwind Apparel, crafted in cotton twill, to top off any look, sun or shade. Shown in Blush Pink.",https://northwind-apparel.example.com/products/na-hats-0186,/mock-catalog/images/northwind-apparel/NA-HATS-0186.jpg,,in_stock,23.11 USD,,Northwind,,NA-HATS-0186,new,Apparel & Accessories > Clothing Accessories > Hats,Accessories > Hats,NA-HATS-GRP-011,Blush Pink,,Cotton Twill,247
NA-HATS-0187,Heritage Bucket Hat – Slate Gray,"The Heritage Bucket Hat from Northwind Apparel, crafted in knit, to top off any look, sun or shade. Shown in Slate Gray.",https://northwind-apparel.example.com/products/na-hats-0187,/mock-catalog/images/northwind-apparel/NA-HATS-0187.jpg,,in_stock,28.38 USD,,Northwind,,NA-HATS-0187,new,Apparel & Accessories > Clothing Accessories > Hats,Accessories > Hats,NA-HATS-GRP-011,Slate Gray,,Knit,113
NA-HATS-0188,Alpine Bucket Hat – White,"The Alpine Bucket Hat from Northwind Apparel, crafted in cotton twill, to top off any look, sun or shade. Shown in White.",https://northwind-apparel.example.com/products/na-hats-0188,/mock-catalog/images/northwind-apparel/NA-HATS-0188.jpg,,in_stock,19.56 USD,17.22 USD,NW Active,,NA-HATS-0188,new,Apparel & Accessories > Clothing Accessories > Hats,Accessories > Hats,NA-HATS-GRP-012,White,,Cotton Twill,181
NA-HATS-0189,Featherlight Trucker Hat – Terracotta,"The Featherlight Trucker Hat from Northwind Apparel, crafted in cotton twill, to top off any look, sun or shade. Shown in Terracotta.",https://northwind-apparel.example.com/products/na-hats-0189,/mock-catalog/images/northwind-apparel/NA-HATS-0189.jpg,,in_stock,22.31 USD,,NW Active,,NA-HATS-0189,new,Apparel & Accessories > Clothing Accessories > Hats,Accessories > Hats,NA-HATS-GRP-012,Terracotta,,Cotton Twill,103
NA-HATS-0190,Signature Bucket Hat – Blush Pink,"The Signature Bucket Hat from Northwind Apparel, crafted in cotton twill, to top off any look, sun or shade. Shown in Blush Pink.",https://northwind-apparel.example.com/products/na-hats-0190,/mock-catalog/images/northwind-apparel/NA-HATS-0190.jpg,,in_stock,27.38 USD,,NW Active,,NA-HATS-0190,new,Apparel & Accessories > Clothing Accessories > Hats,Accessories > Hats,NA-HATS-GRP-013,Blush Pink,,Cotton Twill,184
NA-SUNG-0191,Signature Round Sunglasses – Cream,"The Signature Round Sunglasses from Northwind Apparel, crafted in acetate, with UV400 protection and a timeless silhouette. Shown in Cream.",https://northwind-apparel.example.com/products/na-sung-0191,/mock-catalog/images/northwind-apparel/NA-SUNG-0191.jpg,,in_stock,106.54 USD,,Northwind,,NA-SUNG-0191,new,Apparel & Accessories > Clothing Accessories > Sunglasses,Accessories > Eyewear > Sunglasses,NA-SUNG-GRP-008,Cream,,Acetate,34
NA-SUNG-0192,Coastal Round Sunglasses – Sky Blue,"The Coastal Round Sunglasses from Northwind Apparel, crafted in recycled frame, with UV400 protection and a timeless silhouette. Shown in Sky Blue.",https://northwind-apparel.example.com/products/na-sung-0192,/mock-catalog/images/northwind-apparel/NA-SUNG-0192.jpg,,in_stock,61.84 USD,49.21 USD,Northwind,,NA-SUNG-0192,new,Apparel & Accessories > Clothing Accessories > Sunglasses,Accessories > Eyewear > Sunglasses,NA-SUNG-GRP-009,Sky Blue,,Recycled Frame,243
NA-SUNG-0193,Trail Round Sunglasses – Terracotta,"The Trail Round Sunglasses from Northwind Apparel, crafted in recycled frame, with UV400 protection and a timeless silhouette. Shown in Terracotta.",https://northwind-apparel.example.com/products/na-sung-0193,/mock-catalog/images/northwind-apparel/NA-SUNG-0193.jpg,,in_stock,56.17 USD,49.89 USD,Northwind Studio,,NA-SUNG-0193,new,Apparel & Accessories > Clothing Accessories > Sunglasses,Accessories > Eyewear > Sunglasses,NA-SUNG-GRP-009,Terracotta,,Recycled Frame,161
NA-SUNG-0194,Studio Round Sunglasses – Black,"The Studio Round Sunglasses from Northwind Apparel, crafted in recycled frame, with UV400 protection and a timeless silhouette. Shown in Black.",https://northwind-apparel.example.com/products/na-sung-0194,/mock-catalog/images/northwind-apparel/NA-SUNG-0194.jpg,,in_stock,138.53 USD,,NW Active,,NA-SUNG-0194,new,Apparel & Accessories > Clothing Accessories > Sunglasses,Accessories > Eyewear > Sunglasses,NA-SUNG-GRP-010,Black,,Recycled Frame,173
NA-SUNG-0195,Premium Sport Sunglasses – Forest Green,"The Premium Sport Sunglasses from Northwind Apparel, crafted in acetate, with UV400 protection and a timeless silhouette. Shown in Forest Green.",https://northwind-apparel.example.com/products/na-sung-0195,/mock-catalog/images/northwind-apparel/NA-SUNG-0195.jpg,,in_stock,63.87 USD,,Northwind,,NA-SUNG-0195,new,Apparel & Accessories > Clothing Accessories > Sunglasses,Accessories > Eyewear > Sunglasses,NA-SUNG-GRP-010,Forest Green,,Acetate,220
NA-SUNG-0196,Minimalist Sport Sunglasses – Burgundy,"The Minimalist Sport Sunglasses from Northwind Apparel, crafted in recycled frame, with UV400 protection and a timeless silhouette. Shown in Burgundy.",https://northwind-apparel.example.com/products/na-sung-0196,/mock-catalog/images/northwind-apparel/NA-SUNG-0196.jpg,,in_stock,129.99 USD,,Northwind,,NA-SUNG-0196,new,Apparel & Accessories > Clothing Accessories > Sunglasses,Accessories > Eyewear > Sunglasses,NA-SUNG-GRP-011,Burgundy,,Recycled Frame,12
NA-SUNG-0197,Everyday Sport Sunglasses – Charcoal,"The Everyday Sport Sunglasses from Northwind Apparel, crafted in recycled frame, with UV400 protection and a timeless silhouette. Shown in Charcoal.",https://northwind-apparel.example.com/products/na-sung-0197,/mock-catalog/images/northwind-apparel/NA-SUNG-0197.jpg,,in_stock,108.27 USD,,NW Active,,NA-SUNG-0197,new,Apparel & Accessories > Clothing Accessories > Sunglasses,Accessories > Eyewear > Sunglasses,NA-SUNG-GRP-011,Charcoal,,Recycled Frame,157
NA-SUNG-0198,Alpine Round Sunglasses – Sky Blue,"The Alpine Round Sunglasses from Northwind Apparel, crafted in recycled frame, with UV400 protection and a timeless silhouette. Shown in Sky Blue.",https://northwind-apparel.example.com/products/na-sung-0198,/mock-catalog/images/northwind-apparel/NA-SUNG-0198.jpg,,in_stock,139.08 USD,,Northwind,,NA-SUNG-0198,new,Apparel & Accessories > Clothing Accessories > Sunglasses,Accessories > Eyewear > Sunglasses,NA-SUNG-GRP-012,Sky Blue,,Recycled Frame,57
NA-SUNG-0199,Terra Round Sunglasses – Terracotta,"The Terra Round Sunglasses from Northwind Apparel, crafted in acetate, with UV400 protection and a timeless silhouette. Shown in Terracotta.",https://northwind-apparel.example.com/products/na-sung-0199,/mock-catalog/images/northwind-apparel/NA-SUNG-0199.jpg,,in_stock,59.28 USD,,NW Active,,NA-SUNG-0199,new,Apparel & Accessories > Clothing Accessories > Sunglasses,Accessories > Eyewear > Sunglasses,NA-SUNG-GRP-012,Terracotta,,Acetate,221
NA-SUNG-0200,Coastal Sport Sunglasses – Black,"The Coastal Sport Sunglasses from Northwind Apparel, crafted in recycled frame, with UV400 protection and a timeless silhouette. Shown in Black.",https://northwind-apparel.example.com/products/na-sung-0200,/mock-catalog/images/northwind-apparel/NA-SUNG-0200.jpg,,in_stock,81.54 USD,73.79 USD,NW Active,,NA-SUNG-0200,new,Apparel & Accessories > Clothing Accessories > Sunglasses,Accessories > Eyewear > Sunglasses,NA-SUNG-GRP-013,Black,,Recycled Frame,209
NA-BACK-0201,Featherlight Daypack – Sky Blue,"The Featherlight Daypack from Northwind Apparel, crafted in waxed canvas, organized, durable, and ready for the daily commute. Shown in Sky Blue.",https://northwind-apparel.example.com/products/na-back-0201,/mock-catalog/images/northwind-apparel/NA-BACK-0201.jpg,,in_stock,65.41 USD,57.07 USD,Northwind Studio,,NA-BACK-0201,new,Luggage & Bags > Backpacks,Bags > Backpacks,NA-BACK-GRP-008,Sky Blue,,Waxed Canvas,138
NA-BACK-0202,Aero Daypack – Terracotta,"The Aero Daypack from Northwind Apparel, crafted in waxed canvas, organized, durable, and ready for the daily commute. Shown in Terracotta.",https://northwind-apparel.example.com/products/na-back-0202,/mock-catalog/images/northwind-apparel/NA-BACK-0202.jpg,,in_stock,109.01 USD,,Northwind Studio,,NA-BACK-0202,new,Luggage & Bags > Backpacks,Bags > Backpacks,NA-BACK-GRP-009,Terracotta,,Waxed Canvas,246
NA-BACK-0203,Everyday Rolltop Backpack – White,"The Everyday Rolltop Backpack from Northwind Apparel, crafted in waxed canvas, organized, durable, and ready for the daily commute. Shown in White.",https://northwind-apparel.example.com/products/na-back-0203,/mock-catalog/images/northwind-apparel/NA-BACK-0203.jpg,,in_stock,141.70 USD,,NW Active,,NA-BACK-0203,new,Luggage & Bags > Backpacks,Bags > Backpacks,NA-BACK-GRP-009,White,,Waxed Canvas,164
NA-BACK-0204,Studio Rolltop Backpack – Burgundy,"The Studio Rolltop Backpack from Northwind Apparel, crafted in recycled nylon, organized, durable, and ready for the daily commute. Shown in Burgundy.",https://northwind-apparel.example.com/products/na-back-0204,/mock-catalog/images/northwind-apparel/NA-BACK-0204.jpg,,in_stock,125.83 USD,,NW Active,,NA-BACK-0204,new,Luggage & Bags > Backpacks,Bags > Backpacks,NA-BACK-GRP-010,Burgundy,,Recycled Nylon,27
NA-BACK-0205,Urban Weekender Duffel – Navy,"The Urban Weekender Duffel from Northwind Apparel, crafted in recycled nylon, organized, durable, and ready for the daily commute. Shown in Navy.",https://northwind-apparel.example.com/products/na-back-0205,/mock-catalog/images/northwind-apparel/NA-BACK-0205.jpg,,in_stock,123.46 USD,103.00 USD,Northwind,,NA-BACK-0205,new,Luggage & Bags > Backpacks,Bags > Backpacks,NA-BACK-GRP-010,Navy,,Recycled Nylon,154
NA-BACK-0206,Everyday Daypack – White,"The Everyday Daypack from Northwind Apparel, crafted in recycled nylon, organized, durable, and ready for the daily commute. Shown in White.",https://northwind-apparel.example.com/products/na-back-0206,/mock-catalog/images/northwind-apparel/NA-BACK-0206.jpg,,in_stock,84.24 USD,,Northwind Studio,,NA-BACK-0206,new,Luggage & Bags > Backpacks,Bags > Backpacks,NA-BACK-GRP-011,White,,Recycled Nylon,47
NA-BACK-0207,Trail Rolltop Backpack – Navy,"The Trail Rolltop Backpack from Northwind Apparel, crafted in recycled nylon, organized, durable, and ready for the daily commute. Shown in Navy.",https://northwind-apparel.example.com/products/na-back-0207,/mock-catalog/images/northwind-apparel/NA-BACK-0207.jpg,,in_stock,120.74 USD,,NW Active,,NA-BACK-0207,new,Luggage & Bags > Backpacks,Bags > Backpacks,NA-BACK-GRP-011,Navy,,Recycled Nylon,248
NA-BACK-0208,Minimalist Daypack – Olive,"The Minimalist Daypack from Northwind Apparel, crafted in waxed canvas, organized, durable, and ready for the daily commute. Shown in Olive.",https://northwind-apparel.example.com/products/na-back-0208,/mock-catalog/images/northwind-apparel/NA-BACK-0208.jpg,,in_stock,144.69 USD,124.37 USD,Northwind,,NA-BACK-0208,new,Luggage & Bags > Backpacks,Bags > Backpacks,NA-BACK-GRP-012,Olive,,Waxed Canvas,235
NA-BACK-0209,Minimalist Rolltop Backpack – Cream,"The Minimalist Rolltop Backpack from Northwind Apparel, crafted in recycled nylon, organized, durable, and ready for the daily commute. Shown in Cream.",https://northwind-apparel.example.com/products/na-back-0209,/mock-catalog/images/northwind-apparel/NA-BACK-0209.jpg,,in_stock,147.76 USD,,NW Active,,NA-BACK-0209,new,Luggage & Bags > Backpacks,Bags > Backpacks,NA-BACK-GRP-012,Cream,,Recycled Nylon,244
NA-BACK-0210,Alpine Rolltop Backpack – Terracotta,"The Alpine Rolltop Backpack from Northwind Apparel, crafted in recycled nylon, organized, durable, and ready for the daily commute. Shown in Terracotta.",https://northwind-apparel.example.com/products/na-back-0210,/mock-catalog/images/northwind-apparel/NA-BACK-0210.jpg,,in_stock,122.69 USD,102.50 USD,NW Active,,NA-BACK-0210,new,Luggage & Bags > Backpacks,Bags > Backpacks,NA-BACK-GRP-013,Terracotta,,Recycled Nylon,145
NA-BOTT-0211,Luxe Flip-Top Bottle – Black,"The Luxe Flip-Top Bottle from Northwind Apparel, crafted in tritan, keeps drinks cold for 24 hours on the go. Shown in Black.",https://northwind-apparel.example.com/products/na-bott-0211,/mock-catalog/images/northwind-apparel/NA-BOTT-0211.jpg,,in_stock,32.04 USD,29.35 USD,NW Active,,NA-BOTT-0211,new,Home & Garden > Kitchen & Dining > Food & Beverage Carriers > Water Bottles,Drinkware > Water Bottles,NA-BOTT-GRP-008,Black,,Tritan,158
NA-BOTT-0212,Premium Steel Water Bottle – Charcoal,"The Premium Steel Water Bottle from Northwind Apparel, crafted in tritan, keeps drinks cold for 24 hours on the go. Shown in Charcoal.",https://northwind-apparel.example.com/products/na-bott-0212,/mock-catalog/images/northwind-apparel/NA-BOTT-0212.jpg,,in_stock,42.07 USD,35.56 USD,NW Active,,NA-BOTT-0212,new,Home & Garden > Kitchen & Dining > Food & Beverage Carriers > Water Bottles,Drinkware > Water Bottles,NA-BOTT-GRP-009,Charcoal,,Tritan,233
NA-BOTT-0213,Modern Steel Water Bottle – Black,"The Modern Steel Water Bottle from Northwind Apparel, crafted in stainless steel, keeps drinks cold for 24 hours on the go. Shown in Black.",https://northwind-apparel.example.com/products/na-bott-0213,/mock-catalog/images/northwind-apparel/NA-BOTT-0213.jpg,,in_stock,47.30 USD,37.52 USD,Northwind,,NA-BOTT-0213,new,Home & Garden > Kitchen & Dining > Food & Beverage Carriers > Water Bottles,Drinkware > Water Bottles,NA-BOTT-GRP-009,Black,,Stainless Steel,172
NA-BOTT-0214,Minimalist Steel Water Bottle – Blush Pink,"The Minimalist Steel Water Bottle from Northwind Apparel, crafted in stainless steel, keeps drinks cold for 24 hours on the go. Shown in Blush Pink.",https://northwind-apparel.example.com/products/na-bott-0214,/mock-catalog/images/northwind-apparel/NA-BOTT-0214.jpg,,in_stock,46.83 USD,,Northwind Studio,,NA-BOTT-0214,new,Home & Garden > Kitchen & Dining > Food & Beverage Carriers > Water Bottles,Drinkware > Water Bottles,NA-BOTT-GRP-010,Blush Pink,,Stainless Steel,94
NA-BOTT-0215,Signature Flip-Top Bottle – Black,"The Signature Flip-Top Bottle from Northwind Apparel, crafted in tritan, keeps drinks cold for 24 hours on the go. Shown in Black.",https://northwind-apparel.example.com/products/na-bott-0215,/mock-catalog/images/northwind-apparel/NA-BOTT-0215.jpg,,in_stock,25.87 USD,22.42 USD,Northwind Studio,,NA-BOTT-0215,new,Home & Garden > Kitchen & Dining > Food & Beverage Carriers > Water Bottles,Drinkware > Water Bottles,NA-BOTT-GRP-010,Black,,Tritan,221
NA-BOTT-0216,Essential Flip-Top Bottle – Terracotta,"The Essential Flip-Top Bottle from Northwind Apparel, crafted in tritan, keeps drinks cold for 24 hours on the go. Shown in Terracotta.",https://northwind-apparel.example.com/products/na-bott-0216,/mock-catalog/images/northwind-apparel/NA-BOTT-0216.jpg,,in_stock,46.64 USD,,Northwind,,NA-BOTT-0216,new,Home & Garden > Kitchen & Dining > Food & Beverage Carriers > Water Bottles,Drinkware > Water Bottles,NA-BOTT-GRP-011,Terracotta,,Tritan,32
NA-BOTT-0217,Trail Flip-Top Bottle – Olive,"The Trail Flip-Top Bottle from Northwind Apparel, crafted in tritan, keeps drinks cold for 24 hours on the go. Shown in Olive.",https://northwind-apparel.example.com/products/na-bott-0217,/mock-catalog/images/northwind-apparel/NA-BOTT-0217.jpg,,in_stock,30.24 USD,,Northwind Studio,,NA-BOTT-0217,new,Home & Garden > Kitchen & Dining > Food & Beverage Carriers > Water Bottles,Drinkware > Water Bottles,NA-BOTT-GRP-011,Olive,,Tritan,94
NA-BOTT-0218,Luxe Insulated Bottle – Forest Green,"The Luxe Insulated Bottle from Northwind Apparel, crafted in stainless steel, keeps drinks cold for 24 hours on the go. Shown in Forest Green.",https://northwind-apparel.example.com/products/na-bott-0218,/mock-catalog/images/northwind-apparel/NA-BOTT-0218.jpg,,in_stock,28.23 USD,,Northwind Studio,,NA-BOTT-0218,new,Home & Garden > Kitchen & Dining > Food & Beverage Carriers > Water Bottles,Drinkware > Water Bottles,NA-BOTT-GRP-012,Forest Green,,Stainless Steel,74
NA-BOTT-0219,Pro Flip-Top Bottle – Blush Pink,"The Pro Flip-Top Bottle from Northwind Apparel, crafted in tritan, keeps drinks cold for 24 hours on the go. Shown in Blush Pink.",https://northwind-apparel.example.com/products/na-bott-0219,/mock-catalog/images/northwind-apparel/NA-BOTT-0219.jpg,,in_stock,42.75 USD,,NW Active,,NA-BOTT-0219,new,Home & Garden > Kitchen & Dining > Food & Beverage Carriers > Water Bottles,Drinkware > Water Bottles,NA-BOTT-GRP-012,Blush Pink,,Tritan,178
NA-BOTT-0220,Modern Insulated Bottle – Burgundy,"The Modern Insulated Bottle from Northwind Apparel, crafted in tritan, keeps drinks cold for 24 hours on the go. Shown in Burgundy.",https://northwind-apparel.example.com/products/na-bott-0220,/mock-catalog/images/northwind-apparel/NA-BOTT-0220.jpg,,in_stock,41.71 USD,,Northwind Studio,,NA-BOTT-0220,new,Home & Garden > Kitchen & Dining > Food & Beverage Carriers > Water Bottles,Drinkware > Water Bottles,NA-BOTT-GRP-013,Burgundy,,Tritan,10
NA-SOCK-0221,Essential No-Show Socks – Black,"The Essential No-Show Socks from Northwind Apparel, crafted in combed cotton, the small upgrade your rotation needs. Shown in Black.",https://northwind-apparel.example.com/products/na-sock-0221,/mock-catalog/images/northwind-apparel/NA-SOCK-0221.jpg,,in_stock,13.36 USD,,NW Active,,NA-SOCK-0221,new,Apparel & Accessories > Clothing > Underwear & Socks > Socks,Accessories > Socks,NA-SOCK-GRP-008,Black,,Combed Cotton,208
NA-SOCK-0222,Alpine Wool Socks – Sky Blue,"The Alpine Wool Socks from Northwind Apparel, crafted in combed cotton, the small upgrade your rotation needs. Shown in Sky Blue.",https://northwind-apparel.example.com/products/na-sock-0222,/mock-catalog/images/northwind-apparel/NA-SOCK-0222.jpg,,in_stock,12.29 USD,,Northwind Studio,,NA-SOCK-0222,new,Apparel & Accessories > Clothing > Underwear & Socks > Socks,Accessories > Socks,NA-SOCK-GRP-009,Sky Blue,,Combed Cotton,173
NA-SOCK-0223,Signature No-Show Socks – Black,"The Signature No-Show Socks from Northwind Apparel, crafted in combed cotton, the small upgrade your rotation needs. Shown in Black.",https://northwind-apparel.example.com/products/na-sock-0223,/mock-catalog/images/northwind-apparel/NA-SOCK-0223.jpg,,in_stock,13.07 USD,,Northwind,,NA-SOCK-0223,new,Apparel & Accessories > Clothing > Underwear & Socks > Socks,Accessories > Socks,NA-SOCK-GRP-009,Black,,Combed Cotton,52
NA-SOCK-0224,Coastal Ankle Socks 3-Pack – Olive,"The Coastal Ankle Socks 3-Pack from Northwind Apparel, crafted in combed cotton, the small upgrade your rotation needs. Shown in Olive.",https://northwind-apparel.example.com/products/na-sock-0224,/mock-catalog/images/northwind-apparel/NA-SOCK-0224.jpg,,in_stock,13.34 USD,12.17 USD,Northwind Studio,,NA-SOCK-0224,new,Apparel & Accessories > Clothing > Underwear & Socks > Socks,Accessories > Socks,NA-SOCK-GRP-010,Olive,,Combed Cotton,7
NA-SOCK-0225,Aero Ankle Socks 3-Pack – Charcoal,"The Aero Ankle Socks 3-Pack from Northwind Apparel, crafted in combed cotton, the small upgrade your rotation needs. Shown in Charcoal.",https://northwind-apparel.example.com/products/na-sock-0225,/mock-catalog/images/northwind-apparel/NA-SOCK-0225.jpg,,in_stock,20.26 USD,,Northwind,,NA-SOCK-0225,new,Apparel & Accessories > Clothing > Underwear & Socks > Socks,Accessories > Socks,NA-SOCK-GRP-010,Charcoal,,Combed Cotton,91
NA-SOCK-0226,Featherlight Wool Socks – Black,"The Featherlight Wool Socks from Northwind Apparel, crafted in merino wool, the small upgrade your rotation needs. Shown in Black.",https://northwind-apparel.example.com/products/na-sock-0226,/mock-catalog/images/northwind-apparel/NA-SOCK-0226.jpg,,in_stock,26.47 USD,,Northwind Studio,,NA-SOCK-0226,new,Apparel & Accessories > Clothing > Underwear & Socks > Socks,Accessories > Socks,NA-SOCK-GRP-011,Black,,Merino Wool,38
NA-SOCK-0227,Premium Wool Socks – Cream,"The Premium Wool Socks from Northwind Apparel, crafted in combed cotton, the small upgrade your rotation needs. Shown in Cream.",https://northwind-apparel.example.com/products/na-sock-0227,/mock-catalog/images/northwind-apparel/NA-SOCK-0227.jpg,,in_stock,19.04 USD,15.59 USD,Northwind Studio,,NA-SOCK-0227,new,Apparel & Accessories > Clothing > Underwear & Socks > Socks,Accessories > Socks,NA-SOCK-GRP-011,Cream,,Combed Cotton,177
NA-SOCK-0228,Trail Ankle Socks 3-Pack – Burgundy,"The Trail Ankle Socks 3-Pack from Northwind Apparel, crafted in merino wool, the small upgrade your rotation needs. Shown in Burgundy.",https://northwind-apparel.example.com/products/na-sock-0228,/mock-catalog/images/northwind-apparel/NA-SOCK-0228.jpg,,in_stock,24.51 USD,,Northwind Studio,,NA-SOCK-0228,new,Apparel & Accessories > Clothing > Underwear & Socks > Socks,Accessories > Socks,NA-SOCK-GRP-012,Burgundy,,Merino Wool,56
NA-SOCK-0229,Trail Crew Socks 3-Pack – Sky Blue,"The Trail Crew Socks 3-Pack from Northwind Apparel, crafted in merino wool, the small upgrade your rotation needs. Shown in Sky Blue.",https://northwind-apparel.example.com/products/na-sock-0229,/mock-catalog/images/northwind-apparel/NA-SOCK-0229.jpg,,in_stock,15.18 USD,,NW Active,,NA-SOCK-0229,new,Apparel & Accessories > Clothing > Underwear & Socks > Socks,Accessories > Socks,NA-SOCK-GRP-012,Sky Blue,,Merino Wool,118
NA-SOCK-0230,Pro No-Show Socks – Forest Green,"The Pro No-Show Socks from Northwind Apparel, crafted in merino wool, the small upgrade your rotation needs. Shown in Forest Green.",https://northwind-apparel.example.com/products/na-sock-0230,/mock-catalog/images/northwind-apparel/NA-SOCK-0230.jpg,,in_stock,12.31 USD,,Northwind,,NA-SOCK-0230,new,Apparel & Accessories > Clothing > Underwear & Socks > Socks,Accessories > Socks,NA-SOCK-GRP-013,Forest Green,,Merino Wool,95
NA-JACK-0231,Everyday Puffer Jacket – Black,"The Everyday Puffer Jacket from Northwind Apparel, crafted in ripstop, weather-ready protection without the bulk. Shown in Black.",https://northwind-apparel.example.com/products/na-jack-0231,/mock-catalog/images/northwind-apparel/NA-JACK-0231.jpg,,in_stock,127.16 USD,,NW Active,,NA-JACK-0231,new,Apparel & Accessories > Clothing > Outerwear > Coats & Jackets,Apparel > Outerwear > Jackets,NA-JACK-GRP-008,Black,M,Ripstop,74
NA-JACK-0232,Studio Puffer Jacket – Sky Blue,"The Studio Puffer Jacket from Northwind Apparel, crafted in recycled poly, weather-ready protection without the bulk. Shown in Sky Blue.",https://northwind-apparel.example.com/products/na-jack-0232,/mock-catalog/images/northwind-apparel/NA-JACK-0232.jpg,,in_stock,207.67 USD,158.14 USD,Northwind Studio,,NA-JACK-0232,new,Apparel & Accessories > Clothing > Outerwear > Coats & Jackets,Apparel > Outerwear > Jackets,NA-JACK-GRP-009,Sky Blue,XL,Recycled Poly,68
NA-JACK-0233,Signature Denim Jacket – Navy,"The Signature Denim Jacket from Northwind Apparel, crafted in denim, weather-ready protection without the bulk. Shown in Navy.",https://northwind-apparel.example.com/products/na-jack-0233,/mock-catalog/images/northwind-apparel/NA-JACK-0233.jpg,,in_stock,120.18 USD,,Northwind Studio,,NA-JACK-0233,new,Apparel & Accessories > Clothing > Outerwear > Coats & Jackets,Apparel > Outerwear > Jackets,NA-JACK-GRP-009,Navy,XXL,Denim,172
NA-JACK-0234,Coastal Rain Shell – Forest Green,"The Coastal Rain Shell from Northwind Apparel, crafted in ripstop, weather-ready protection without the bulk. Shown in Forest Green.",https://northwind-apparel.example.com/products/na-jack-0234,/mock-catalog/images/northwind-apparel/NA-JACK-0234.jpg,,in_stock,143.07 USD,,Northwind,,NA-JACK-0234,new,Apparel & Accessories > Clothing > Outerwear > Coats & Jackets,Apparel > Outerwear > Jackets,NA-JACK-GRP-010,Forest Green,XXL,Ripstop,14
NA-JACK-0235,Rugged Denim Jacket – Sky Blue,"The Rugged Denim Jacket from Northwind Apparel, crafted in recycled poly, weather-ready protection without the bulk. Shown in Sky Blue.",https://northwind-apparel.example.com/products/na-jack-0235,/mock-catalog/images/northwind-apparel/NA-JACK-0235.jpg,,in_stock,125.01 USD,,NW Active,,NA-JACK-0235,new,Apparel & Accessories > Clothing > Outerwear > Coats & Jackets,Apparel > Outerwear > Jackets,NA-JACK-GRP-010,Sky Blue,M,Recycled Poly,172
NA-JACK-0236,Rugged Windbreaker – Charcoal,"The Rugged Windbreaker from Northwind Apparel, crafted in ripstop, weather-ready protection without the bulk. Shown in Charcoal.",https://northwind-apparel.example.com/products/na-jack-0236,/mock-catalog/images/northwind-apparel/NA-JACK-0236.jpg,,in_stock,91.92 USD,,Northwind,,NA-JACK-0236,new,Apparel & Accessories > Clothing > Outerwear > Coats & Jackets,Apparel > Outerwear > Jackets,NA-JACK-GRP-011,Charcoal,XXL,Ripstop,52
NA-JACK-0237,Urban Denim Jacket – Burgundy,"The Urban Denim Jacket from Northwind Apparel, crafted in denim, weather-ready protection without the bulk. Shown in Burgundy.",https://northwind-apparel.example.com/products/na-jack-0237,/mock-catalog/images/northwind-apparel/NA-JACK-0237.jpg,,in_stock,94.13 USD,,NW Active,,NA-JACK-0237,new,Apparel & Accessories > Clothing > Outerwear > Coats & Jackets,Apparel > Outerwear > Jackets,NA-JACK-GRP-011,Burgundy,S,Denim,52
NA-JACK-0238,Urban Rain Shell – Sand,"The Urban Rain Shell from Northwind Apparel, crafted in recycled poly, weather-ready protection without the bulk. Shown in Sand.",https://northwind-apparel.example.com/products/na-jack-0238,/mock-catalog/images/northwind-apparel/NA-JACK-0238.jpg,,in_stock,181.53 USD,160.46 USD,Northwind,,NA-JACK-0238,new,Apparel & Accessories > Clothing > Outerwear > Coats & Jackets,Apparel > Outerwear > Jackets,NA-JACK-GRP-012,Sand,M,Recycled Poly,101
NA-JACK-0239,Luxe Rain Shell – Sky Blue,"The Luxe Rain Shell from Northwind Apparel, crafted in denim, weather-ready protection without the bulk. Shown in Sky Blue.",https://northwind-apparel.example.com/products/na-jack-0239,/mock-catalog/images/northwind-apparel/NA-JACK-0239.jpg,,in_stock,118.95 USD,,Northwind Studio,,NA-JACK-0239,new,Apparel & Accessories > Clothing > Outerwear > Coats & Jackets,Apparel > Outerwear > Jackets,NA-JACK-GRP-012,Sky Blue,L,Denim,100
NA-JACK-0240,Aero Puffer Jacket – Olive,"The Aero Puffer Jacket from Northwind Apparel, crafted in recycled poly, weather-ready protection without the bulk. Shown in Olive.",https://northwind-apparel.example.com/products/na-jack-0240,/mock-catalog/images/northwind-apparel/NA-JACK-0240.jpg,,in_stock,235.52 USD,,NW Active,,NA-JACK-0240,new,Apparel & Accessories > Clothing > Outerwear > Coats & Jackets,Apparel > Outerwear > Jackets,NA-JACK-GRP-013,Olive,XXL,Recycled Poly,237
NA-WALL-0241,Pro Leather Belt – Forest Green,"The Pro Leather Belt from Northwind Apparel, crafted in full-grain leather, slim, refined, and made to last. Shown in Forest Green.",https://northwind-apparel.example.com/products/na-wall-0241,/mock-catalog/images/northwind-apparel/NA-WALL-0241.jpg,,in_stock,53.38 USD,48.19 USD,Northwind Studio,,NA-WALL-0241,new,Apparel & Accessories > Clothing Accessories,Accessories > Small Leather Goods,NA-WALL-GRP-008,Forest Green,,Full-Grain Leather,174
NA-WALL-0242,Premium Leather Belt – Forest Green,"The Premium Leather Belt from Northwind Apparel, crafted in full-grain leather, slim, refined, and made to last. Shown in Forest Green.",https://northwind-apparel.example.com/products/na-wall-0242,/mock-catalog/images/northwind-apparel/NA-WALL-0242.jpg,,in_stock,56.38 USD,,Northwind,,NA-WALL-0242,new,Apparel & Accessories > Clothing Accessories,Accessories > Small Leather Goods,NA-WALL-GRP-009,Forest Green,,Full-Grain Leather,138
NA-WALL-0243,Luxe Bifold Wallet – Cream,"The Luxe Bifold Wallet from Northwind Apparel, crafted in vegan leather, slim, refined, and made to last. Shown in Cream.",https://northwind-apparel.example.com/products/na-wall-0243,/mock-catalog/images/northwind-apparel/NA-WALL-0243.jpg,,in_stock,25.65 USD,21.80 USD,Northwind,,NA-WALL-0243,new,Apparel & Accessories > Clothing Accessories,Accessories > Small Leather Goods,NA-WALL-GRP-009,Cream,,Vegan Leather,119
NA-WALL-0244,Urban Travel Wallet – Charcoal,"The Urban Travel Wallet from Northwind Apparel, crafted in vegan leather, slim, refined, and made to last. Shown in Charcoal.",https://northwind-apparel.example.com/products/na-wall-0244,/mock-catalog/images/northwind-apparel/NA-WALL-0244.jpg,,in_stock,67.33 USD,,Northwind,,NA-WALL-0244,new,Apparel & Accessories > Clothing Accessories,Accessories > Small Leather Goods,NA-WALL-GRP-010,Charcoal,,Vegan Leather,14
NA-WALL-0245,Everyday Bifold Wallet – Terracotta,"The Everyday Bifold Wallet from Northwind Apparel, crafted in full-grain leather, slim, refined, and made to last. Shown in Terracotta.",https://northwind-apparel.example.com/products/na-wall-0245,/mock-catalog/images/northwind-apparel/NA-WALL-0245.jpg,,in_stock,37.67 USD,,Northwind Studio,,NA-WALL-0245,new,Apparel & Accessories > Clothing Accessories,Accessories > Small Leather Goods,NA-WALL-GRP-010,Terracotta,,Full-Grain Leather,157
NA-WALL-0246,Rugged Travel Wallet – Terracotta,"The Rugged Travel Wallet from Northwind Apparel, crafted in full-grain leather, slim, refined, and made to last. Shown in Terracotta.",https://northwind-apparel.example.com/products/na-wall-0246,/mock-catalog/images/northwind-apparel/NA-WALL-0246.jpg,,in_stock,33.13 USD,25.91 USD,Northwind Studio,,NA-WALL-0246,new,Apparel & Accessories > Clothing Accessories,Accessories > Small Leather Goods,NA-WALL-GRP-011,Terracotta,,Full-Grain Leather,223
NA-WALL-0247,Premium Travel Wallet – Burgundy,"The Premium Travel Wallet from Northwind Apparel, crafted in full-grain leather, slim, refined, and made to last. Shown in Burgundy.",https://northwind-apparel.example.com/products/na-wall-0247,/mock-catalog/images/northwind-apparel/NA-WALL-0247.jpg,,in_stock,56.71 USD,,Northwind,,NA-WALL-0247,new,Apparel & Accessories > Clothing Accessories,Accessories > Small Leather Goods,NA-WALL-GRP-011,Burgundy,,Full-Grain Leather,245
NA-WALL-0248,Pro Bifold Wallet – Olive,"The Pro Bifold Wallet from Northwind Apparel, crafted in vegan leather, slim, refined, and made to last. Shown in Olive.",https://northwind-apparel.example.com/products/na-wall-0248,/mock-catalog/images/northwind-apparel/NA-WALL-0248.jpg,,in_stock,52.96 USD,41.75 USD,Northwind,,NA-WALL-0248,new,Apparel & Accessories > Clothing Accessories,Accessories > Small Leather Goods,NA-WALL-GRP-012,Olive,,Vegan Leather,149
NA-WALL-0249,Everyday Travel Wallet – Terracotta,"The Everyday Travel Wallet from Northwind Apparel, crafted in vegan leather, slim, refined, and made to last. Shown in Terracotta.",https://northwind-apparel.example.com/products/na-wall-0249,/mock-catalog/images/northwind-apparel/NA-WALL-0249.jpg,,in_stock,26.07 USD,,Northwind Studio,,NA-WALL-0249,new,Apparel & Accessories > Clothing Accessories,Accessories > Small Leather Goods,NA-WALL-GRP-012,Terracotta,,Vegan Leather,169
NA-WALL-0250,Rugged Leather Belt – Black,"The Rugged Leather Belt from Northwind Apparel, crafted in vegan leather, slim, refined, and made to last. Shown in Black.",https://northwind-apparel.example.com/products/na-wall-0250,/mock-catalog/images/northwind-apparel/NA-WALL-0250.jpg,,in_stock,56.08 USD,,Northwind,,NA-WALL-0250,new,Apparel & Accessories > Clothing Accessories,Accessories > Small Leather Goods,NA-WALL-GRP-013,Black,,Vegan Leather,91
