id,title,description,link,brand,gtin,mpn,image_link,additional_image_link,video_link,model_3d_link,condition,google_product_category,product_category,age_group,material,length,width,height,weight,item_group_id,item_group_title,color,size,size_system,gender,availability,availability_date,expiration_date,inventory_not_tracked,inventory_quantity,price,sale_price,sale_price_effective_date,stripe_product_tax_code,tax_behavior,applicable_fees,shipping,free_shipping_threshold,delete
VE-EARB-0001,Nova Wireless Earbuds – Black,"The Nova Wireless Earbuds from VoltEdge Electronics, crafted in matte polymer, with rich sound, deep bass, and all-day battery. Shown in Black.",https://livgpt.vercel.app/?merchant=voltedge-electronics&product=VE-EARB-0001,Edge Audio,,VE-EARB-0001,https://livgpt.vercel.app/mock-catalog/images/voltedge-electronics/VE-EARB-0001.jpg,,,,new,Electronics > Audio > Audio Components > Headphones,Audio > Earbuds,adult,Matte Polymer,4 in,3 in,2 in,0.44 lb,VE-EARB-GRP-001,Earbuds,Black,,,unisex,in_stock,,,,162,109.61 USD,83.95 USD,2026-07-01/2026-12-31,txcd_99999999,exclusive,,"US:ALL:Standard:3-5:0.00 USD,US:ALL:Expedited:1-2:9.99 USD",US:ALL:Standard:50.00 USD,
VE-EARB-0002,Nova Noise-Cancelling Earbuds – Slate Gray,"The Nova Noise-Cancelling Earbuds from VoltEdge Electronics, crafted in matte polymer, with rich sound, deep bass, and all-day battery. Shown in Slate Gray.",https://livgpt.vercel.app/?merchant=voltedge-electronics&product=VE-EARB-0002,VoltEdge Pro,,VE-EARB-0002,https://livgpt.vercel.app/mock-catalog/images/voltedge-electronics/VE-EARB-0002.jpg,,,,new,Electronics > Audio > Audio Components > Headphones,Audio > Earbuds,adult,Matte Polymer,4 in,3 in,2 in,0.41 lb,VE-EARB-GRP-001,Earbuds,Slate Gray,,,unisex,in_stock,,,,240,85.71 USD,,,txcd_99999999,exclusive,,"US:ALL:Standard:3-5:0.00 USD,US:ALL:Expedited:1-2:9.99 USD",US:ALL:Standard:50.00 USD,
VE-EARB-0003,Minimalist Noise-Cancelling Earbuds – Olive,"The Minimalist Noise-Cancelling Earbuds from VoltEdge Electronics, crafted in matte polymer, with rich sound, deep bass, and all-day battery. Shown in Olive.",https://livgpt.vercel.app/?merchant=voltedge-electronics&product=VE-EARB-0003,VoltEdge Pro,,VE-EARB-0003,https://livgpt.vercel.app/mock-catalog/images/voltedge-electronics/VE-EARB-0003.jpg,,,,new,Electronics > Audio > Audio Components > Headphones,Audio > Earbuds,adult,Matte Polymer,4 in,3 in,2 in,0.39 lb,VE-EARB-GRP-002,Earbuds,Olive,,,unisex,in_stock,,,,240,179.03 USD,,,txcd_99999999,exclusive,,"US:ALL:Standard:3-5:0.00 USD,US:ALL:Expedited:1-2:9.99 USD",US:ALL:Standard:50.00 USD,
VE-EARB-0004,Essential Noise-Cancelling Earbuds – Charcoal,"The Essential Noise-Cancelling Earbuds from VoltEdge Electronics, crafted in matte polymer, with rich sound, deep bass, and all-day battery. Shown in Charcoal.",https://livgpt.vercel.app/?merchant=voltedge-electronics&product=VE-EARB-0004,VoltEdge Pro,,VE-EARB-0004,https://livgpt.vercel.app/mock-catalog/images/voltedge-electronics/VE-EARB-0004.jpg,,,,new,Electronics > Audio > Audio Components > Headphones,Audio > Earbuds,adult,Matte Polymer,4 in,3 in,2 in,0.42 lb,VE-EARB-GRP-002,Earbuds,Charcoal,,,unisex,in_stock,,,,142,129.41 USD,,,txcd_99999999,exclusive,,"US:ALL:Standard:3-5:0.00 USD,US:ALL:Expedited:1-2:9.99 USD",US:ALL:Standard:50.00 USD,
VE-EARB-0005,Minimalist Wireless Earbuds – Burgundy,"The Minimalist Wireless Earbuds from VoltEdge Electronics, crafted in matte polymer, with rich sound, deep bass, and all-day battery. Shown in Burgundy.",https://livgpt.vercel.app/?merchant=voltedge-electronics&product=VE-EARB-0005,VoltEdge Pro,,VE-EARB-0005,https://livgpt.vercel.app/mock-catalog/images/voltedge-electronics/VE-EARB-0005.jpg,,,,new,Electronics > Audio > Audio Components > Headphones,Audio > Earbuds,adult,Matte Polymer,4 in,3 in,2 in,0.42 lb,VE-EARB-GRP-003,Earbuds,Burgundy,,,unisex,in_stock,,,,24,142.39 USD,,,txcd_99999999,exclusive,,"US:ALL:Standard:3-5:0.00 USD,US:ALL:Expedited:1-2:9.99 USD",US:ALL:Standard:50.00 USD,
VE-EARB-0006,Premium Noise-Cancelling Earbuds – Olive,"The Premium Noise-Cancelling Earbuds from VoltEdge Electronics, crafted in matte polymer, with rich sound, deep bass, and all-day battery. Shown in Olive.",https://livgpt.vercel.app/?merchant=voltedge-electronics&product=VE-EARB-0006,VoltEdge,,VE-EARB-0006,https://livgpt.vercel.app/mock-catalog/images/voltedge-electronics/VE-EARB-0006.jpg,,,,new,Electronics > Audio > Audio Components > Headphones,Audio > Earbuds,adult,Matte Polymer,4 in,3 in,2 in,0.4 lb,VE-EARB-GRP-003,Earbuds,Olive,,,unisex,in_stock,,,,140,141.82 USD,,,txcd_99999999,exclusive,,"US:ALL:Standard:3-5:0.00 USD,US:ALL:Expedited:1-2:9.99 USD",US:ALL:Standard:50.00 USD,
VE-EARB-0007,Terra Open-Ear Buds – Terracotta,"The Terra Open-Ear Buds from VoltEdge Electronics, crafted in matte polymer, with rich sound, deep bass, and all-day battery. Shown in Terracotta.",https://livgpt.vercel.app/?merchant=voltedge-electronics&product=VE-EARB-0007,Edge Audio,,VE-EARB-0007,https://livgpt.vercel.app/mock-catalog/images/voltedge-electronics/VE-EARB-0007.jpg,,,,new,Electronics > Audio > Audio Components > Headphones,Audio > Earbuds,adult,Matte Polymer,4 in,3 in,2 in,0.4 lb,VE-EARB-GRP-004,Earbuds,Terracotta,,,unisex,in_stock,,,,219,122.90 USD,95.81 USD,2026-07-01/2026-12-31,txcd_99999999,exclusive,,"US:ALL:Standard:3-5:0.00 USD,US:ALL:Expedited:1-2:9.99 USD",US:ALL:Standard:50.00 USD,
VE-EARB-0008,Featherlight Wireless Earbuds – Blush Pink,"The Featherlight Wireless Earbuds from VoltEdge Electronics, crafted in matte polymer, with rich sound, deep bass, and all-day battery. Shown in Blush Pink.",https://livgpt.vercel.app/?merchant=voltedge-electronics&product=VE-EARB-0008,VoltEdge,,VE-EARB-0008,https://livgpt.vercel.app/mock-catalog/images/voltedge-electronics/VE-EARB-0008.jpg,,,,new,Electronics > Audio > Audio Components > Headphones,Audio > Earbuds,adult,Matte Polymer,4 in,3 in,2 in,0.38 lb,VE-EARB-GRP-004,Earbuds,Blush Pink,,,unisex,in_stock,,,,177,106.79 USD,,,txcd_99999999,exclusive,,"US:ALL:Standard:3-5:0.00 USD,US:ALL:Expedited:1-2:9.99 USD",US:ALL:Standard:50.00 USD,
VE-EARB-0009,Pro Noise-Cancelling Earbuds – White,"The Pro Noise-Cancelling Earbuds from VoltEdge Electronics, crafted in matte polymer, with rich sound, deep bass, and all-day battery. Shown in White.",https://livgpt.vercel.app/?merchant=voltedge-electronics&product=VE-EARB-0009,Edge Audio,,VE-EARB-0009,https://livgpt.vercel.app/mock-catalog/images/voltedge-electronics/VE-EARB-0009.jpg,,,,new,Electronics > Audio > Audio Components > Headphones,Audio > Earbuds,adult,Matte Polymer,4 in,3 in,2 in,0.39 lb,VE-EARB-GRP-005,Earbuds,White,,,unisex,in_stock,,,,139,162.68 USD,,,txcd_99999999,exclusive,,"US:ALL:Standard:3-5:0.00 USD,US:ALL:Expedited:1-2:9.99 USD",US:ALL:Standard:50.00 USD,
VE-EARB-0010,Heritage Noise-Cancelling Earbuds – Terracotta,"The Heritage Noise-Cancelling Earbuds from VoltEdge Electronics, crafted in matte polymer, with rich sound, deep bass, and all-day battery. Shown in Terracotta.",https://livgpt.vercel.app/?merchant=voltedge-electronics&product=VE-EARB-0010,Edge Audio,,VE-EARB-0010,https://livgpt.vercel.app/mock-catalog/images/voltedge-electronics/VE-EARB-0010.jpg,,,,new,Electronics > Audio > Audio Components > Headphones,Audio > Earbuds,adult,Matte Polymer,4 in,3 in,2 in,0.37 lb,VE-EARB-GRP-005,Earbuds,Terracotta,,,unisex,in_stock,,,,194,186.71 USD,,,txcd_99999999,exclusive,,"US:ALL:Standard:3-5:0.00 USD,US:ALL:Expedited:1-2:9.99 USD",US:ALL:Standard:50.00 USD,
VE-EARB-0011,Alpine Sport Earbuds – Sand,"The Alpine Sport Earbuds from VoltEdge Electronics, crafted in matte polymer, with rich sound, deep bass, and all-day battery. Shown in Sand.",https://livgpt.vercel.app/?merchant=voltedge-electronics&product=VE-EARB-0011,Edge Audio,,VE-EARB-0011,https://livgpt.vercel.app/mock-catalog/images/voltedge-electronics/VE-EARB-0011.jpg,,,,new,Electronics > Audio > Audio Components > Headphones,Audio > Earbuds,adult,Matte Polymer,4 in,3 in,2 in,0.36 lb,VE-EARB-GRP-006,Earbuds,Sand,,,unisex,in_stock,,,,35,164.23 USD,,,txcd_99999999,exclusive,,"US:ALL:Standard:3-5:0.00 USD,US:ALL:Expedited:1-2:9.99 USD",US:ALL:Standard:50.00 USD,
VE-EARB-0012,Luxe Open-Ear Buds – Burgundy,"The Luxe Open-Ear Buds from VoltEdge Electronics, crafted in matte polymer, with rich sound, deep bass, and all-day battery. Shown in Burgundy.",https://livgpt.vercel.app/?merchant=voltedge-electronics&product=VE-EARB-0012,VoltEdge,,VE-EARB-0012,https://livgpt.vercel.app/mock-catalog/images/voltedge-electronics/VE-EARB-0012.jpg,,,,new,Electronics > Audio > Audio Components > Headphones,Audio > Earbuds,adult,Matte Polymer,4 in,3 in,2 in,0.39 lb,VE-EARB-GRP-006,Earbuds,Burgundy,,,unisex,in_stock,,,,120,107.40 USD,,,txcd_99999999,exclusive,,"US:ALL:Standard:3-5:0.00 USD,US:ALL:Expedited:1-2:9.99 USD",US:ALL:Standard:50.00 USD,
VE-EARB-0013,Rugged Wireless Earbuds – Sand,"The Rugged Wireless Earbuds from VoltEdge Electronics, crafted in matte polymer, with rich sound, deep bass, and all-day battery. Shown in Sand.",https://livgpt.vercel.app/?merchant=voltedge-electronics&product=VE-EARB-0013,VoltEdge Pro,,VE-EARB-0013,https://livgpt.vercel.app/mock-catalog/images/voltedge-electronics/VE-EARB-0013.jpg,,,,new,Electronics > Audio > Audio Components > Headphones,Audio > Earbuds,adult,Matte Polymer,4 in,3 in,2 in,0.4 lb,VE-EARB-GRP-007,Earbuds,Sand,,,unisex,in_stock,,,,69,96.02 USD,,,txcd_99999999,exclusive,,"US:ALL:Standard:3-5:0.00 USD,US:ALL:Expedited:1-2:9.99 USD",US:ALL:Standard:50.00 USD,
VE-EARB-0014,Signature Sport Earbuds – Olive,"The Signature Sport Earbuds from VoltEdge Electronics, crafted in matte polymer, with rich sound, deep bass, and all-day battery. Shown in Olive.",https://livgpt.vercel.app/?merchant=voltedge-electronics&product=VE-EARB-0014,Edge Audio,,VE-EARB-0014,https://livgpt.vercel.app/mock-catalog/images/voltedge-electronics/VE-EARB-0014.jpg,,,,new,Electronics > Audio > Audio Components > Headphones,Audio > Earbuds,adult,Matte Polymer,4 in,3 in,2 in,0.43 lb,VE-EARB-GRP-007,Earbuds,Olive,,,unisex,in_stock,,,,81,78.38 USD,,,txcd_99999999,exclusive,,"US:ALL:Standard:3-5:0.00 USD,US:ALL:Expedited:1-2:9.99 USD",US:ALL:Standard:50.00 USD,
VE-EARB-0015,Trail Open-Ear Buds – White,"The Trail Open-Ear Buds from VoltEdge Electronics, crafted in matte polymer, with rich sound, deep bass, and all-day battery. Shown in White.",https://livgpt.vercel.app/?merchant=voltedge-electronics&product=VE-EARB-0015,VoltEdge Pro,,VE-EARB-0015,https://livgpt.vercel.app/mock-catalog/images/voltedge-electronics/VE-EARB-0015.jpg,,,,new,Electronics > Audio > Audio Components > Headphones,Audio > Earbuds,adult,Matte Polymer,4 in,3 in,2 in,0.39 lb,VE-EARB-GRP-008,Earbuds,White,,,unisex,in_stock,,,,123,83.26 USD,,,txcd_99999999,exclusive,,"US:ALL:Standard:3-5:0.00 USD,US:ALL:Expedited:1-2:9.99 USD",US:ALL:Standard:50.00 USD,
VE-HEAD-0016,Studio Studio Headphones – Sky Blue,"The Studio Studio Headphones from VoltEdge Electronics, crafted in aluminum & leather, studio-grade sound with plush, all-day comfort. Shown in Sky Blue.",https://livgpt.vercel.app/?merchant=voltedge-electronics&product=VE-HEAD-0016,Edge Audio,,VE-HEAD-0016,https://livgpt.vercel.app/mock-catalog/images/voltedge-electronics/VE-HEAD-0016.jpg,,,,new,Electronics > Audio > Audio Components > Headphones,Audio > Headphones,adult,Aluminum & Leather,8 in,7 in,3 in,0.97 lb,VE-HEAD-GRP-001,Headphones,Sky Blue,,,unisex,in_stock,,,,161,347.72 USD,275.07 USD,2026-07-01/2026-12-31,txcd_99999999,exclusive,,"US:ALL:Standard:3-5:0.00 USD,US:ALL:Expedited:1-2:9.99 USD",US:ALL:Standard:50.00 USD,
VE-HEAD-0017,Essential Studio Headphones – Sky Blue,"The Essential Studio Headphones from VoltEdge Electronics, crafted in aluminum & leather, studio-grade sound with plush, all-day comfort. Shown in Sky Blue.",https://livgpt.vercel.app/?merchant=voltedge-electronics&product=VE-HEAD-0017,Edge Audio,,VE-HEAD-0017,https://livgpt.vercel.app/mock-catalog/images/voltedge-electronics/VE-HEAD-0017.jpg,,,,new,Electronics > Audio > Audio Components > Headphones,Audio > Headphones,adult,Aluminum & Leather,8 in,7 in,3 in,0.84 lb,VE-HEAD-GRP-001,Headphones,Sky Blue,,,unisex,in_stock,,,,166,101.77 USD,,,txcd_99999999,exclusive,,"US:ALL:Standard:3-5:0.00 USD,US:ALL:Expedited:1-2:9.99 USD",US:ALL:Standard:50.00 USD,
VE-HEAD-0018,Alpine Studio Headphones – Cream,"The Alpine Studio Headphones from VoltEdge Electronics, crafted in aluminum & leather, studio-grade sound with plush, all-day comfort. Shown in Cream.",https://livgpt.vercel.app/?merchant=voltedge-electronics&product=VE-HEAD-0018,VoltEdge Pro,,VE-HEAD-0018,https://livgpt.vercel.app/mock-catalog/images/voltedge-electronics/VE-HEAD-0018.jpg,,,,new,Electronics > Audio > Audio Components > Headphones,Audio > Headphones,adult,Aluminum & Leather,8 in,7 in,3 in,0.88 lb,VE-HEAD-GRP-002,Headphones,Cream,,,unisex,in_stock,,,,96,186.12 USD,,,txcd_99999999,exclusive,,"US:ALL:Standard:3-5:0.00 USD,US:ALL:Expedited:1-2:9.99 USD",US:ALL:Standard:50.00 USD,
VE-HEAD-0019,Coastal ANC Headphones – White,"The Coastal ANC Headphones from VoltEdge Electronics, crafted in aluminum & leather, studio-grade sound with plush, all-day comfort. Shown in White.",https://livgpt.vercel.app/?merchant=voltedge-electronics&product=VE-HEAD-0019,VoltEdge Pro,,VE-HEAD-0019,https://livgpt.vercel.app/mock-catalog/images/voltedge-electronics/VE-HEAD-0019.jpg,,,,new,Electronics > Audio > Audio Components > Headphones,Audio > Headphones,adult,Aluminum & Leather,8 in,7 in,3 in,0.98 lb,VE-HEAD-GRP-002,Headphones,White,,,unisex,in_stock,,,,60,135.35 USD,108.39 USD,2026-07-01/2026-12-31,txcd_99999999,exclusive,,"US:ALL:Standard:3-5:0.00 USD,US:ALL:Expedited:1-2:9.99 USD",US:ALL:Standard:50.00 USD,
VE-HEAD-0020,Classic Over-Ear Headphones – Forest Green,"The Classic Over-Ear Headphones from VoltEdge Electronics, crafted in aluminum & leather, studio-grade sound with plush, all-day comfort. Shown in Forest Green.",https://livgpt.vercel.app/?merchant=voltedge-electronics&product=VE-HEAD-0020,Edge Audio,,VE-HEAD-0020,https://livgpt.vercel.app/mock-catalog/images/voltedge-electronics/VE-HEAD-0020.jpg,,,,new,Electronics > Audio > Audio Components > Headphones,Audio > Headphones,adult,Aluminum & Leather,8 in,7 in,3 in,0.94 lb,VE-HEAD-GRP-003,Headphones,Forest Green,,,unisex,in_stock,,,,24,112.72 USD,,,txcd_99999999,exclusive,,"US:ALL:Standard:3-5:0.00 USD,US:ALL:Expedited:1-2:9.99 USD",US:ALL:Standard:50.00 USD,
VE-HEAD-0021,Signature ANC Headphones – Black,"The Signature ANC Headphones from VoltEdge Electronics, crafted in aluminum & leather, studio-grade sound with plush, all-day comfort. Shown in Black.",https://livgpt.vercel.app/?merchant=voltedge-electronics&product=VE-HEAD-0021,VoltEdge Pro,,VE-HEAD-0021,https://livgpt.vercel.app/mock-catalog/images/voltedge-electronics/VE-HEAD-0021.jpg,,,,new,Electronics > Audio > Audio Components > Headphones,Audio > Headphones,adult,Aluminum & Leather,8 in,7 in,3 in,0.83 lb,VE-HEAD-GRP-003,Headphones,Black,,,unisex,in_stock,,,,41,254.59 USD,223.51 USD,2026-07-01/2026-12-31,txcd_99999999,exclusive,,"US:ALL:Standard:3-5:0.00 USD,US:ALL:Expedited:1-2:9.99 USD",US:ALL:Standard:50.00 USD,
VE-HEAD-0022,Modern ANC Headphones – Sky Blue,"The Modern ANC Headphones from VoltEdge Electronics, crafted in aluminum & leather, studio-grade sound with plush, all-day comfort. Shown in Sky Blue.",https://livgpt.vercel.app/?merchant=voltedge-electronics&product=VE-HEAD-0022,VoltEdge,,VE-HEAD-0022,https://livgpt.vercel.app/mock-catalog/images/voltedge-electronics/VE-HEAD-0022.jpg,,,,new,Electronics > Audio > Audio Components > Headphones,Audio > Headphones,adult,Aluminum & Leather,8 in,7 in,3 in,0.89 lb,VE-HEAD-GRP-004,Headphones,Sky Blue,,,unisex,in_stock,,,,151,244.23 USD,221.38 USD,2026-07-01/2026-12-31,txcd_99999999,exclusive,,"US:ALL:Standard:3-5:0.00 USD,US:ALL:Expedited:1-2:9.99 USD",US:ALL:Standard:50.00 USD,
VE-HEAD-0023,Coastal Over-Ear Headphones – Black,"The Coastal Over-Ear Headphones from VoltEdge Electronics, crafted in aluminum & leather, studio-grade sound with plush, all-day comfort. Shown in Black.",https://livgpt.vercel.app/?merchant=voltedge-electronics&product=VE-HEAD-0023,VoltEdge,,VE-HEAD-0023,https://livgpt.vercel.app/mock-catalog/images/voltedge-electronics/VE-HEAD-0023.jpg,,,,new,Electronics > Audio > Audio Components > Headphones,Audio > Headphones,adult,Aluminum & Leather,8 in,7 in,3 in,0.91 lb,VE-HEAD-GRP-004,Headphones,Black,,,unisex,in_stock,,,,104,260.53 USD,213.79 USD,2026-07-01/2026-12-31,txcd_99999999,exclusive,,"US:ALL:Standard:3-5:0.00 USD,US:ALL:Expedited:1-2:9.99 USD",US:ALL:Standard:50.00 USD,
VE-HEAD-0024,Terra ANC Headphones – Black,"The Terra ANC Headphones from VoltEdge Electronics, crafted in aluminum & leather, studio-grade sound with plush, all-day comfort. Shown in Black.",https://livgpt.vercel.app/?merchant=voltedge-electronics&product=VE-HEAD-0024,Edge Audio,,VE-HEAD-0024,https://livgpt.vercel.app/mock-catalog/images/voltedge-electronics/VE-HEAD-0024.jpg,,,,new,Electronics > Audio > Audio Components > Headphones,Audio > Headphones,adult,Aluminum & Leather,8 in,7 in,3 in,0.96 lb,VE-HEAD-GRP-005,Headphones,Black,,,unisex,in_stock,,,,169,268.33 USD,,,txcd_99999999,exclusive,,"US:ALL:Standard:3-5:0.00 USD,US:ALL:Expedited:1-2:9.99 USD",US:ALL:Standard:50.00 USD,
VE-HEAD-0025,Alpine ANC Headphones – Slate Gray,"The Alpine ANC Headphones from VoltEdge Electronics, crafted in aluminum & leather, studio-grade sound with plush, all-day comfort. Shown in Slate Gray.",https://livgpt.vercel.app/?merchant=voltedge-electronics&product=VE-HEAD-0025,VoltEdge,,VE-HEAD-0025,https://livgpt.vercel.app/mock-catalog/images/voltedge-electronics/VE-HEAD-0025.jpg,,,,new,Electronics > Audio > Audio Components > Headphones,Audio > Headphones,adult,Aluminum & Leather,8 in,7 in,3 in,0.84 lb,VE-HEAD-GRP-005,Headphones,Slate Gray,,,unisex,in_stock,,,,135,192.57 USD,,,txcd_99999999,exclusive,,"US:ALL:Standard:3-5:0.00 USD,US:ALL:Expedited:1-2:9.99 USD",US:ALL:Standard:50.00 USD,
VE-HEAD-0026,Essential ANC Headphones – Slate Gray,"The Essential ANC Headphones from VoltEdge Electronics, crafted in aluminum & leather, studio-grade sound with plush, all-day comfort. Shown in Slate Gray.",https://livgpt.vercel.app/?merchant=voltedge-electronics&product=VE-HEAD-0026,VoltEdge Pro,,VE-HEAD-0026,https://livgpt.vercel.app/mock-catalog/images/voltedge-electronics/VE-HEAD-0026.jpg,,,,new,Electronics > Audio > Audio Components > Headphones,Audio > Headphones,adult,Aluminum & Leather,8 in,7 in,3 in,0.82 lb,VE-HEAD-GRP-006,Headphones,Slate Gray,,,unisex,in_stock,,,,232,190.28 USD,151.13 USD,2026-07-01/2026-12-31,txcd_99999999,exclusive,,"US:ALL:Standard:3-5:0.00 USD,US:ALL:Expedited:1-2:9.99 USD",US:ALL:Standard:50.00 USD,
VE-HEAD-0027,Classic ANC Headphones – Olive,"The Classic ANC Headphones from VoltEdge Electronics, crafted in aluminum & leather, studio-grade sound with plush, all-day comfort. Shown in Olive.",https://livgpt.vercel.app/?merchant=voltedge-electronics&product=VE-HEAD-0027,VoltEdge Pro,,VE-HEAD-0027,https://livgpt.vercel.app/mock-catalog/images/voltedge-electronics/VE-HEAD-0027.jpg,,,,new,Electronics > Audio > Audio Components > Headphones,Audio > Headphones,adult,Aluminum & Leather,8 in,7 in,3 in,0.97 lb,VE-HEAD-GRP-006,Headphones,Olive,,,unisex,in_stock,,,,127,280.44 USD,,,txcd_99999999,exclusive,,"US:ALL:Standard:3-5:0.00 USD,US:ALL:Expedited:1-2:9.99 USD",US:ALL:Standard:50.00 USD,
VE-HEAD-0028,Aero Studio Headphones – Burgundy,"The Aero Studio Headphones from VoltEdge Electronics, crafted in aluminum & leather, studio-grade sound with plush, all-day comfort. Shown in Burgundy.",https://livgpt.vercel.app/?merchant=voltedge-electronics&product=VE-HEAD-0028,Edge Audio,,VE-HEAD-0028,https://livgpt.vercel.app/mock-catalog/images/voltedge-electronics/VE-HEAD-0028.jpg,,,,new,Electronics > Audio > Audio Components > Headphones,Audio > Headphones,adult,Aluminum & Leather,8 in,7 in,3 in,0.99 lb,VE-HEAD-GRP-007,Headphones,Burgundy,,,unisex,in_stock,,,,94,113.36 USD,98.98 USD,2026-07-01/2026-12-31,txcd_99999999,exclusive,,"US:ALL:Standard:3-5:0.00 USD,US:ALL:Expedited:1-2:9.99 USD",US:ALL:Standard:50.00 USD,
VE-HEAD-0029,Featherlight Studio Headphones – Sand,"The Featherlight Studio Headphones from VoltEdge Electronics, crafted in aluminum & leather, studio-grade sound with plush, all-day comfort. Shown in Sand.",https://livgpt.vercel.app/?merchant=voltedge-electronics&product=VE-HEAD-0029,VoltEdge Pro,,VE-HEAD-0029,https://livgpt.vercel.app/mock-catalog/images/voltedge-electronics/VE-HEAD-0029.jpg,,,,new,Electronics > Audio > Audio Components > Headphones,Audio > Headphones,adult,Aluminum & Leather,8 in,7 in,3 in,0.93 lb,VE-HEAD-GRP-007,Headphones,Sand,,,unisex,in_stock,,,,80,102.73 USD,84.32 USD,2026-07-01/2026-12-31,txcd_99999999,exclusive,,"US:ALL:Standard:3-5:0.00 USD,US:ALL:Expedited:1-2:9.99 USD",US:ALL:Standard:50.00 USD,
VE-HEAD-0030,Nova Studio Headphones – Charcoal,"The Nova Studio Headphones from VoltEdge Electronics, crafted in aluminum & leather, studio-grade sound with plush, all-day comfort. Shown in Charcoal.",https://livgpt.vercel.app/?merchant=voltedge-electronics&product=VE-HEAD-0030,VoltEdge Pro,,VE-HEAD-0030,https://livgpt.vercel.app/mock-catalog/images/voltedge-electronics/VE-HEAD-0030.jpg,,,,new,Electronics > Audio > Audio Components > Headphones,Audio > Headphones,adult,Aluminum & Leather,8 in,7 in,3 in,0.95 lb,VE-HEAD-GRP-008,Headphones,Charcoal,,,unisex,in_stock,,,,157,107.05 USD,,,txcd_99999999,exclusive,,"US:ALL:Standard:3-5:0.00 USD,US:ALL:Expedited:1-2:9.99 USD",US:ALL:Standard:50.00 USD,
VE-SMAR-0031,Premium Smartwatch – Forest Green,"The Premium Smartwatch from VoltEdge Electronics, crafted in titanium, track workouts, sleep, and notifications at a glance. Shown in Forest Green.",https://livgpt.vercel.app/?merchant=voltedge-electronics&product=VE-SMAR-0031,VoltEdge Pro,,VE-SMAR-0031,https://livgpt.vercel.app/mock-catalog/images/voltedge-electronics/VE-SMAR-0031.jpg,,,,new,Electronics > Communications > Telephony > Mobile Phone Accessories > Smart Watches,Wearables > Smartwatches,adult,Titanium,4 in,4 in,3 in,0.6 lb,VE-SMAR-GRP-001,Smartwatches,Forest Green,,,unisex,in_stock,,,,220,119.77 USD,96.42 USD,2026-07-01/2026-12-31,txcd_99999999,exclusive,,"US:ALL:Standard:3-5:0.00 USD,US:ALL:Expedited:1-2:9.99 USD",US:ALL:Standard:50.00 USD,
VE-SMAR-0032,Everyday GPS Sport Watch – Slate Gray,"The Everyday GPS Sport Watch from VoltEdge Electronics, crafted in aluminum, track workouts, sleep, and notifications at a glance. Shown in Slate Gray.",https://livgpt.vercel.app/?merchant=voltedge-electronics&product=VE-SMAR-0032,Edge Audio,,VE-SMAR-0032,https://livgpt.vercel.app/mock-catalog/images/voltedge-electronics/VE-SMAR-0032.jpg,,,,new,Electronics > Communications > Telephony > Mobile Phone Accessories > Smart Watches,Wearables > Smartwatches,adult,Aluminum,4 in,4 in,3 in,0.56 lb,VE-SMAR-GRP-001,Smartwatches,Slate Gray,,,unisex,in_stock,,,,136,154.20 USD,,,txcd_99999999,exclusive,,"US:ALL:Standard:3-5:0.00 USD,US:ALL:Expedited:1-2:9.99 USD",US:ALL:Standard:50.00 USD,
VE-SMAR-0033,Nova Smartwatch – Olive,"The Nova Smartwatch from VoltEdge Electronics, crafted in aluminum, track workouts, sleep, and notifications at a glance. Shown in Olive.",https://livgpt.vercel.app/?merchant=voltedge-electronics&product=VE-SMAR-0033,Edge Audio,,VE-SMAR-0033,https://livgpt.vercel.app/mock-catalog/images/voltedge-electronics/VE-SMAR-0033.jpg,,,,new,Electronics > Communications > Telephony > Mobile Phone Accessories > Smart Watches,Wearables > Smartwatches,adult,Aluminum,4 in,4 in,3 in,0.58 lb,VE-SMAR-GRP-002,Smartwatches,Olive,,,unisex,in_stock,,,,114,220.84 USD,,,txcd_99999999,exclusive,,"US:ALL:Standard:3-5:0.00 USD,US:ALL:Expedited:1-2:9.99 USD",US:ALL:Standard:50.00 USD,
VE-SMAR-0034,Everyday Fitness Tracker – Charcoal,"The Everyday Fitness Tracker from VoltEdge Electronics, crafted in titanium, track workouts, sleep, and notifications at a glance. Shown in Charcoal.",https://livgpt.vercel.app/?merchant=voltedge-electronics&product=VE-SMAR-0034,VoltEdge Pro,,VE-SMAR-0034,https://livgpt.vercel.app/mock-catalog/images/voltedge-electronics/VE-SMAR-0034.jpg,,,,new,Electronics > Communications > Telephony > Mobile Phone Accessories > Smart Watches,Wearables > Smartwatches,adult,Titanium,4 in,4 in,3 in,0.56 lb,VE-SMAR-GRP-002,Smartwatches,Charcoal,,,unisex,in_stock,,,,18,224.62 USD,,,txcd_99999999,exclusive,,"US:ALL:Standard:3-5:0.00 USD,US:ALL:Expedited:1-2:9.99 USD",US:ALL:Standard:50.00 USD,
VE-SMAR-0035,Minimalist Fitness Tracker – Cream,"The Minimalist Fitness Tracker from VoltEdge Electronics, crafted in titanium, track workouts, sleep, and notifications at a glance. Shown in Cream.",https://livgpt.vercel.app/?merchant=voltedge-electronics&product=VE-SMAR-0035,VoltEdge,,VE-SMAR-0035,https://livgpt.vercel.app/mock-catalog/images/voltedge-electronics/VE-SMAR-0035.jpg,,,,new,Electronics > Communications > Telephony > Mobile Phone Accessories > Smart Watches,Wearables > Smartwatches,adult,Titanium,4 in,4 in,3 in,0.59 lb,VE-SMAR-GRP-003,Smartwatches,Cream,,,unisex,in_stock,,,,177,289.55 USD,251.35 USD,2026-07-01/2026-12-31,txcd_99999999,exclusive,,"US:ALL:Standard:3-5:0.00 USD,US:ALL:Expedited:1-2:9.99 USD",US:ALL:Standard:50.00 USD,
VE-SMAR-0036,Signature Fitness Tracker – Sand,"The Signature Fitness Tracker from VoltEdge Electronics, crafted in aluminum, track workouts, sleep, and notifications at a glance. Shown in Sand.",https://livgpt.vercel.app/?merchant=voltedge-electronics&product=VE-SMAR-0036,Edge Audio,,VE-SMAR-0036,https://livgpt.vercel.app/mock-catalog/images/voltedge-electronics/VE-SMAR-0036.jpg,,,,new,Electronics > Communications > Telephony > Mobile Phone Accessories > Smart Watches,Wearables > Smartwatches,adult,Aluminum,4 in,4 in,3 in,0.59 lb,VE-SMAR-GRP-003,Smartwatches,Sand,,,unisex,in_stock,,,,99,375.22 USD,,,txcd_99999999,exclusive,,"US:ALL:Standard:3-5:0.00 USD,US:ALL:Expedited:1-2:9.99 USD",US:ALL:Standard:50.00 USD,
VE-SMAR-0037,Alpine GPS Sport Watch – Black,"The Alpine GPS Sport Watch from VoltEdge Electronics, crafted in aluminum, track workouts, sleep, and notifications at a glance. Shown in Black.",https://livgpt.vercel.app/?merchant=voltedge-electronics&product=VE-SMAR-0037,VoltEdge,,VE-SMAR-0037,https://livgpt.vercel.app/mock-catalog/images/voltedge-electronics/VE-SMAR-0037.jpg,,,,new,Electronics > Communications > Telephony > Mobile Phone Accessories > Smart Watches,Wearables > Smartwatches,adult,Aluminum,4 in,4 in,3 in,0.65 lb,VE-SMAR-GRP-004,Smartwatches,Black,,,unisex,in_stock,,,,127,378.04 USD,,,txcd_99999999,exclusive,,"US:ALL:Standard:3-5:0.00 USD,US:ALL:Expedited:1-2:9.99 USD",US:ALL:Standard:50.00 USD,
VE-SMAR-0038,Rugged GPS Sport Watch – Olive,"The Rugged GPS Sport Watch from VoltEdge Electronics, crafted in aluminum, track workouts, sleep, and notifications at a glance. Shown in Olive.",https://livgpt.vercel.app/?merchant=voltedge-electronics&product=VE-SMAR-0038,VoltEdge,,VE-SMAR-0038,https://livgpt.vercel.app/mock-catalog/images/voltedge-electronics/VE-SMAR-0038.jpg,,,,new,Electronics > Communications > Telephony > Mobile Phone Accessories > Smart Watches,Wearables > Smartwatches,adult,Aluminum,4 in,4 in,3 in,0.62 lb,VE-SMAR-GRP-004,Smartwatches,Olive,,,unisex,in_stock,,,,14,167.36 USD,,,txcd_99999999,exclusive,,"US:ALL:Standard:3-5:0.00 USD,US:ALL:Expedited:1-2:9.99 USD",US:ALL:Standard:50.00 USD,
VE-SMAR-0039,Pro Fitness Tracker – Sky Blue,"The Pro Fitness Tracker from VoltEdge Electronics, crafted in titanium, track workouts, sleep, and notifications at a glance. Shown in Sky Blue.",https://livgpt.vercel.app/?merchant=voltedge-electronics&product=VE-SMAR-0039,VoltEdge Pro,,VE-SMAR-0039,https://livgpt.vercel.app/mock-catalog/images/voltedge-electronics/VE-SMAR-0039.jpg,,,,new,Electronics > Communications > Telephony > Mobile Phone Accessories > Smart Watches,Wearables > Smartwatches,adult,Titanium,4 in,4 in,3 in,0.58 lb,VE-SMAR-GRP-005,Smartwatches,Sky Blue,,,unisex,in_stock,,,,96,211.76 USD,,,txcd_99999999,exclusive,,"US:ALL:Standard:3-5:0.00 USD,US:ALL:Expedited:1-2:9.99 USD",US:ALL:Standard:50.00 USD,
VE-SMAR-0040,Everyday Smartwatch – Cream,"The Everyday Smartwatch from VoltEdge Electronics, crafted in aluminum, track workouts, sleep, and notifications at a glance. Shown in Cream.",https://livgpt.vercel.app/?merchant=voltedge-electronics&product=VE-SMAR-0040,VoltEdge,,VE-SMAR-0040,https://livgpt.vercel.app/mock-catalog/images/voltedge-electronics/VE-SMAR-0040.jpg,,,,new,Electronics > Communications > Telephony > Mobile Phone Accessories > Smart Watches,Wearables > Smartwatches,adult,Aluminum,4 in,4 in,3 in,0.58 lb,VE-SMAR-GRP-005,Smartwatches,Cream,,,unisex,in_stock,,,,111,353.83 USD,270.83 USD,2026-07-01/2026-12-31,txcd_99999999,exclusive,,"US:ALL:Standard:3-5:0.00 USD,US:ALL:Expedited:1-2:9.99 USD",US:ALL:Standard:50.00 USD,
VE-SMAR-0041,Nova Fitness Tracker – White,"The Nova Fitness Tracker from VoltEdge Electronics, crafted in titanium, track workouts, sleep, and notifications at a glance. Shown in White.",https://livgpt.vercel.app/?merchant=voltedge-electronics&product=VE-SMAR-0041,VoltEdge Pro,,VE-SMAR-0041,https://livgpt.vercel.app/mock-catalog/images/voltedge-electronics/VE-SMAR-0041.jpg,,,,new,Electronics > Communications > Telephony > Mobile Phone Accessories > Smart Watches,Wearables > Smartwatches,adult,Titanium,4 in,4 in,3 in,0.61 lb,VE-SMAR-GRP-006,Smartwatches,White,,,unisex,in_stock,,,,93,366.86 USD,332.20 USD,2026-07-01/2026-12-31,txcd_99999999,exclusive,,"US:ALL:Standard:3-5:0.00 USD,US:ALL:Expedited:1-2:9.99 USD",US:ALL:Standard:50.00 USD,
VE-SMAR-0042,Luxe Smartwatch – Forest Green,"The Luxe Smartwatch from VoltEdge Electronics, crafted in titanium, track workouts, sleep, and notifications at a glance. Shown in Forest Green.",https://livgpt.vercel.app/?merchant=voltedge-electronics&product=VE-SMAR-0042,Edge Audio,,VE-SMAR-0042,https://livgpt.vercel.app/mock-catalog/images/voltedge-electronics/VE-SMAR-0042.jpg,,,,new,Electronics > Communications > Telephony > Mobile Phone Accessories > Smart Watches,Wearables > Smartwatches,adult,Titanium,4 in,4 in,3 in,0.54 lb,VE-SMAR-GRP-006,Smartwatches,Forest Green,,,unisex,in_stock,,,,200,270.65 USD,,,txcd_99999999,exclusive,,"US:ALL:Standard:3-5:0.00 USD,US:ALL:Expedited:1-2:9.99 USD",US:ALL:Standard:50.00 USD,
VE-SMAR-0043,Terra Smartwatch – Slate Gray,"The Terra Smartwatch from VoltEdge Electronics, crafted in aluminum, track workouts, sleep, and notifications at a glance. Shown in Slate Gray.",https://livgpt.vercel.app/?merchant=voltedge-electronics&product=VE-SMAR-0043,Edge Audio,,VE-SMAR-0043,https://livgpt.vercel.app/mock-catalog/images/voltedge-electronics/VE-SMAR-0043.jpg,,,,new,Electronics > Communications > Telephony > Mobile Phone Accessories > Smart Watches,Wearables > Smartwatches,adult,Aluminum,4 in,4 in,3 in,0.65 lb,VE-SMAR-GRP-007,Smartwatches,Slate Gray,,,unisex,in_stock,,,,110,388.10 USD,,,txcd_99999999,exclusive,,"US:ALL:Standard:3-5:0.00 USD,US:ALL:Expedited:1-2:9.99 USD",US:ALL:Standard:50.00 USD,
VE-SMAR-0044,Classic Smartwatch – Terracotta,"The Classic Smartwatch from VoltEdge Electronics, crafted in aluminum, track workouts, sleep, and notifications at a glance. Shown in Terracotta.",https://livgpt.vercel.app/?merchant=voltedge-electronics&product=VE-SMAR-0044,VoltEdge,,VE-SMAR-0044,https://livgpt.vercel.app/mock-catalog/images/voltedge-electronics/VE-SMAR-0044.jpg,,,,new,Electronics > Communications > Telephony > Mobile Phone Accessories > Smart Watches,Wearables > Smartwatches,adult,Aluminum,4 in,4 in,3 in,0.61 lb,VE-SMAR-GRP-007,Smartwatches,Terracotta,,,unisex,in_stock,,,,101,227.04 USD,179.05 USD,2026-07-01/2026-12-31,txcd_99999999,exclusive,,"US:ALL:Standard:3-5:0.00 USD,US:ALL:Expedited:1-2:9.99 USD",US:ALL:Standard:50.00 USD,
VE-SMAR-0045,Featherlight Fitness Tracker – Sky Blue,"The Featherlight Fitness Tracker from VoltEdge Electronics, crafted in aluminum, track workouts, sleep, and notifications at a glance. Shown in Sky Blue.",https://livgpt.vercel.app/?merchant=voltedge-electronics&product=VE-SMAR-0045,VoltEdge Pro,,VE-SMAR-0045,https://livgpt.vercel.app/mock-catalog/images/voltedge-electronics/VE-SMAR-0045.jpg,,,,new,Electronics > Communications > Telephony > Mobile Phone Accessories > Smart Watches,Wearables > Smartwatches,adult,Aluminum,4 in,4 in,3 in,0.64 lb,VE-SMAR-GRP-008,Smartwatches,Sky Blue,,,unisex,in_stock,,,,45,145.27 USD,,,txcd_99999999,exclusive,,"US:ALL:Standard:3-5:0.00 USD,US:ALL:Expedited:1-2:9.99 USD",US:ALL:Standard:50.00 USD,
VE-SPEA-0046,Classic Bluetooth Speaker – Olive,"The Classic Bluetooth Speaker from VoltEdge Electronics, crafted in rugged fabric, big, room-filling sound that travels anywhere. Shown in Olive.",https://livgpt.vercel.app/?merchant=voltedge-electronics&product=VE-SPEA-0046,VoltEdge,,VE-SPEA-0046,https://livgpt.vercel.app/mock-catalog/images/voltedge-electronics/VE-SPEA-0046.jpg,,,,new,Electronics > Audio > Audio Players & Recorders,Audio > Speakers,adult,Rugged Fabric,8 in,5 in,5 in,1.94 lb,VE-SPEA-GRP-001,Speakers,Olive,,,unisex,in_stock,,,,140,193.14 USD,,,txcd_99999999,exclusive,,"US:ALL:Standard:3-5:0.00 USD,US:ALL:Expedited:1-2:9.99 USD",US:ALL:Standard:50.00 USD,
VE-SPEA-0047,Pro Mini Speaker – Sky Blue,"The Pro Mini Speaker from VoltEdge Electronics, crafted in rugged fabric, big, room-filling sound that travels anywhere. Shown in Sky Blue.",https://livgpt.vercel.app/?merchant=voltedge-electronics&product=VE-SPEA-0047,VoltEdge,,VE-SPEA-0047,https://livgpt.vercel.app/mock-catalog/images/voltedge-electronics/VE-SPEA-0047.jpg,,,,new,Electronics > Audio > Audio Players & Recorders,Audio > Speakers,adult,Rugged Fabric,8 in,5 in,5 in,1.82 lb,VE-SPEA-GRP-001,Speakers,Sky Blue,,,unisex,in_stock,,,,73,101.19 USD,,,txcd_99999999,exclusive,,"US:ALL:Standard:3-5:0.00 USD,US:ALL:Expedited:1-2:9.99 USD",US:ALL:Standard:50.00 USD,
VE-SPEA-0048,Nova Bluetooth Speaker – Forest Green,"The Nova Bluetooth Speaker from VoltEdge Electronics, crafted in rugged fabric, big, room-filling sound that travels anywhere. Shown in Forest Green.",https://livgpt.vercel.app/?merchant=voltedge-electronics&product=VE-SPEA-0048,Edge Audio,,VE-SPEA-0048,https://livgpt.vercel.app/mock-catalog/images/voltedge-electronics/VE-SPEA-0048.jpg,,,,new,Electronics > Audio > Audio Players & Recorders,Audio > Speakers,adult,Rugged Fabric,8 in,5 in,5 in,1.86 lb,VE-SPEA-GRP-002,Speakers,Forest Green,,,unisex,in_stock,,,,120,116.08 USD,,,txcd_99999999,exclusive,,"US:ALL:Standard:3-5:0.00 USD,US:ALL:Expedited:1-2:9.99 USD",US:ALL:Standard:50.00 USD,
VE-SPEA-0049,Featherlight Bluetooth Speaker – Terracotta,"The Featherlight Bluetooth Speaker from VoltEdge Electronics, crafted in rugged fabric, big, room-filling sound that travels anywhere. Shown in Terracotta.",https://livgpt.vercel.app/?merchant=voltedge-electronics&product=VE-SPEA-0049,VoltEdge,,VE-SPEA-0049,https://livgpt.vercel.app/mock-catalog/images/voltedge-electronics/VE-SPEA-0049.jpg,,,,new,Electronics > Audio > Audio Players & Recorders,Audio > Speakers,adult,Rugged Fabric,8 in,5 in,5 in,2.1 lb,VE-SPEA-GRP-002,Speakers,Terracotta,,,unisex,in_stock,,,,175,150.17 USD,,,txcd_99999999,exclusive,,"US:ALL:Standard:3-5:0.00 USD,US:ALL:Expedited:1-2:9.99 USD",US:ALL:Standard:50.00 USD,
VE-SPEA-0050,Coastal Party Speaker – White,"The Coastal Party Speaker from VoltEdge Electronics, crafted in rugged fabric, big, room-filling sound that travels anywhere. Shown in White.",https://livgpt.vercel.app/?merchant=voltedge-electronics&product=VE-SPEA-0050,Edge Audio,,VE-SPEA-0050,https://livgpt.vercel.app/mock-catalog/images/voltedge-electronics/VE-SPEA-0050.jpg,,,,new,Electronics > Audio > Audio Players & Recorders,Audio > Speakers,adult,Rugged Fabric,8 in,5 in,5 in,1.8 lb,VE-SPEA-GRP-003,Speakers,White,,,unisex,in_stock,,,,42,219.40 USD,168.90 USD,2026-07-01/2026-12-31,txcd_99999999,exclusive,,"US:ALL:Standard:3-5:0.00 USD,US:ALL:Expedited:1-2:9.99 USD",US:ALL:Standard:50.00 USD,
VE-SPEA-0051,Premium Mini Speaker – White,"The Premium Mini Speaker from VoltEdge Electronics, crafted in rugged fabric, big, room-filling sound that travels anywhere. Shown in White.",https://livgpt.vercel.app/?merchant=voltedge-electronics&product=VE-SPEA-0051,Edge Audio,,VE-SPEA-0051,https://livgpt.vercel.app/mock-catalog/images/voltedge-electronics/VE-SPEA-0051.jpg,,,,new,Electronics > Audio > Audio Players & Recorders,Audio > Speakers,adult,Rugged Fabric,8 in,5 in,5 in,2.14 lb,VE-SPEA-GRP-003,Speakers,White,,,unisex,in_stock,,,,142,133.21 USD,,,txcd_99999999,exclusive,,"US:ALL:Standard:3-5:0.00 USD,US:ALL:Expedited:1-2:9.99 USD",US:ALL:Standard:50.00 USD,
VE-SPEA-0052,Alpine Bluetooth Speaker – Burgundy,"The Alpine Bluetooth Speaker from VoltEdge Electronics, crafted in rugged fabric, big, room-filling sound that travels anywhere. Shown in Burgundy.",https://livgpt.vercel.app/?merchant=voltedge-electronics&product=VE-SPEA-0052,VoltEdge Pro,,VE-SPEA-0052,https://livgpt.vercel.app/mock-catalog/images/voltedge-electronics/VE-SPEA-0052.jpg,,,,new,Electronics > Audio > Audio Players & Recorders,Audio > Speakers,adult,Rugged Fabric,8 in,5 in,5 in,2.02 lb,VE-SPEA-GRP-004,Speakers,Burgundy,,,unisex,in_stock,,,,180,225.41 USD,,,txcd_99999999,exclusive,,"US:ALL:Standard:3-5:0.00 USD,US:ALL:Expedited:1-2:9.99 USD",US:ALL:Standard:50.00 USD,
VE-SPEA-0053,Studio Mini Speaker – Terracotta,"The Studio Mini Speaker from VoltEdge Electronics, crafted in rugged fabric, big, room-filling sound that travels anywhere. Shown in Terracotta.",https://livgpt.vercel.app/?merchant=voltedge-electronics&product=VE-SPEA-0053,VoltEdge,,VE-SPEA-0053,https://livgpt.vercel.app/mock-catalog/images/voltedge-electronics/VE-SPEA-0053.jpg,,,,new,Electronics > Audio > Audio Players & Recorders,Audio > Speakers,adult,Rugged Fabric,8 in,5 in,5 in,2.06 lb,VE-SPEA-GRP-004,Speakers,Terracotta,,,unisex,in_stock,,,,131,118.39 USD,,,txcd_99999999,exclusive,,"US:ALL:Standard:3-5:0.00 USD,US:ALL:Expedited:1-2:9.99 USD",US:ALL:Standard:50.00 USD,
VE-SPEA-0054,Urban Waterproof Speaker – Navy,"The Urban Waterproof Speaker from VoltEdge Electronics, crafted in rugged fabric, big, room-filling sound that travels anywhere. Shown in Navy.",https://livgpt.vercel.app/?merchant=voltedge-electronics&product=VE-SPEA-0054,Edge Audio,,VE-SPEA-0054,https://livgpt.vercel.app/mock-catalog/images/voltedge-electronics/VE-SPEA-0054.jpg,,,,new,Electronics > Audio > Audio Players & Recorders,Audio > Speakers,adult,Rugged Fabric,8 in,5 in,5 in,1.82 lb,VE-SPEA-GRP-005,Speakers,Navy,,,unisex,in_stock,,,,146,39.65 USD,,,txcd_99999999,exclusive,,"US:ALL:Standard:3-5:0.00 USD,US:ALL:Expedited:1-2:9.99 USD",US:ALL:Standard:50.00 USD,
VE-SPEA-0055,Aero Waterproof Speaker – Terracotta,"The Aero Waterproof Speaker from VoltEdge Electronics, crafted in rugged fabric, big, room-filling sound that travels anywhere. Shown in Terracotta.",https://livgpt.vercel.app/?merchant=voltedge-electronics&product=VE-SPEA-0055,Edge Audio,,VE-SPEA-0055,https://livgpt.vercel.app/mock-catalog/images/voltedge-electronics/VE-SPEA-0055.jpg,,,,new,Electronics > Audio > Audio Players & Recorders,Audio > Speakers,adult,Rugged Fabric,8 in,5 in,5 in,2.12 lb,VE-SPEA-GRP-005,Speakers,Terracotta,,,unisex,in_stock,,,,180,134.44 USD,,,txcd_99999999,exclusive,,"US:ALL:Standard:3-5:0.00 USD,US:ALL:Expedited:1-2:9.99 USD",US:ALL:Standard:50.00 USD,
VE-SPEA-0056,Modern Mini Speaker – Burgundy,"The Modern Mini Speaker from VoltEdge Electronics, crafted in rugged fabric, big, room-filling sound that travels anywhere. Shown in Burgundy.",https://livgpt.vercel.app/?merchant=voltedge-electronics&product=VE-SPEA-0056,VoltEdge Pro,,VE-SPEA-0056,https://livgpt.vercel.app/mock-catalog/images/voltedge-electronics/VE-SPEA-0056.jpg,,,,new,Electronics > Audio > Audio Players & Recorders,Audio > Speakers,adult,Rugged Fabric,8 in,5 in,5 in,1.96 lb,VE-SPEA-GRP-006,Speakers,Burgundy,,,unisex,in_stock,,,,199,226.39 USD,,,txcd_99999999,exclusive,,"US:ALL:Standard:3-5:0.00 USD,US:ALL:Expedited:1-2:9.99 USD",US:ALL:Standard:50.00 USD,
VE-SPEA-0057,Featherlight Mini Speaker – Burgundy,"The Featherlight Mini Speaker from VoltEdge Electronics, crafted in rugged fabric, big, room-filling sound that travels anywhere. Shown in Burgundy.",https://livgpt.vercel.app/?merchant=voltedge-electronics&product=VE-SPEA-0057,Edge Audio,,VE-SPEA-0057,https://livgpt.vercel.app/mock-catalog/images/voltedge-electronics/VE-SPEA-0057.jpg,,,,new,Electronics > Audio > Audio Players & Recorders,Audio > Speakers,adult,Rugged Fabric,8 in,5 in,5 in,1.8 lb,VE-SPEA-GRP-006,Speakers,Burgundy,,,unisex,in_stock,,,,47,57.87 USD,,,txcd_99999999,exclusive,,"US:ALL:Standard:3-5:0.00 USD,US:ALL:Expedited:1-2:9.99 USD",US:ALL:Standard:50.00 USD,
VE-SPEA-0058,Terra Bluetooth Speaker – Blush Pink,"The Terra Bluetooth Speaker from VoltEdge Electronics, crafted in rugged fabric, big, room-filling sound that travels anywhere. Shown in Blush Pink.",https://livgpt.vercel.app/?merchant=voltedge-electronics&product=VE-SPEA-0058,VoltEdge,,VE-SPEA-0058,https://livgpt.vercel.app/mock-catalog/images/voltedge-electronics/VE-SPEA-0058.jpg,,,,new,Electronics > Audio > Audio Players & Recorders,Audio > Speakers,adult,Rugged Fabric,8 in,5 in,5 in,2.14 lb,VE-SPEA-GRP-007,Speakers,Blush Pink,,,unisex,in_stock,,,,12,144.08 USD,,,txcd_99999999,exclusive,,"US:ALL:Standard:3-5:0.00 USD,US:ALL:Expedited:1-2:9.99 USD",US:ALL:Standard:50.00 USD,
VE-SPEA-0059,Minimalist Party Speaker – Sky Blue,"The Minimalist Party Speaker from VoltEdge Electronics, crafted in rugged fabric, big, room-filling sound that travels anywhere. Shown in Sky Blue.",https://livgpt.vercel.app/?merchant=voltedge-electronics&product=VE-SPEA-0059,VoltEdge Pro,,VE-SPEA-0059,https://livgpt.vercel.app/mock-catalog/images/voltedge-electronics/VE-SPEA-0059.jpg,,,,new,Electronics > Audio > Audio Players & Recorders,Audio > Speakers,adult,Rugged Fabric,8 in,5 in,5 in,1.92 lb,VE-SPEA-GRP-007,Speakers,Sky Blue,,,unisex,in_stock,,,,11,74.37 USD,,,txcd_99999999,exclusive,,"US:ALL:Standard:3-5:0.00 USD,US:ALL:Expedited:1-2:9.99 USD",US:ALL:Standard:50.00 USD,
VE-SPEA-0060,Pro Party Speaker – Blush Pink,"The Pro Party Speaker from VoltEdge Electronics, crafted in rugged fabric, big, room-filling sound that travels anywhere. Shown in Blush Pink.",https://livgpt.vercel.app/?merchant=voltedge-electronics&product=VE-SPEA-0060,VoltEdge Pro,,VE-SPEA-0060,https://livgpt.vercel.app/mock-catalog/images/voltedge-electronics/VE-SPEA-0060.jpg,,,,new,Electronics > Audio > Audio Players & Recorders,Audio > Speakers,adult,Rugged Fabric,8 in,5 in,5 in,2.16 lb,VE-SPEA-GRP-008,Speakers,Blush Pink,,,unisex,in_stock,,,,87,73.07 USD,,,txcd_99999999,exclusive,,"US:ALL:Standard:3-5:0.00 USD,US:ALL:Expedited:1-2:9.99 USD",US:ALL:Standard:50.00 USD,
VE-PHON-0061,Coastal Phone Case – Olive,"The Coastal Phone Case from VoltEdge Electronics, crafted in aramid fiber, everyday protection and effortless charging. Shown in Olive.",https://livgpt.vercel.app/?merchant=voltedge-electronics&product=VE-PHON-0061,Edge Audio,,VE-PHON-0061,https://livgpt.vercel.app/mock-catalog/images/voltedge-electronics/VE-PHON-0061.jpg,,,,new,Electronics > Communications > Telephony > Mobile Phone Accessories,Accessories > Phone,adult,Aramid Fiber,6 in,3 in,1 in,0.18 lb,VE-PHON-GRP-001,Phone,Olive,,,unisex,in_stock,,,,221,39.07 USD,35.28 USD,2026-07-01/2026-12-31,txcd_99999999,exclusive,,"US:ALL:Standard:3-5:0.00 USD,US:ALL:Expedited:1-2:9.99 USD",US:ALL:Standard:50.00 USD,
VE-PHON-0062,Rugged Phone Case – Burgundy,"The Rugged Phone Case from VoltEdge Electronics, crafted in aramid fiber, everyday protection and effortless charging. Shown in Burgundy.",https://livgpt.vercel.app/?merchant=voltedge-electronics&product=VE-PHON-0062,Edge Audio,,VE-PHON-0062,https://livgpt.vercel.app/mock-catalog/images/voltedge-electronics/VE-PHON-0062.jpg,,,,new,Electronics > Communications > Telephony > Mobile Phone Accessories,Accessories > Phone,adult,Aramid Fiber,6 in,3 in,1 in,0.19 lb,VE-PHON-GRP-001,Phone,Burgundy,,,unisex,in_stock,,,,179,47.79 USD,,,txcd_99999999,exclusive,,"US:ALL:Standard:3-5:0.00 USD,US:ALL:Expedited:1-2:9.99 USD",US:ALL:Standard:50.00 USD,
VE-PHON-0063,Pro Screen Protector 2-Pack – Blush Pink,"The Pro Screen Protector 2-Pack from VoltEdge Electronics, crafted in silicone, everyday protection and effortless charging. Shown in Blush Pink.",https://livgpt.vercel.app/?merchant=voltedge-electronics&product=VE-PHON-0063,VoltEdge Pro,,VE-PHON-0063,https://livgpt.vercel.app/mock-catalog/images/voltedge-electronics/VE-PHON-0063.jpg,,,,new,Electronics > Communications > Telephony > Mobile Phone Accessories,Accessories > Phone,adult,Silicone,6 in,3 in,1 in,0.21 lb,VE-PHON-GRP-002,Phone,Blush Pink,,,unisex,in_stock,,,,94,37.09 USD,,,txcd_99999999,exclusive,,"US:ALL:Standard:3-5:0.00 USD,US:ALL:Expedited:1-2:9.99 USD",US:ALL:Standard:50.00 USD,
VE-PHON-0064,Studio MagSafe Charger – Slate Gray,"The Studio MagSafe Charger from VoltEdge Electronics, crafted in silicone, everyday protection and effortless charging. Shown in Slate Gray.",https://livgpt.vercel.app/?merchant=voltedge-electronics&product=VE-PHON-0064,VoltEdge Pro,,VE-PHON-0064,https://livgpt.vercel.app/mock-catalog/images/voltedge-electronics/VE-PHON-0064.jpg,,,,new,Electronics > Communications > Telephony > Mobile Phone Accessories,Accessories > Phone,adult,Silicone,6 in,3 in,1 in,0.2 lb,VE-PHON-GRP-002,Phone,Slate Gray,,,unisex,in_stock,,,,126,28.85 USD,,,txcd_99999999,exclusive,,"US:ALL:Standard:3-5:0.00 USD,US:ALL:Expedited:1-2:9.99 USD",US:ALL:Standard:50.00 USD,
VE-PHON-0065,Classic Screen Protector 2-Pack – White,"The Classic Screen Protector 2-Pack from VoltEdge Electronics, crafted in aramid fiber, everyday protection and effortless charging. Shown in White.",https://livgpt.vercel.app/?merchant=voltedge-electronics&product=VE-PHON-0065,VoltEdge,,VE-PHON-0065,https://livgpt.vercel.app/mock-catalog/images/voltedge-electronics/VE-PHON-0065.jpg,,,,new,Electronics > Communications > Telephony > Mobile Phone Accessories,Accessories > Phone,adult,Aramid Fiber,6 in,3 in,1 in,0.22 lb,VE-PHON-GRP-003,Phone,White,,,unisex,in_stock,,,,77,33.64 USD,,,txcd_99999999,exclusive,,"US:ALL:Standard:3-5:0.00 USD,US:ALL:Expedited:1-2:9.99 USD",US:ALL:Standard:50.00 USD,
VE-PHON-0066,Signature Screen Protector 2-Pack – Blush Pink,"The Signature Screen Protector 2-Pack from VoltEdge Electronics, crafted in silicone, everyday protection and effortless charging. Shown in Blush Pink.",https://livgpt.vercel.app/?merchant=voltedge-electronics&product=VE-PHON-0066,VoltEdge,,VE-PHON-0066,https://livgpt.vercel.app/mock-catalog/images/voltedge-electronics/VE-PHON-0066.jpg,,,,new,Electronics > Communications > Telephony > Mobile Phone Accessories,Accessories > Phone,adult,Silicone,6 in,3 in,1 in,0.19 lb,VE-PHON-GRP-003,Phone,Blush Pink,,,unisex,in_stock,,,,149,66.06 USD,53.58 USD,2026-07-01/2026-12-31,txcd_99999999,exclusive,,"US:ALL:Standard:3-5:0.00 USD,US:ALL:Expedited:1-2:9.99 USD",US:ALL:Standard:50.00 USD,
VE-PHON-0067,Premium Phone Case – Sand,"The Premium Phone Case from VoltEdge Electronics, crafted in silicone, everyday protection and effortless charging. Shown in Sand.",https://livgpt.vercel.app/?merchant=voltedge-electronics&product=VE-PHON-0067,VoltEdge,,VE-PHON-0067,https://livgpt.vercel.app/mock-catalog/images/voltedge-electronics/VE-PHON-0067.jpg,,,,new,Electronics > Communications > Telephony > Mobile Phone Accessories,Accessories > Phone,adult,Silicone,6 in,3 in,1 in,0.18 lb,VE-PHON-GRP-004,Phone,Sand,,,unisex,in_stock,,,,194,49.78 USD,37.86 USD,2026-07-01/2026-12-31,txcd_99999999,exclusive,,"US:ALL:Standard:3-5:0.00 USD,US:ALL:Expedited:1-2:9.99 USD",US:ALL:Standard:50.00 USD,
VE-PHON-0068,Studio Car Mount – Forest Green,"The Studio Car Mount from VoltEdge Electronics, crafted in silicone, everyday protection and effortless charging. Shown in Forest Green.",https://livgpt.vercel.app/?merchant=voltedge-electronics&product=VE-PHON-0068,VoltEdge,,VE-PHON-0068,https://livgpt.vercel.app/mock-catalog/images/voltedge-electronics/VE-PHON-0068.jpg,,,,new,Electronics > Communications > Telephony > Mobile Phone Accessories,Accessories > Phone,adult,Silicone,6 in,3 in,1 in,0.2 lb,VE-PHON-GRP-004,Phone,Forest Green,,,unisex,in_stock,,,,220,41.75 USD,,,txcd_99999999,exclusive,,"US:ALL:Standard:3-5:0.00 USD,US:ALL:Expedited:1-2:9.99 USD",US:ALL:Standard:50.00 USD,
VE-PHON-0069,Featherlight Phone Case – Sky Blue,"The Featherlight Phone Case from VoltEdge Electronics, crafted in aramid fiber, everyday protection and effortless charging. Shown in Sky Blue.",https://livgpt.vercel.app/?merchant=voltedge-electronics&product=VE-PHON-0069,Edge Audio,,VE-PHON-0069,https://livgpt.vercel.app/mock-catalog/images/voltedge-electronics/VE-PHON-0069.jpg,,,,new,Electronics > Communications > Telephony > Mobile Phone Accessories,Accessories > Phone,adult,Aramid Fiber,6 in,3 in,1 in,0.22 lb,VE-PHON-GRP-005,Phone,Sky Blue,,,unisex,in_stock,,,,233,20.99 USD,17.57 USD,2026-07-01/2026-12-31,txcd_99999999,exclusive,,"US:ALL:Standard:3-5:0.00 USD,US:ALL:Expedited:1-2:9.99 USD",US:ALL:Standard:50.00 USD,
VE-PHON-0070,Signature Car Mount – Charcoal,"The Signature Car Mount from VoltEdge Electronics, crafted in silicone, everyday protection and effortless charging. Shown in Charcoal.",https://livgpt.vercel.app/?merchant=voltedge-electronics&product=VE-PHON-0070,VoltEdge Pro,,VE-PHON-0070,https://livgpt.vercel.app/mock-catalog/images/voltedge-electronics/VE-PHON-0070.jpg,,,,new,Electronics > Communications > Telephony > Mobile Phone Accessories,Accessories > Phone,adult,Silicone,6 in,3 in,1 in,0.19 lb,VE-PHON-GRP-005,Phone,Charcoal,,,unisex,in_stock,,,,191,31.81 USD,26.81 USD,2026-07-01/2026-12-31,txcd_99999999,exclusive,,"US:ALL:Standard:3-5:0.00 USD,US:ALL:Expedited:1-2:9.99 USD",US:ALL:Standard:50.00 USD,
VE-PHON-0071,Luxe Car Mount – Cream,"The Luxe Car Mount from VoltEdge Electronics, crafted in aramid fiber, everyday protection and effortless charging. Shown in Cream.",https://livgpt.vercel.app/?merchant=voltedge-electronics&product=VE-PHON-0071,VoltEdge,,VE-PHON-0071,https://livgpt.vercel.app/mock-catalog/images/voltedge-electronics/VE-PHON-0071.jpg,,,,new,Electronics > Communications > Telephony > Mobile Phone Accessories,Accessories > Phone,adult,Aramid Fiber,6 in,3 in,1 in,0.22 lb,VE-PHON-GRP-006,Phone,Cream,,,unisex,in_stock,,,,132,26.99 USD,,,txcd_99999999,exclusive,,"US:ALL:Standard:3-5:0.00 USD,US:ALL:Expedited:1-2:9.99 USD",US:ALL:Standard:50.00 USD,
VE-PHON-0072,Aero MagSafe Charger – Slate Gray,"The Aero MagSafe Charger from VoltEdge Electronics, crafted in aramid fiber, everyday protection and effortless charging. Shown in Slate Gray.",https://livgpt.vercel.app/?merchant=voltedge-electronics&product=VE-PHON-0072,VoltEdge Pro,,VE-PHON-0072,https://livgpt.vercel.app/mock-catalog/images/voltedge-electronics/VE-PHON-0072.jpg,,,,new,Electronics > Communications > Telephony > Mobile Phone Accessories,Accessories > Phone,adult,Aramid Fiber,6 in,3 in,1 in,0.21 lb,VE-PHON-GRP-006,Phone,Slate Gray,,,unisex,in_stock,,,,236,58.31 USD,,,txcd_99999999,exclusive,,"US:ALL:Standard:3-5:0.00 USD,US:ALL:Expedited:1-2:9.99 USD",US:ALL:Standard:50.00 USD,
VE-PHON-0073,Trail Screen Protector 2-Pack – Black,"The Trail Screen Protector 2-Pack from VoltEdge Electronics, crafted in aramid fiber, everyday protection and effortless charging. Shown in Black.",https://livgpt.vercel.app/?merchant=voltedge-electronics&product=VE-PHON-0073,VoltEdge,,VE-PHON-0073,https://livgpt.vercel.app/mock-catalog/images/voltedge-electronics/VE-PHON-0073.jpg,,,,new,Electronics > Communications > Telephony > Mobile Phone Accessories,Accessories > Phone,adult,Aramid Fiber,6 in,3 in,1 in,0.2 lb,VE-PHON-GRP-007,Phone,Black,,,unisex,in_stock,,,,64,75.11 USD,,,txcd_99999999,exclusive,,"US:ALL:Standard:3-5:0.00 USD,US:ALL:Expedited:1-2:9.99 USD",US:ALL:Standard:50.00 USD,
VE-PHON-0074,Essential Phone Case – Black,"The Essential Phone Case from VoltEdge Electronics, crafted in silicone, everyday protection and effortless charging. Shown in Black.",https://livgpt.vercel.app/?merchant=voltedge-electronics&product=VE-PHON-0074,VoltEdge Pro,,VE-PHON-0074,https://livgpt.vercel.app/mock-catalog/images/voltedge-electronics/VE-PHON-0074.jpg,,,,new,Electronics > Communications > Telephony > Mobile Phone Accessories,Accessories > Phone,adult,Silicone,6 in,3 in,1 in,0.21 lb,VE-PHON-GRP-007,Phone,Black,,,unisex,in_stock,,,,207,52.09 USD,,,txcd_99999999,exclusive,,"US:ALL:Standard:3-5:0.00 USD,US:ALL:Expedited:1-2:9.99 USD",US:ALL:Standard:50.00 USD,
VE-PHON-0075,Aero Screen Protector 2-Pack – Cream,"The Aero Screen Protector 2-Pack from VoltEdge Electronics, crafted in aramid fiber, everyday protection and effortless charging. Shown in Cream.",https://livgpt.vercel.app/?merchant=voltedge-electronics&product=VE-PHON-0075,Edge Audio,,VE-PHON-0075,https://livgpt.vercel.app/mock-catalog/images/voltedge-electronics/VE-PHON-0075.jpg,,,,new,Electronics > Communications > Telephony > Mobile Phone Accessories,Accessories > Phone,adult,Aramid Fiber,6 in,3 in,1 in,0.22 lb,VE-PHON-GRP-008,Phone,Cream,,,unisex,in_stock,,,,227,35.02 USD,,,txcd_99999999,exclusive,,"US:ALL:Standard:3-5:0.00 USD,US:ALL:Expedited:1-2:9.99 USD",US:ALL:Standard:50.00 USD,
VE-TECH-0076,Alpine Laptop Backpack – White,"The Alpine Laptop Backpack from VoltEdge Electronics, crafted in ballistic nylon, padded, secure storage for your laptop and daily carry. Shown in White.",https://livgpt.vercel.app/?merchant=voltedge-electronics&product=VE-TECH-0076,VoltEdge Pro,,VE-TECH-0076,https://livgpt.vercel.app/mock-catalog/images/voltedge-electronics/VE-TECH-0076.jpg,,,,new,Luggage & Bags > Backpacks,Bags > Tech Backpacks,adult,Ballistic Nylon,20 in,13 in,8 in,2.55 lb,VE-TECH-GRP-001,Tech Backpacks,White,,,unisex,in_stock,,,,96,178.02 USD,,,txcd_99999999,exclusive,,"US:ALL:Standard:3-5:0.00 USD,US:ALL:Expedited:1-2:9.99 USD",US:ALL:Standard:50.00 USD,
VE-TECH-0077,Terra Laptop Backpack – Charcoal,"The Terra Laptop Backpack from VoltEdge Electronics, crafted in ballistic nylon, padded, secure storage for your laptop and daily carry. Shown in Charcoal.",https://livgpt.vercel.app/?merchant=voltedge-electronics&product=VE-TECH-0077,VoltEdge Pro,,VE-TECH-0077,https://livgpt.vercel.app/mock-catalog/images/voltedge-electronics/VE-TECH-0077.jpg,,,,new,Luggage & Bags > Backpacks,Bags > Tech Backpacks,adult,Ballistic Nylon,20 in,13 in,8 in,2.42 lb,VE-TECH-GRP-001,Tech Backpacks,Charcoal,,,unisex,in_stock,,,,34,156.73 USD,,,txcd_99999999,exclusive,,"US:ALL:Standard:3-5:0.00 USD,US:ALL:Expedited:1-2:9.99 USD",US:ALL:Standard:50.00 USD,
VE-TECH-0078,Studio Laptop Backpack – Sand,"The Studio Laptop Backpack from VoltEdge Electronics, crafted in ballistic nylon, padded, secure storage for your laptop and daily carry. Shown in Sand.",https://livgpt.vercel.app/?merchant=voltedge-electronics&product=VE-TECH-0078,Edge Audio,,VE-TECH-0078,https://livgpt.vercel.app/mock-catalog/images/voltedge-electronics/VE-TECH-0078.jpg,,,,new,Luggage & Bags > Backpacks,Bags > Tech Backpacks,adult,Ballistic Nylon,20 in,13 in,8 in,2.73 lb,VE-TECH-GRP-002,Tech Backpacks,Sand,,,unisex,in_stock,,,,76,132.32 USD,,,txcd_99999999,exclusive,,"US:ALL:Standard:3-5:0.00 USD,US:ALL:Expedited:1-2:9.99 USD",US:ALL:Standard:50.00 USD,
VE-TECH-0079,Trail Commuter Pack – Charcoal,"The Trail Commuter Pack from VoltEdge Electronics, crafted in ballistic nylon, padded, secure storage for your laptop and daily carry. Shown in Charcoal.",https://livgpt.vercel.app/?merchant=voltedge-electronics&product=VE-TECH-0079,Edge Audio,,VE-TECH-0079,https://livgpt.vercel.app/mock-catalog/images/voltedge-electronics/VE-TECH-0079.jpg,,,,new,Luggage & Bags > Backpacks,Bags > Tech Backpacks,adult,Ballistic Nylon,20 in,13 in,8 in,2.52 lb,VE-TECH-GRP-002,Tech Backpacks,Charcoal,,,unisex,in_stock,,,,45,175.34 USD,,,txcd_99999999,exclusive,,"US:ALL:Standard:3-5:0.00 USD,US:ALL:Expedited:1-2:9.99 USD",US:ALL:Standard:50.00 USD,
VE-TECH-0080,Luxe Commuter Pack – White,"The Luxe Commuter Pack from VoltEdge Electronics, crafted in ballistic nylon, padded, secure storage for your laptop and daily carry. Shown in White.",https://livgpt.vercel.app/?merchant=voltedge-electronics&product=VE-TECH-0080,VoltEdge,,VE-TECH-0080,https://livgpt.vercel.app/mock-catalog/images/voltedge-electronics/VE-TECH-0080.jpg,,,,new,Luggage & Bags > Backpacks,Bags > Tech Backpacks,adult,Ballistic Nylon,20 in,13 in,8 in,2.55 lb,VE-TECH-GRP-003,Tech Backpacks,White,,,unisex,in_stock,,,,46,163.90 USD,,,txcd_99999999,exclusive,,"US:ALL:Standard:3-5:0.00 USD,US:ALL:Expedited:1-2:9.99 USD",US:ALL:Standard:50.00 USD,
VE-TECH-0081,Urban Sling Bag – Black,"The Urban Sling Bag from VoltEdge Electronics, crafted in ballistic nylon, padded, secure storage for your laptop and daily carry. Shown in Black.",https://livgpt.vercel.app/?merchant=voltedge-electronics&product=VE-TECH-0081,VoltEdge Pro,,VE-TECH-0081,https://livgpt.vercel.app/mock-catalog/images/voltedge-electronics/VE-TECH-0081.jpg,,,,new,Luggage & Bags > Backpacks,Bags > Tech Backpacks,adult,Ballistic Nylon,20 in,13 in,8 in,2.44 lb,VE-TECH-GRP-003,Tech Backpacks,Black,,,unisex,in_stock,,,,78,176.64 USD,,,txcd_99999999,exclusive,,"US:ALL:Standard:3-5:0.00 USD,US:ALL:Expedited:1-2:9.99 USD",US:ALL:Standard:50.00 USD,
VE-TECH-0082,Alpine Commuter Pack – Cream,"The Alpine Commuter Pack from VoltEdge Electronics, crafted in ballistic nylon, padded, secure storage for your laptop and daily carry. Shown in Cream.",https://livgpt.vercel.app/?merchant=voltedge-electronics&product=VE-TECH-0082,VoltEdge,,VE-TECH-0082,https://livgpt.vercel.app/mock-catalog/images/voltedge-electronics/VE-TECH-0082.jpg,,,,new,Luggage & Bags > Backpacks,Bags > Tech Backpacks,adult,Ballistic Nylon,20 in,13 in,8 in,2.57 lb,VE-TECH-GRP-004,Tech Backpacks,Cream,,,unisex,in_stock,,,,45,176.83 USD,,,txcd_99999999,exclusive,,"US:ALL:Standard:3-5:0.00 USD,US:ALL:Expedited:1-2:9.99 USD",US:ALL:Standard:50.00 USD,
VE-TECH-0083,Studio Commuter Pack – Burgundy,"The Studio Commuter Pack from VoltEdge Electronics, crafted in ballistic nylon, padded, secure storage for your laptop and daily carry. Shown in Burgundy.",https://livgpt.vercel.app/?merchant=voltedge-electronics&product=VE-TECH-0083,VoltEdge Pro,,VE-TECH-0083,https://livgpt.vercel.app/mock-catalog/images/voltedge-electronics/VE-TECH-0083.jpg,,,,new,Luggage & Bags > Backpacks,Bags > Tech Backpacks,adult,Ballistic Nylon,20 in,13 in,8 in,2.44 lb,VE-TECH-GRP-004,Tech Backpacks,Burgundy,,,unisex,in_stock,,,,210,70.15 USD,,,txcd_99999999,exclusive,,"US:ALL:Standard:3-5:0.00 USD,US:ALL:Expedited:1-2:9.99 USD",US:ALL:Standard:50.00 USD,
VE-TECH-0084,Classic Laptop Backpack – Black,"The Classic Laptop Backpack from VoltEdge Electronics, crafted in ballistic nylon, padded, secure storage for your laptop and daily carry. Shown in Black.",https://livgpt.vercel.app/?merchant=voltedge-electronics&product=VE-TECH-0084,VoltEdge Pro,,VE-TECH-0084,https://livgpt.vercel.app/mock-catalog/images/voltedge-electronics/VE-TECH-0084.jpg,,,,new,Luggage & Bags > Backpacks,Bags > Tech Backpacks,adult,Ballistic Nylon,20 in,13 in,8 in,2.5 lb,VE-TECH-GRP-005,Tech Backpacks,Black,,,unisex,in_stock,,,,38,184.65 USD,,,txcd_99999999,exclusive,,"US:ALL:Standard:3-5:0.00 USD,US:ALL:Expedited:1-2:9.99 USD",US:ALL:Standard:50.00 USD,
VE-TECH-0085,Essential Anti-Theft Backpack – Sand,"The Essential Anti-Theft Backpack from VoltEdge Electronics, crafted in ballistic nylon, padded, secure storage for your laptop and daily carry. Shown in Sand.",https://livgpt.vercel.app/?merchant=voltedge-electronics&product=VE-TECH-0085,VoltEdge Pro,,VE-TECH-0085,https://livgpt.vercel.app/mock-catalog/images/voltedge-electronics/VE-TECH-0085.jpg,,,,new,Luggage & Bags > Backpacks,Bags > Tech Backpacks,adult,Ballistic Nylon,20 in,13 in,8 in,2.44 lb,VE-TECH-GRP-005,Tech Backpacks,Sand,,,unisex,in_stock,,,,91,116.08 USD,,,txcd_99999999,exclusive,,"US:ALL:Standard:3-5:0.00 USD,US:ALL:Expedited:1-2:9.99 USD",US:ALL:Standard:50.00 USD,
VE-TECH-0086,Coastal Commuter Pack – Forest Green,"The Coastal Commuter Pack from VoltEdge Electronics, crafted in ballistic nylon, padded, secure storage for your laptop and daily carry. Shown in Forest Green.",https://livgpt.vercel.app/?merchant=voltedge-electronics&product=VE-TECH-0086,VoltEdge,,VE-TECH-0086,https://livgpt.vercel.app/mock-catalog/images/voltedge-electronics/VE-TECH-0086.jpg,,,,new,Luggage & Bags > Backpacks,Bags > Tech Backpacks,adult,Ballistic Nylon,20 in,13 in,8 in,2.37 lb,VE-TECH-GRP-006,Tech Backpacks,Forest Green,,,unisex,in_stock,,,,196,140.95 USD,129.35 USD,2026-07-01/2026-12-31,txcd_99999999,exclusive,,"US:ALL:Standard:3-5:0.00 USD,US:ALL:Expedited:1-2:9.99 USD",US:ALL:Standard:50.00 USD,
VE-TECH-0087,Terra Commuter Pack – Burgundy,"The Terra Commuter Pack from VoltEdge Electronics, crafted in ballistic nylon, padded, secure storage for your laptop and daily carry. Shown in Burgundy.",https://livgpt.vercel.app/?merchant=voltedge-electronics&product=VE-TECH-0087,VoltEdge,,VE-TECH-0087,https://livgpt.vercel.app/mock-catalog/images/voltedge-electronics/VE-TECH-0087.jpg,,,,new,Luggage & Bags > Backpacks,Bags > Tech Backpacks,adult,Ballistic Nylon,20 in,13 in,8 in,2.76 lb,VE-TECH-GRP-006,Tech Backpacks,Burgundy,,,unisex,in_stock,,,,83,105.00 USD,,,txcd_99999999,exclusive,,"US:ALL:Standard:3-5:0.00 USD,US:ALL:Expedited:1-2:9.99 USD",US:ALL:Standard:50.00 USD,
VE-TECH-0088,Coastal Anti-Theft Backpack – White,"The Coastal Anti-Theft Backpack from VoltEdge Electronics, crafted in ballistic nylon, padded, secure storage for your laptop and daily carry. Shown in White.",https://livgpt.vercel.app/?merchant=voltedge-electronics&product=VE-TECH-0088,VoltEdge Pro,,VE-TECH-0088,https://livgpt.vercel.app/mock-catalog/images/voltedge-electronics/VE-TECH-0088.jpg,,,,new,Luggage & Bags > Backpacks,Bags > Tech Backpacks,adult,Ballistic Nylon,20 in,13 in,8 in,2.47 lb,VE-TECH-GRP-007,Tech Backpacks,White,,,unisex,in_stock,,,,131,131.72 USD,,,txcd_99999999,exclusive,,"US:ALL:Standard:3-5:0.00 USD,US:ALL:Expedited:1-2:9.99 USD",US:ALL:Standard:50.00 USD,
VE-TECH-0089,Alpine Sling Bag – Sky Blue,"The Alpine Sling Bag from VoltEdge Electronics, crafted in ballistic nylon, padded, secure storage for your laptop and daily carry. Shown in Sky Blue.",https://livgpt.vercel.app/?merchant=voltedge-electronics&product=VE-TECH-0089,Edge Audio,,VE-TECH-0089,https://livgpt.vercel.app/mock-catalog/images/voltedge-electronics/VE-TECH-0089.jpg,,,,new,Luggage & Bags > Backpacks,Bags > Tech Backpacks,adult,Ballistic Nylon,20 in,13 in,8 in,2.6 lb,VE-TECH-GRP-007,Tech Backpacks,Sky Blue,,,unisex,in_stock,,,,71,113.98 USD,,,txcd_99999999,exclusive,,"US:ALL:Standard:3-5:0.00 USD,US:ALL:Expedited:1-2:9.99 USD",US:ALL:Standard:50.00 USD,
VE-TECH-0090,Signature Anti-Theft Backpack – Sky Blue,"The Signature Anti-Theft Backpack from VoltEdge Electronics, crafted in ballistic nylon, padded, secure storage for your laptop and daily carry. Shown in Sky Blue.",https://livgpt.vercel.app/?merchant=voltedge-electronics&product=VE-TECH-0090,Edge Audio,,VE-TECH-0090,https://livgpt.vercel.app/mock-catalog/images/voltedge-electronics/VE-TECH-0090.jpg,,,,new,Luggage & Bags > Backpacks,Bags > Tech Backpacks,adult,Ballistic Nylon,20 in,13 in,8 in,2.55 lb,VE-TECH-GRP-008,Tech Backpacks,Sky Blue,,,unisex,in_stock,,,,17,161.35 USD,,,txcd_99999999,exclusive,,"US:ALL:Standard:3-5:0.00 USD,US:ALL:Expedited:1-2:9.99 USD",US:ALL:Standard:50.00 USD,
VE-POWE-0091,Premium 20K Power Bank – Blush Pink,"The Premium 20K Power Bank from VoltEdge Electronics, crafted in aluminum, fast-charge your devices anywhere, all day. Shown in Blush Pink.",https://livgpt.vercel.app/?merchant=voltedge-electronics&product=VE-POWE-0091,VoltEdge,,VE-POWE-0091,https://livgpt.vercel.app/mock-catalog/images/voltedge-electronics/VE-POWE-0091.jpg,,,,new,Electronics > Electronics Accessories > Power > Batteries,Power > Power Banks,adult,Aluminum,5 in,3 in,1 in,0.74 lb,VE-POWE-GRP-001,Power Banks,Blush Pink,,,unisex,in_stock,,,,54,73.14 USD,,,txcd_99999999,exclusive,,"US:ALL:Standard:3-5:0.00 USD,US:ALL:Expedited:1-2:9.99 USD",US:ALL:Standard:50.00 USD,
VE-POWE-0092,Signature 10K Power Bank – Olive,"The Signature 10K Power Bank from VoltEdge Electronics, crafted in aluminum, fast-charge your devices anywhere, all day. Shown in Olive.",https://livgpt.vercel.app/?merchant=voltedge-electronics&product=VE-POWE-0092,Edge Audio,,VE-POWE-0092,https://livgpt.vercel.app/mock-catalog/images/voltedge-electronics/VE-POWE-0092.jpg,,,,new,Electronics > Electronics Accessories > Power > Batteries,Power > Power Banks,adult,Aluminum,5 in,3 in,1 in,0.65 lb,VE-POWE-GRP-001,Power Banks,Olive,,,unisex,in_stock,,,,196,28.90 USD,,,txcd_99999999,exclusive,,"US:ALL:Standard:3-5:0.00 USD,US:ALL:Expedited:1-2:9.99 USD",US:ALL:Standard:50.00 USD,
VE-POWE-0093,Luxe MagSafe Power Bank – Slate Gray,"The Luxe MagSafe Power Bank from VoltEdge Electronics, crafted in aluminum, fast-charge your devices anywhere, all day. Shown in Slate Gray.",https://livgpt.vercel.app/?merchant=voltedge-electronics&product=VE-POWE-0093,VoltEdge,,VE-POWE-0093,https://livgpt.vercel.app/mock-catalog/images/voltedge-electronics/VE-POWE-0093.jpg,,,,new,Electronics > Electronics Accessories > Power > Batteries,Power > Power Banks,adult,Aluminum,5 in,3 in,1 in,0.67 lb,VE-POWE-GRP-002,Power Banks,Slate Gray,,,unisex,in_stock,,,,201,59.87 USD,,,txcd_99999999,exclusive,,"US:ALL:Standard:3-5:0.00 USD,US:ALL:Expedited:1-2:9.99 USD",US:ALL:Standard:50.00 USD,
VE-POWE-0094,Essential 10K Power Bank – Burgundy,"The Essential 10K Power Bank from VoltEdge Electronics, crafted in aluminum, fast-charge your devices anywhere, all day. Shown in Burgundy.",https://livgpt.vercel.app/?merchant=voltedge-electronics&product=VE-POWE-0094,Edge Audio,,VE-POWE-0094,https://livgpt.vercel.app/mock-catalog/images/voltedge-electronics/VE-POWE-0094.jpg,,,,new,Electronics > Electronics Accessories > Power > Batteries,Power > Power Banks,adult,Aluminum,5 in,3 in,1 in,0.66 lb,VE-POWE-GRP-002,Power Banks,Burgundy,,,unisex,in_stock,,,,26,32.01 USD,,,txcd_99999999,exclusive,,"US:ALL:Standard:3-5:0.00 USD,US:ALL:Expedited:1-2:9.99 USD",US:ALL:Standard:50.00 USD,
VE-POWE-0095,Rugged 20K Power Bank – Black,"The Rugged 20K Power Bank from VoltEdge Electronics, crafted in aluminum, fast-charge your devices anywhere, all day. Shown in Black.",https://livgpt.vercel.app/?merchant=voltedge-electronics&product=VE-POWE-0095,Edge Audio,,VE-POWE-0095,https://livgpt.vercel.app/mock-catalog/images/voltedge-electronics/VE-POWE-0095.jpg,,,,new,Electronics > Electronics Accessories > Power > Batteries,Power > Power Banks,adult,Aluminum,5 in,3 in,1 in,0.75 lb,VE-POWE-GRP-003,Power Banks,Black,,,unisex,in_stock,,,,22,38.58 USD,,,txcd_99999999,exclusive,,"US:ALL:Standard:3-5:0.00 USD,US:ALL:Expedited:1-2:9.99 USD",US:ALL:Standard:50.00 USD,
VE-POWE-0096,Signature Solar Power Bank – Charcoal,"The Signature Solar Power Bank from VoltEdge Electronics, crafted in aluminum, fast-charge your devices anywhere, all day. Shown in Charcoal.",https://livgpt.vercel.app/?merchant=voltedge-electronics&product=VE-POWE-0096,VoltEdge Pro,,VE-POWE-0096,https://livgpt.vercel.app/mock-catalog/images/voltedge-electronics/VE-POWE-0096.jpg,,,,new,Electronics > Electronics Accessories > Power > Batteries,Power > Power Banks,adult,Aluminum,5 in,3 in,1 in,0.7 lb,VE-POWE-GRP-003,Power Banks,Charcoal,,,unisex,in_stock,,,,117,32.91 USD,,,txcd_99999999,exclusive,,"US:ALL:Standard:3-5:0.00 USD,US:ALL:Expedited:1-2:9.99 USD",US:ALL:Standard:50.00 USD,
VE-POWE-0097,Essential MagSafe Power Bank – Charcoal,"The Essential MagSafe Power Bank from VoltEdge Electronics, crafted in aluminum, fast-charge your devices anywhere, all day. Shown in Charcoal.",https://livgpt.vercel.app/?merchant=voltedge-electronics&product=VE-POWE-0097,Edge Audio,,VE-POWE-0097,https://livgpt.vercel.app/mock-catalog/images/voltedge-electronics/VE-POWE-0097.jpg,,,,new,Electronics > Electronics Accessories > Power > Batteries,Power > Power Banks,adult,Aluminum,5 in,3 in,1 in,0.74 lb,VE-POWE-GRP-004,Power Banks,Charcoal,,,unisex,in_stock,,,,219,71.64 USD,,,txcd_99999999,exclusive,,"US:ALL:Standard:3-5:0.00 USD,US:ALL:Expedited:1-2:9.99 USD",US:ALL:Standard:50.00 USD,
VE-POWE-0098,Essential 20K Power Bank – Sand,"The Essential 20K Power Bank from VoltEdge Electronics, crafted in aluminum, fast-charge your devices anywhere, all day. Shown in Sand.",https://livgpt.vercel.app/?merchant=voltedge-electronics&product=VE-POWE-0098,VoltEdge Pro,,VE-POWE-0098,https://livgpt.vercel.app/mock-catalog/images/voltedge-electronics/VE-POWE-0098.jpg,,,,new,Electronics > Electronics Accessories > Power > Batteries,Power > Power Banks,adult,Aluminum,5 in,3 in,1 in,0.76 lb,VE-POWE-GRP-004,Power Banks,Sand,,,unisex,in_stock,,,,134,90.80 USD,77.20 USD,2026-07-01/2026-12-31,txcd_99999999,exclusive,,"US:ALL:Standard:3-5:0.00 USD,US:ALL:Expedited:1-2:9.99 USD",US:ALL:Standard:50.00 USD,
VE-POWE-0099,Modern Solar Power Bank – Burgundy,"The Modern Solar Power Bank from VoltEdge Electronics, crafted in aluminum, fast-charge your devices anywhere, all day. Shown in Burgundy.",https://livgpt.vercel.app/?merchant=voltedge-electronics&product=VE-POWE-0099,VoltEdge Pro,,VE-POWE-0099,https://livgpt.vercel.app/mock-catalog/images/voltedge-electronics/VE-POWE-0099.jpg,,,,new,Electronics > Electronics Accessories > Power > Batteries,Power > Power Banks,adult,Aluminum,5 in,3 in,1 in,0.69 lb,VE-POWE-GRP-005,Power Banks,Burgundy,,,unisex,in_stock,,,,173,32.10 USD,,,txcd_99999999,exclusive,,"US:ALL:Standard:3-5:0.00 USD,US:ALL:Expedited:1-2:9.99 USD",US:ALL:Standard:50.00 USD,
VE-POWE-0100,Classic MagSafe Power Bank – Burgundy,"The Classic MagSafe Power Bank from VoltEdge Electronics, crafted in aluminum, fast-charge your devices anywhere, all day. Shown in Burgundy.",https://livgpt.vercel.app/?merchant=voltedge-electronics&product=VE-POWE-0100,Edge Audio,,VE-POWE-0100,https://livgpt.vercel.app/mock-catalog/images/voltedge-electronics/VE-POWE-0100.jpg,,,,new,Electronics > Electronics Accessories > Power > Batteries,Power > Power Banks,adult,Aluminum,5 in,3 in,1 in,0.71 lb,VE-POWE-GRP-005,Power Banks,Burgundy,,,unisex,in_stock,,,,213,32.65 USD,,,txcd_99999999,exclusive,,"US:ALL:Standard:3-5:0.00 USD,US:ALL:Expedited:1-2:9.99 USD",US:ALL:Standard:50.00 USD,
VE-POWE-0101,Trail 10K Power Bank – Olive,"The Trail 10K Power Bank from VoltEdge Electronics, crafted in aluminum, fast-charge your devices anywhere, all day. Shown in Olive.",https://livgpt.vercel.app/?merchant=voltedge-electronics&product=VE-POWE-0101,Edge Audio,,VE-POWE-0101,https://livgpt.vercel.app/mock-catalog/images/voltedge-electronics/VE-POWE-0101.jpg,,,,new,Electronics > Electronics Accessories > Power > Batteries,Power > Power Banks,adult,Aluminum,5 in,3 in,1 in,0.76 lb,VE-POWE-GRP-006,Power Banks,Olive,,,unisex,in_stock,,,,207,78.00 USD,,,txcd_99999999,exclusive,,"US:ALL:Standard:3-5:0.00 USD,US:ALL:Expedited:1-2:9.99 USD",US:ALL:Standard:50.00 USD,
VE-POWE-0102,Essential Solar Power Bank – Forest Green,"The Essential Solar Power Bank from VoltEdge Electronics, crafted in aluminum, fast-charge your devices anywhere, all day. Shown in Forest Green.",https://livgpt.vercel.app/?merchant=voltedge-electronics&product=VE-POWE-0102,VoltEdge,,VE-POWE-0102,https://livgpt.vercel.app/mock-catalog/images/voltedge-electronics/VE-POWE-0102.jpg,,,,new,Electronics > Electronics Accessories > Power > Batteries,Power > Power Banks,adult,Aluminum,5 in,3 in,1 in,0.69 lb,VE-POWE-GRP-006,Power Banks,Forest Green,,,unisex,in_stock,,,,233,69.32 USD,,,txcd_99999999,exclusive,,"US:ALL:Standard:3-5:0.00 USD,US:ALL:Expedited:1-2:9.99 USD",US:ALL:Standard:50.00 USD,
VE-POWE-0103,Studio Solar Power Bank – Sand,"The Studio Solar Power Bank from VoltEdge Electronics, crafted in aluminum, fast-charge your devices anywhere, all day. Shown in Sand.",https://livgpt.vercel.app/?merchant=voltedge-electronics&product=VE-POWE-0103,VoltEdge,,VE-POWE-0103,https://livgpt.vercel.app/mock-catalog/images/voltedge-electronics/VE-POWE-0103.jpg,,,,new,Electronics > Electronics Accessories > Power > Batteries,Power > Power Banks,adult,Aluminum,5 in,3 in,1 in,0.73 lb,VE-POWE-GRP-007,Power Banks,Sand,,,unisex,in_stock,,,,187,64.26 USD,,,txcd_99999999,exclusive,,"US:ALL:Standard:3-5:0.00 USD,US:ALL:Expedited:1-2:9.99 USD",US:ALL:Standard:50.00 USD,
VE-POWE-0104,Coastal 20K Power Bank – Blush Pink,"The Coastal 20K Power Bank from VoltEdge Electronics, crafted in aluminum, fast-charge your devices anywhere, all day. Shown in Blush Pink.",https://livgpt.vercel.app/?merchant=voltedge-electronics&product=VE-POWE-0104,VoltEdge Pro,,VE-POWE-0104,https://livgpt.vercel.app/mock-catalog/images/voltedge-electronics/VE-POWE-0104.jpg,,,,new,Electronics > Electronics Accessories > Power > Batteries,Power > Power Banks,adult,Aluminum,5 in,3 in,1 in,0.69 lb,VE-POWE-GRP-007,Power Banks,Blush Pink,,,unisex,in_stock,,,,182,24.92 USD,,,txcd_99999999,exclusive,,"US:ALL:Standard:3-5:0.00 USD,US:ALL:Expedited:1-2:9.99 USD",US:ALL:Standard:50.00 USD,
VE-POWE-0105,Pro 10K Power Bank – Sky Blue,"The Pro 10K Power Bank from VoltEdge Electronics, crafted in aluminum, fast-charge your devices anywhere, all day. Shown in Sky Blue.",https://livgpt.vercel.app/?merchant=voltedge-electronics&product=VE-POWE-0105,Edge Audio,,VE-POWE-0105,https://livgpt.vercel.app/mock-catalog/images/voltedge-electronics/VE-POWE-0105.jpg,,,,new,Electronics > Electronics Accessories > Power > Batteries,Power > Power Banks,adult,Aluminum,5 in,3 in,1 in,0.64 lb,VE-POWE-GRP-008,Power Banks,Sky Blue,,,unisex,in_stock,,,,169,78.41 USD,,,txcd_99999999,exclusive,,"US:ALL:Standard:3-5:0.00 USD,US:ALL:Expedited:1-2:9.99 USD",US:ALL:Standard:50.00 USD,
VE-KEYB-0106,Pro Keyboard & Mouse Combo – Burgundy,"The Pro Keyboard & Mouse Combo from VoltEdge Electronics, crafted in aluminum & abs, a satisfying, responsive upgrade for your desk. Shown in Burgundy.",https://livgpt.vercel.app/?merchant=voltedge-electronics&product=VE-KEYB-0106,VoltEdge,,VE-KEYB-0106,https://livgpt.vercel.app/mock-catalog/images/voltedge-electronics/VE-KEYB-0106.jpg,,,,new,Electronics > Computers > Computer Accessories,Computer > Input Devices,adult,Aluminum & ABS,8 in,6 in,4 in,1.02 lb,VE-KEYB-GRP-001,Input Devices,Burgundy,,,unisex,in_stock,,,,126,138.44 USD,,,txcd_99999999,exclusive,,"US:ALL:Standard:3-5:0.00 USD,US:ALL:Expedited:1-2:9.99 USD",US:ALL:Standard:50.00 USD,
VE-KEYB-0107,Minimalist Mechanical Keyboard – Cream,"The Minimalist Mechanical Keyboard from VoltEdge Electronics, crafted in aluminum & abs, a satisfying, responsive upgrade for your desk. Shown in Cream.",https://livgpt.vercel.app/?merchant=voltedge-electronics&product=VE-KEYB-0107,VoltEdge Pro,,VE-KEYB-0107,https://livgpt.vercel.app/mock-catalog/images/voltedge-electronics/VE-KEYB-0107.jpg,,,,new,Electronics > Computers > Computer Accessories,Computer > Input Devices,adult,Aluminum & ABS,8 in,6 in,4 in,1.01 lb,VE-KEYB-GRP-001,Input Devices,Cream,,,unisex,in_stock,,,,173,71.63 USD,62.74 USD,2026-07-01/2026-12-31,txcd_99999999,exclusive,,"US:ALL:Standard:3-5:0.00 USD,US:ALL:Expedited:1-2:9.99 USD",US:ALL:Standard:50.00 USD,
VE-KEYB-0108,Signature Mechanical Keyboard – Slate Gray,"The Signature Mechanical Keyboard from VoltEdge Electronics, crafted in aluminum & abs, a satisfying, responsive upgrade for your desk. Shown in Slate Gray.",https://livgpt.vercel.app/?merchant=voltedge-electronics&product=VE-KEYB-0108,VoltEdge,,VE-KEYB-0108,https://livgpt.vercel.app/mock-catalog/images/voltedge-electronics/VE-KEYB-0108.jpg,,,,new,Electronics > Computers > Computer Accessories,Computer > Input Devices,adult,Aluminum & ABS,8 in,6 in,4 in,0.95 lb,VE-KEYB-GRP-002,Input Devices,Slate Gray,,,unisex,in_stock,,,,97,68.53 USD,53.48 USD,2026-07-01/2026-12-31,txcd_99999999,exclusive,,"US:ALL:Standard:3-5:0.00 USD,US:ALL:Expedited:1-2:9.99 USD",US:ALL:Standard:50.00 USD,
VE-KEYB-0109,Modern Wireless Mouse – Terracotta,"The Modern Wireless Mouse from VoltEdge Electronics, crafted in aluminum & abs, a satisfying, responsive upgrade for your desk. Shown in Terracotta.",https://livgpt.vercel.app/?merchant=voltedge-electronics&product=VE-KEYB-0109,VoltEdge Pro,,VE-KEYB-0109,https://livgpt.vercel.app/mock-catalog/images/voltedge-electronics/VE-KEYB-0109.jpg,,,,new,Electronics > Computers > Computer Accessories,Computer > Input Devices,adult,Aluminum & ABS,8 in,6 in,4 in,1.02 lb,VE-KEYB-GRP-002,Input Devices,Terracotta,,,unisex,in_stock,,,,214,98.04 USD,,,txcd_99999999,exclusive,,"US:ALL:Standard:3-5:0.00 USD,US:ALL:Expedited:1-2:9.99 USD",US:ALL:Standard:50.00 USD,
VE-KEYB-0110,Urban Keyboard & Mouse Combo – Black,"The Urban Keyboard & Mouse Combo from VoltEdge Electronics, crafted in aluminum & abs, a satisfying, responsive upgrade for your desk. Shown in Black.",https://livgpt.vercel.app/?merchant=voltedge-electronics&product=VE-KEYB-0110,VoltEdge Pro,,VE-KEYB-0110,https://livgpt.vercel.app/mock-catalog/images/voltedge-electronics/VE-KEYB-0110.jpg,,,,new,Electronics > Computers > Computer Accessories,Computer > Input Devices,adult,Aluminum & ABS,8 in,6 in,4 in,0.96 lb,VE-KEYB-GRP-003,Input Devices,Black,,,unisex,in_stock,,,,84,120.57 USD,,,txcd_99999999,exclusive,,"US:ALL:Standard:3-5:0.00 USD,US:ALL:Expedited:1-2:9.99 USD",US:ALL:Standard:50.00 USD,
VE-KEYB-0111,Terra Numpad – Burgundy,"The Terra Numpad from VoltEdge Electronics, crafted in aluminum & abs, a satisfying, responsive upgrade for your desk. Shown in Burgundy.",https://livgpt.vercel.app/?merchant=voltedge-electronics&product=VE-KEYB-0111,VoltEdge,,VE-KEYB-0111,https://livgpt.vercel.app/mock-catalog/images/voltedge-electronics/VE-KEYB-0111.jpg,,,,new,Electronics > Computers > Computer Accessories,Computer > Input Devices,adult,Aluminum & ABS,8 in,6 in,4 in,1.0 lb,VE-KEYB-GRP-003,Input Devices,Burgundy,,,unisex,in_stock,,,,178,106.70 USD,,,txcd_99999999,exclusive,,"US:ALL:Standard:3-5:0.00 USD,US:ALL:Expedited:1-2:9.99 USD",US:ALL:Standard:50.00 USD,
VE-KEYB-0112,Signature Wireless Mouse – Terracotta,"The Signature Wireless Mouse from VoltEdge Electronics, crafted in aluminum & abs, a satisfying, responsive upgrade for your desk. Shown in Terracotta.",https://livgpt.vercel.app/?merchant=voltedge-electronics&product=VE-KEYB-0112,VoltEdge Pro,,VE-KEYB-0112,https://livgpt.vercel.app/mock-catalog/images/voltedge-electronics/VE-KEYB-0112.jpg,,,,new,Electronics > Computers > Computer Accessories,Computer > Input Devices,adult,Aluminum & ABS,8 in,6 in,4 in,1.06 lb,VE-KEYB-GRP-004,Input Devices,Terracotta,,,unisex,in_stock,,,,37,122.28 USD,104.10 USD,2026-07-01/2026-12-31,txcd_99999999,exclusive,,"US:ALL:Standard:3-5:0.00 USD,US:ALL:Expedited:1-2:9.99 USD",US:ALL:Standard:50.00 USD,
VE-KEYB-0113,Signature Numpad – Forest Green,"The Signature Numpad from VoltEdge Electronics, crafted in aluminum & abs, a satisfying, responsive upgrade for your desk. Shown in Forest Green.",https://livgpt.vercel.app/?merchant=voltedge-electronics&product=VE-KEYB-0113,VoltEdge,,VE-KEYB-0113,https://livgpt.vercel.app/mock-catalog/images/voltedge-electronics/VE-KEYB-0113.jpg,,,,new,Electronics > Computers > Computer Accessories,Computer > Input Devices,adult,Aluminum & ABS,8 in,6 in,4 in,1.04 lb,VE-KEYB-GRP-004,Input Devices,Forest Green,,,unisex,in_stock,,,,157,100.61 USD,75.89 USD,2026-07-01/2026-12-31,txcd_99999999,exclusive,,"US:ALL:Standard:3-5:0.00 USD,US:ALL:Expedited:1-2:9.99 USD",US:ALL:Standard:50.00 USD,
VE-KEYB-0114,Nova Wireless Mouse – Terracotta,"The Nova Wireless Mouse from VoltEdge Electronics, crafted in aluminum & abs, a satisfying, responsive upgrade for your desk. Shown in Terracotta.",https://livgpt.vercel.app/?merchant=voltedge-electronics&product=VE-KEYB-0114,Edge Audio,,VE-KEYB-0114,https://livgpt.vercel.app/mock-catalog/images/voltedge-electronics/VE-KEYB-0114.jpg,,,,new,Electronics > Computers > Computer Accessories,Computer > Input Devices,adult,Aluminum & ABS,8 in,6 in,4 in,0.94 lb,VE-KEYB-GRP-005,Input Devices,Terracotta,,,unisex,in_stock,,,,19,124.56 USD,,,txcd_99999999,exclusive,,"US:ALL:Standard:3-5:0.00 USD,US:ALL:Expedited:1-2:9.99 USD",US:ALL:Standard:50.00 USD,
VE-KEYB-0115,Classic Keyboard & Mouse Combo – White,"The Classic Keyboard & Mouse Combo from VoltEdge Electronics, crafted in aluminum & abs, a satisfying, responsive upgrade for your desk. Shown in White.",https://livgpt.vercel.app/?merchant=voltedge-electronics&product=VE-KEYB-0115,VoltEdge,,VE-KEYB-0115,https://livgpt.vercel.app/mock-catalog/images/voltedge-electronics/VE-KEYB-0115.jpg,,,,new,Electronics > Computers > Computer Accessories,Computer > Input Devices,adult,Aluminum & ABS,8 in,6 in,4 in,0.96 lb,VE-KEYB-GRP-005,Input Devices,White,,,unisex,in_stock,,,,196,40.96 USD,,,txcd_99999999,exclusive,,"US:ALL:Standard:3-5:0.00 USD,US:ALL:Expedited:1-2:9.99 USD",US:ALL:Standard:50.00 USD,
VE-KEYB-0116,Premium Mechanical Keyboard – Charcoal,"The Premium Mechanical Keyboard from VoltEdge Electronics, crafted in aluminum & abs, a satisfying, responsive upgrade for your desk. Shown in Charcoal.",https://livgpt.vercel.app/?merchant=voltedge-electronics&product=VE-KEYB-0116,VoltEdge,,VE-KEYB-0116,https://livgpt.vercel.app/mock-catalog/images/voltedge-electronics/VE-KEYB-0116.jpg,,,,new,Electronics > Computers > Computer Accessories,Computer > Input Devices,adult,Aluminum & ABS,8 in,6 in,4 in,1.06 lb,VE-KEYB-GRP-006,Input Devices,Charcoal,,,unisex,in_stock,,,,145,52.06 USD,43.49 USD,2026-07-01/2026-12-31,txcd_99999999,exclusive,,"US:ALL:Standard:3-5:0.00 USD,US:ALL:Expedited:1-2:9.99 USD",US:ALL:Standard:50.00 USD,
VE-KEYB-0117,Studio Keyboard & Mouse Combo – Slate Gray,"The Studio Keyboard & Mouse Combo from VoltEdge Electronics, crafted in aluminum & abs, a satisfying, responsive upgrade for your desk. Shown in Slate Gray.",https://livgpt.vercel.app/?merchant=voltedge-electronics&product=VE-KEYB-0117,VoltEdge,,VE-KEYB-0117,https://livgpt.vercel.app/mock-catalog/images/voltedge-electronics/VE-KEYB-0117.jpg,,,,new,Electronics > Computers > Computer Accessories,Computer > Input Devices,adult,Aluminum & ABS,8 in,6 in,4 in,1.07 lb,VE-KEYB-GRP-006,Input Devices,Slate Gray,,,unisex,in_stock,,,,104,47.37 USD,,,txcd_99999999,exclusive,,"US:ALL:Standard:3-5:0.00 USD,US:ALL:Expedited:1-2:9.99 USD",US:ALL:Standard:50.00 USD,
VE-KEYB-0118,Alpine Mechanical Keyboard – Slate Gray,"The Alpine Mechanical Keyboard from VoltEdge Electronics, crafted in aluminum & abs, a satisfying, responsive upgrade for your desk. Shown in Slate Gray.",https://livgpt.vercel.app/?merchant=voltedge-electronics&product=VE-KEYB-0118,Edge Audio,,VE-KEYB-0118,https://livgpt.vercel.app/mock-catalog/images/voltedge-electronics/VE-KEYB-0118.jpg,,,,new,Electronics > Computers > Computer Accessories,Computer > Input Devices,adult,Aluminum & ABS,8 in,6 in,4 in,1.02 lb,VE-KEYB-GRP-007,Input Devices,Slate Gray,,,unisex,in_stock,,,,232,97.45 USD,,,txcd_99999999,exclusive,,"US:ALL:Standard:3-5:0.00 USD,US:ALL:Expedited:1-2:9.99 USD",US:ALL:Standard:50.00 USD,
VE-KEYB-0119,Luxe Numpad – Cream,"The Luxe Numpad from VoltEdge Electronics, crafted in aluminum & abs, a satisfying, responsive upgrade for your desk. Shown in Cream.",https://livgpt.vercel.app/?merchant=voltedge-electronics&product=VE-KEYB-0119,Edge Audio,,VE-KEYB-0119,https://livgpt.vercel.app/mock-catalog/images/voltedge-electronics/VE-KEYB-0119.jpg,,,,new,Electronics > Computers > Computer Accessories,Computer > Input Devices,adult,Aluminum & ABS,8 in,6 in,4 in,1.05 lb,VE-KEYB-GRP-007,Input Devices,Cream,,,unisex,in_stock,,,,224,98.69 USD,,,txcd_99999999,exclusive,,"US:ALL:Standard:3-5:0.00 USD,US:ALL:Expedited:1-2:9.99 USD",US:ALL:Standard:50.00 USD,
VE-KEYB-0120,Premium Wireless Mouse – Sand,"The Premium Wireless Mouse from VoltEdge Electronics, crafted in aluminum & abs, a satisfying, responsive upgrade for your desk. Shown in Sand.",https://livgpt.vercel.app/?merchant=voltedge-electronics&product=VE-KEYB-0120,Edge Audio,,VE-KEYB-0120,https://livgpt.vercel.app/mock-catalog/images/voltedge-electronics/VE-KEYB-0120.jpg,,,,new,Electronics > Computers > Computer Accessories,Computer > Input Devices,adult,Aluminum & ABS,8 in,6 in,4 in,1.02 lb,VE-KEYB-GRP-008,Input Devices,Sand,,,unisex,in_stock,,,,102,82.83 USD,,,txcd_99999999,exclusive,,"US:ALL:Standard:3-5:0.00 USD,US:ALL:Expedited:1-2:9.99 USD",US:ALL:Standard:50.00 USD,
VE-STRE-0121,Trail Ring Light,"The Trail Ring Light from VoltEdge Electronics, crafted in composite, look and sound your best on every call and stream.",https://livgpt.vercel.app/?merchant=voltedge-electronics&product=VE-STRE-0121,VoltEdge Pro,,VE-STRE-0121,https://livgpt.vercel.app/mock-catalog/images/voltedge-electronics/VE-STRE-0121.jpg,,,,new,Electronics > Video > Webcams,Computer > Webcams,adult,Composite,4 in,3 in,3 in,0.37 lb,VE-STRE-GRP-001,Webcams,,,,unisex,in_stock,,,,114,94.24 USD,,,txcd_99999999,exclusive,,"US:ALL:Standard:3-5:0.00 USD,US:ALL:Expedited:1-2:9.99 USD",US:ALL:Standard:50.00 USD,
VE-STRE-0122,Coastal Ring Light,"The Coastal Ring Light from VoltEdge Electronics, crafted in composite, look and sound your best on every call and stream.",https://livgpt.vercel.app/?merchant=voltedge-electronics&product=VE-STRE-0122,VoltEdge Pro,,VE-STRE-0122,https://livgpt.vercel.app/mock-catalog/images/voltedge-electronics/VE-STRE-0122.jpg,,,,new,Electronics > Video > Webcams,Computer > Webcams,adult,Composite,4 in,3 in,3 in,0.41 lb,VE-STRE-GRP-001,Webcams,,,,unisex,in_stock,,,,105,117.64 USD,,,txcd_99999999,exclusive,,"US:ALL:Standard:3-5:0.00 USD,US:ALL:Expedited:1-2:9.99 USD",US:ALL:Standard:50.00 USD,
VE-STRE-0123,Featherlight 4K Webcam,"The Featherlight 4K Webcam from VoltEdge Electronics, crafted in composite, look and sound your best on every call and stream.",https://livgpt.vercel.app/?merchant=voltedge-electronics&product=VE-STRE-0123,VoltEdge Pro,,VE-STRE-0123,https://livgpt.vercel.app/mock-catalog/images/voltedge-electronics/VE-STRE-0123.jpg,,,,new,Electronics > Video > Webcams,Computer > Webcams,adult,Composite,4 in,3 in,3 in,0.41 lb,VE-STRE-GRP-002,Webcams,,,,unisex,in_stock,,,,222,130.30 USD,113.85 USD,2026-07-01/2026-12-31,txcd_99999999,exclusive,,"US:ALL:Standard:3-5:0.00 USD,US:ALL:Expedited:1-2:9.99 USD",US:ALL:Standard:50.00 USD,
VE-STRE-0124,Studio Ring Light,"The Studio Ring Light from VoltEdge Electronics, crafted in composite, look and sound your best on every call and stream.",https://livgpt.vercel.app/?merchant=voltedge-electronics&product=VE-STRE-0124,VoltEdge,,VE-STRE-0124,https://livgpt.vercel.app/mock-catalog/images/voltedge-electronics/VE-STRE-0124.jpg,,,,new,Electronics > Video > Webcams,Computer > Webcams,adult,Composite,4 in,3 in,3 in,0.42 lb,VE-STRE-GRP-002,Webcams,,,,unisex,in_stock,,,,39,68.12 USD,,,txcd_99999999,exclusive,,"US:ALL:Standard:3-5:0.00 USD,US:ALL:Expedited:1-2:9.99 USD",US:ALL:Standard:50.00 USD,
VE-STRE-0125,Rugged 1080p Webcam,"The Rugged 1080p Webcam from VoltEdge Electronics, crafted in composite, look and sound your best on every call and stream.",https://livgpt.vercel.app/?merchant=voltedge-electronics&product=VE-STRE-0125,VoltEdge,,VE-STRE-0125,https://livgpt.vercel.app/mock-catalog/images/voltedge-electronics/VE-STRE-0125.jpg,,,,new,Electronics > Video > Webcams,Computer > Webcams,adult,Composite,4 in,3 in,3 in,0.36 lb,VE-STRE-GRP-003,Webcams,,,,unisex,in_stock,,,,29,103.35 USD,,,txcd_99999999,exclusive,,"US:ALL:Standard:3-5:0.00 USD,US:ALL:Expedited:1-2:9.99 USD",US:ALL:Standard:50.00 USD,
VE-STRE-0126,Urban USB Microphone,"The Urban USB Microphone from VoltEdge Electronics, crafted in composite, look and sound your best on every call and stream.",https://livgpt.vercel.app/?merchant=voltedge-electronics&product=VE-STRE-0126,VoltEdge,,VE-STRE-0126,https://livgpt.vercel.app/mock-catalog/images/voltedge-electronics/VE-STRE-0126.jpg,,,,new,Electronics > Video > Webcams,Computer > Webcams,adult,Composite,4 in,3 in,3 in,0.41 lb,VE-STRE-GRP-003,Webcams,,,,unisex,in_stock,,,,8,117.09 USD,,,txcd_99999999,exclusive,,"US:ALL:Standard:3-5:0.00 USD,US:ALL:Expedited:1-2:9.99 USD",US:ALL:Standard:50.00 USD,
VE-STRE-0127,Luxe 4K Webcam,"The Luxe 4K Webcam from VoltEdge Electronics, crafted in composite, look and sound your best on every call and stream.",https://livgpt.vercel.app/?merchant=voltedge-electronics&product=VE-STRE-0127,VoltEdge,,VE-STRE-0127,https://livgpt.vercel.app/mock-catalog/images/voltedge-electronics/VE-STRE-0127.jpg,,,,new,Electronics > Video > Webcams,Computer > Webcams,adult,Composite,4 in,3 in,3 in,0.38 lb,VE-STRE-GRP-004,Webcams,,,,unisex,in_stock,,,,159,170.16 USD,,,txcd_99999999,exclusive,,"US:ALL:Standard:3-5:0.00 USD,US:ALL:Expedited:1-2:9.99 USD",US:ALL:Standard:50.00 USD,
VE-STRE-0128,Minimalist 1080p Webcam,"The Minimalist 1080p Webcam from VoltEdge Electronics, crafted in composite, look and sound your best on every call and stream.",https://livgpt.vercel.app/?merchant=voltedge-electronics&product=VE-STRE-0128,VoltEdge,,VE-STRE-0128,https://livgpt.vercel.app/mock-catalog/images/voltedge-electronics/VE-STRE-0128.jpg,,,,new,Electronics > Video > Webcams,Computer > Webcams,adult,Composite,4 in,3 in,3 in,0.36 lb,VE-STRE-GRP-004,Webcams,,,,unisex,in_stock,,,,237,62.86 USD,,,txcd_99999999,exclusive,,"US:ALL:Standard:3-5:0.00 USD,US:ALL:Expedited:1-2:9.99 USD",US:ALL:Standard:50.00 USD,
VE-STRE-0129,Aero 4K Webcam,"The Aero 4K Webcam from VoltEdge Electronics, crafted in composite, look and sound your best on every call and stream.",https://livgpt.vercel.app/?merchant=voltedge-electronics&product=VE-STRE-0129,VoltEdge,,VE-STRE-0129,https://livgpt.vercel.app/mock-catalog/images/voltedge-electronics/VE-STRE-0129.jpg,,,,new,Electronics > Video > Webcams,Computer > Webcams,adult,Composite,4 in,3 in,3 in,0.43 lb,VE-STRE-GRP-005,Webcams,,,,unisex,in_stock,,,,90,84.35 USD,,,txcd_99999999,exclusive,,"US:ALL:Standard:3-5:0.00 USD,US:ALL:Expedited:1-2:9.99 USD",US:ALL:Standard:50.00 USD,
VE-STRE-0130,Heritage 4K Webcam,"The Heritage 4K Webcam from VoltEdge Electronics, crafted in composite, look and sound your best on every call and stream.",https://livgpt.vercel.app/?merchant=voltedge-electronics&product=VE-STRE-0130,Edge Audio,,VE-STRE-0130,https://livgpt.vercel.app/mock-catalog/images/voltedge-electronics/VE-STRE-0130.jpg,,,,new,Electronics > Video > Webcams,Computer > Webcams,adult,Composite,4 in,3 in,3 in,0.43 lb,VE-STRE-GRP-005,Webcams,,,,unisex,in_stock,,,,75,55.07 USD,46.18 USD,2026-07-01/2026-12-31,txcd_99999999,exclusive,,"US:ALL:Standard:3-5:0.00 USD,US:ALL:Expedited:1-2:9.99 USD",US:ALL:Standard:50.00 USD,
VE-STRE-0131,Featherlight Ring Light,"The Featherlight Ring Light from VoltEdge Electronics, crafted in composite, look and sound your best on every call and stream.",https://livgpt.vercel.app/?merchant=voltedge-electronics&product=VE-STRE-0131,VoltEdge Pro,,VE-STRE-0131,https://livgpt.vercel.app/mock-catalog/images/voltedge-electronics/VE-STRE-0131.jpg,,,,new,Electronics > Video > Webcams,Computer > Webcams,adult,Composite,4 in,3 in,3 in,0.39 lb,VE-STRE-GRP-006,Webcams,,,,unisex,in_stock,,,,53,122.48 USD,,,txcd_99999999,exclusive,,"US:ALL:Standard:3-5:0.00 USD,US:ALL:Expedited:1-2:9.99 USD",US:ALL:Standard:50.00 USD,
VE-STRE-0132,Terra USB Microphone,"The Terra USB Microphone from VoltEdge Electronics, crafted in composite, look and sound your best on every call and stream.",https://livgpt.vercel.app/?merchant=voltedge-electronics&product=VE-STRE-0132,VoltEdge,,VE-STRE-0132,https://livgpt.vercel.app/mock-catalog/images/voltedge-electronics/VE-STRE-0132.jpg,,,,new,Electronics > Video > Webcams,Computer > Webcams,adult,Composite,4 in,3 in,3 in,0.4 lb,VE-STRE-GRP-006,Webcams,,,,unisex,in_stock,,,,245,82.67 USD,,,txcd_99999999,exclusive,,"US:ALL:Standard:3-5:0.00 USD,US:ALL:Expedited:1-2:9.99 USD",US:ALL:Standard:50.00 USD,
VE-STRE-0133,Coastal 4K Webcam,"The Coastal 4K Webcam from VoltEdge Electronics, crafted in composite, look and sound your best on every call and stream.",https://livgpt.vercel.app/?merchant=voltedge-electronics&product=VE-STRE-0133,VoltEdge Pro,,VE-STRE-0133,https://livgpt.vercel.app/mock-catalog/images/voltedge-electronics/VE-STRE-0133.jpg,,,,new,Electronics > Video > Webcams,Computer > Webcams,adult,Composite,4 in,3 in,3 in,0.41 lb,VE-STRE-GRP-007,Webcams,,,,unisex,in_stock,,,,185,103.13 USD,,,txcd_99999999,exclusive,,"US:ALL:Standard:3-5:0.00 USD,US:ALL:Expedited:1-2:9.99 USD",US:ALL:Standard:50.00 USD,
VE-STRE-0134,Nova USB Microphone,"The Nova USB Microphone from VoltEdge Electronics, crafted in composite, look and sound your best on every call and stream.",https://livgpt.vercel.app/?merchant=voltedge-electronics&product=VE-STRE-0134,Edge Audio,,VE-STRE-0134,https://livgpt.vercel.app/mock-catalog/images/voltedge-electronics/VE-STRE-0134.jpg,,,,new,Electronics > Video > Webcams,Computer > Webcams,adult,Composite,4 in,3 in,3 in,0.38 lb,VE-STRE-GRP-007,Webcams,,,,unisex,in_stock,,,,71,169.31 USD,,,txcd_99999999,exclusive,,"US:ALL:Standard:3-5:0.00 USD,US:ALL:Expedited:1-2:9.99 USD",US:ALL:Standard:50.00 USD,
VE-STRE-0135,Minimalist 4K Webcam,"The Minimalist 4K Webcam from VoltEdge Electronics, crafted in composite, look and sound your best on every call and stream.",https://livgpt.vercel.app/?merchant=voltedge-electronics&product=VE-STRE-0135,VoltEdge Pro,,VE-STRE-0135,https://livgpt.vercel.app/mock-catalog/images/voltedge-electronics/VE-STRE-0135.jpg,,,,new,Electronics > Video > Webcams,Computer > Webcams,adult,Composite,4 in,3 in,3 in,0.36 lb,VE-STRE-GRP-008,Webcams,,,,unisex,in_stock,,,,170,176.52 USD,,,txcd_99999999,exclusive,,"US:ALL:Standard:3-5:0.00 USD,US:ALL:Expedited:1-2:9.99 USD",US:ALL:Standard:50.00 USD,
VE-CABL-0136,Luxe Charging Dock – Navy,"The Luxe Charging Dock from VoltEdge Electronics, crafted in braided nylon, reliable, fast connections for all your devices. Shown in Navy.",https://livgpt.vercel.app/?merchant=voltedge-electronics&product=VE-CABL-0136,Edge Audio,,VE-CABL-0136,https://livgpt.vercel.app/mock-catalog/images/voltedge-electronics/VE-CABL-0136.jpg,,,,new,Electronics > Electronics Accessories > Cables,Accessories > Cables,adult,Braided Nylon,6 in,4 in,1 in,0.29 lb,VE-CABL-GRP-001,Cables,Navy,,,unisex,in_stock,,,,195,34.29 USD,25.81 USD,2026-07-01/2026-12-31,txcd_99999999,exclusive,,"US:ALL:Standard:3-5:0.00 USD,US:ALL:Expedited:1-2:9.99 USD",US:ALL:Standard:50.00 USD,
VE-CABL-0137,Everyday Charging Dock – Terracotta,"The Everyday Charging Dock from VoltEdge Electronics, crafted in braided nylon, reliable, fast connections for all your devices. Shown in Terracotta.",https://livgpt.vercel.app/?merchant=voltedge-electronics&product=VE-CABL-0137,VoltEdge,,VE-CABL-0137,https://livgpt.vercel.app/mock-catalog/images/voltedge-electronics/VE-CABL-0137.jpg,,,,new,Electronics > Electronics Accessories > Cables,Accessories > Cables,adult,Braided Nylon,6 in,4 in,1 in,0.28 lb,VE-CABL-GRP-001,Cables,Terracotta,,,unisex,in_stock,,,,101,28.73 USD,,,txcd_99999999,exclusive,,"US:ALL:Standard:3-5:0.00 USD,US:ALL:Expedited:1-2:9.99 USD",US:ALL:Standard:50.00 USD,
VE-CABL-0138,Featherlight USB-C Cable 3-Pack – Charcoal,"The Featherlight USB-C Cable 3-Pack from VoltEdge Electronics, crafted in braided nylon, reliable, fast connections for all your devices. Shown in Charcoal.",https://livgpt.vercel.app/?merchant=voltedge-electronics&product=VE-CABL-0138,VoltEdge,,VE-CABL-0138,https://livgpt.vercel.app/mock-catalog/images/voltedge-electronics/VE-CABL-0138.jpg,,,,new,Electronics > Electronics Accessories > Cables,Accessories > Cables,adult,Braided Nylon,6 in,4 in,1 in,0.31 lb,VE-CABL-GRP-002,Cables,Charcoal,,,unisex,in_stock,,,,167,27.67 USD,,,txcd_99999999,exclusive,,"US:ALL:Standard:3-5:0.00 USD,US:ALL:Expedited:1-2:9.99 USD",US:ALL:Standard:50.00 USD,
VE-CABL-0139,Minimalist USB-C Hub – Forest Green,"The Minimalist USB-C Hub from VoltEdge Electronics, crafted in braided nylon, reliable, fast connections for all your devices. Shown in Forest Green.",https://livgpt.vercel.app/?merchant=voltedge-electronics&product=VE-CABL-0139,Edge Audio,,VE-CABL-0139,https://livgpt.vercel.app/mock-catalog/images/voltedge-electronics/VE-CABL-0139.jpg,,,,new,Electronics > Electronics Accessories > Cables,Accessories > Cables,adult,Braided Nylon,6 in,4 in,1 in,0.32 lb,VE-CABL-GRP-002,Cables,Forest Green,,,unisex,in_stock,,,,18,28.67 USD,,,txcd_99999999,exclusive,,"US:ALL:Standard:3-5:0.00 USD,US:ALL:Expedited:1-2:9.99 USD",US:ALL:Standard:50.00 USD,
VE-CABL-0140,Signature USB-C Hub – Olive,"The Signature USB-C Hub from VoltEdge Electronics, crafted in braided nylon, reliable, fast connections for all your devices. Shown in Olive.",https://livgpt.vercel.app/?merchant=voltedge-electronics&product=VE-CABL-0140,VoltEdge Pro,,VE-CABL-0140,https://livgpt.vercel.app/mock-catalog/images/voltedge-electronics/VE-CABL-0140.jpg,,,,new,Electronics > Electronics Accessories > Cables,Accessories > Cables,adult,Braided Nylon,6 in,4 in,1 in,0.32 lb,VE-CABL-GRP-003,Cables,Olive,,,unisex,in_stock,,,,210,35.99 USD,,,txcd_99999999,exclusive,,"US:ALL:Standard:3-5:0.00 USD,US:ALL:Expedited:1-2:9.99 USD",US:ALL:Standard:50.00 USD,
VE-CABL-0141,Pro USB-C Cable 3-Pack – Cream,"The Pro USB-C Cable 3-Pack from VoltEdge Electronics, crafted in braided nylon, reliable, fast connections for all your devices. Shown in Cream.",https://livgpt.vercel.app/?merchant=voltedge-electronics&product=VE-CABL-0141,VoltEdge Pro,,VE-CABL-0141,https://livgpt.vercel.app/mock-catalog/images/voltedge-electronics/VE-CABL-0141.jpg,,,,new,Electronics > Electronics Accessories > Cables,Accessories > Cables,adult,Braided Nylon,6 in,4 in,1 in,0.3 lb,VE-CABL-GRP-003,Cables,Cream,,,unisex,in_stock,,,,130,23.49 USD,,,txcd_99999999,exclusive,,"US:ALL:Standard:3-5:0.00 USD,US:ALL:Expedited:1-2:9.99 USD",US:ALL:Standard:50.00 USD,
VE-CABL-0142,Coastal Charging Dock – Olive,"The Coastal Charging Dock from VoltEdge Electronics, crafted in braided nylon, reliable, fast connections for all your devices. Shown in Olive.",https://livgpt.vercel.app/?merchant=voltedge-electronics&product=VE-CABL-0142,VoltEdge Pro,,VE-CABL-0142,https://livgpt.vercel.app/mock-catalog/images/voltedge-electronics/VE-CABL-0142.jpg,,,,new,Electronics > Electronics Accessories > Cables,Accessories > Cables,adult,Braided Nylon,6 in,4 in,1 in,0.31 lb,VE-CABL-GRP-004,Cables,Olive,,,unisex,in_stock,,,,120,35.43 USD,,,txcd_99999999,exclusive,,"US:ALL:Standard:3-5:0.00 USD,US:ALL:Expedited:1-2:9.99 USD",US:ALL:Standard:50.00 USD,
VE-CABL-0143,Minimalist Charging Dock – Black,"The Minimalist Charging Dock from VoltEdge Electronics, crafted in braided nylon, reliable, fast connections for all your devices. Shown in Black.",https://livgpt.vercel.app/?merchant=voltedge-electronics&product=VE-CABL-0143,VoltEdge,,VE-CABL-0143,https://livgpt.vercel.app/mock-catalog/images/voltedge-electronics/VE-CABL-0143.jpg,,,,new,Electronics > Electronics Accessories > Cables,Accessories > Cables,adult,Braided Nylon,6 in,4 in,1 in,0.32 lb,VE-CABL-GRP-004,Cables,Black,,,unisex,in_stock,,,,128,11.38 USD,,,txcd_99999999,exclusive,,"US:ALL:Standard:3-5:0.00 USD,US:ALL:Expedited:1-2:9.99 USD",US:ALL:Standard:50.00 USD,
VE-CABL-0144,Essential HDMI Cable – Navy,"The Essential HDMI Cable from VoltEdge Electronics, crafted in braided nylon, reliable, fast connections for all your devices. Shown in Navy.",https://livgpt.vercel.app/?merchant=voltedge-electronics&product=VE-CABL-0144,VoltEdge Pro,,VE-CABL-0144,https://livgpt.vercel.app/mock-catalog/images/voltedge-electronics/VE-CABL-0144.jpg,,,,new,Electronics > Electronics Accessories > Cables,Accessories > Cables,adult,Braided Nylon,6 in,4 in,1 in,0.27 lb,VE-CABL-GRP-005,Cables,Navy,,,unisex,in_stock,,,,145,20.31 USD,18.67 USD,2026-07-01/2026-12-31,txcd_99999999,exclusive,,"US:ALL:Standard:3-5:0.00 USD,US:ALL:Expedited:1-2:9.99 USD",US:ALL:Standard:50.00 USD,
VE-CABL-0145,Heritage HDMI Cable – Forest Green,"The Heritage HDMI Cable from VoltEdge Electronics, crafted in braided nylon, reliable, fast connections for all your devices. Shown in Forest Green.",https://livgpt.vercel.app/?merchant=voltedge-electronics&product=VE-CABL-0145,Edge Audio,,VE-CABL-0145,https://livgpt.vercel.app/mock-catalog/images/voltedge-electronics/VE-CABL-0145.jpg,,,,new,Electronics > Electronics Accessories > Cables,Accessories > Cables,adult,Braided Nylon,6 in,4 in,1 in,0.29 lb,VE-CABL-GRP-005,Cables,Forest Green,,,unisex,in_stock,,,,206,24.26 USD,19.79 USD,2026-07-01/2026-12-31,txcd_99999999,exclusive,,"US:ALL:Standard:3-5:0.00 USD,US:ALL:Expedited:1-2:9.99 USD",US:ALL:Standard:50.00 USD,
VE-CABL-0146,Trail Charging Dock – Forest Green,"The Trail Charging Dock from VoltEdge Electronics, crafted in braided nylon, reliable, fast connections for all your devices. Shown in Forest Green.",https://livgpt.vercel.app/?merchant=voltedge-electronics&product=VE-CABL-0146,Edge Audio,,VE-CABL-0146,https://livgpt.vercel.app/mock-catalog/images/voltedge-electronics/VE-CABL-0146.jpg,,,,new,Electronics > Electronics Accessories > Cables,Accessories > Cables,adult,Braided Nylon,6 in,4 in,1 in,0.27 lb,VE-CABL-GRP-006,Cables,Forest Green,,,unisex,in_stock,,,,168,16.09 USD,13.61 USD,2026-07-01/2026-12-31,txcd_99999999,exclusive,,"US:ALL:Standard:3-5:0.00 USD,US:ALL:Expedited:1-2:9.99 USD",US:ALL:Standard:50.00 USD,
VE-CABL-0147,Heritage Charging Dock – Forest Green,"The Heritage Charging Dock from VoltEdge Electronics, crafted in braided nylon, reliable, fast connections for all your devices. Shown in Forest Green.",https://livgpt.vercel.app/?merchant=voltedge-electronics&product=VE-CABL-0147,VoltEdge,,VE-CABL-0147,https://livgpt.vercel.app/mock-catalog/images/voltedge-electronics/VE-CABL-0147.jpg,,,,new,Electronics > Electronics Accessories > Cables,Accessories > Cables,adult,Braided Nylon,6 in,4 in,1 in,0.32 lb,VE-CABL-GRP-006,Cables,Forest Green,,,unisex,in_stock,,,,200,20.78 USD,18.47 USD,2026-07-01/2026-12-31,txcd_99999999,exclusive,,"US:ALL:Standard:3-5:0.00 USD,US:ALL:Expedited:1-2:9.99 USD",US:ALL:Standard:50.00 USD,
VE-CABL-0148,Coastal USB-C Cable 3-Pack – Sky Blue,"The Coastal USB-C Cable 3-Pack from VoltEdge Electronics, crafted in braided nylon, reliable, fast connections for all your devices. Shown in Sky Blue.",https://livgpt.vercel.app/?merchant=voltedge-electronics&product=VE-CABL-0148,VoltEdge Pro,,VE-CABL-0148,https://livgpt.vercel.app/mock-catalog/images/voltedge-electronics/VE-CABL-0148.jpg,,,,new,Electronics > Electronics Accessories > Cables,Accessories > Cables,adult,Braided Nylon,6 in,4 in,1 in,0.27 lb,VE-CABL-GRP-007,Cables,Sky Blue,,,unisex,in_stock,,,,22,38.34 USD,31.22 USD,2026-07-01/2026-12-31,txcd_99999999,exclusive,,"US:ALL:Standard:3-5:0.00 USD,US:ALL:Expedited:1-2:9.99 USD",US:ALL:Standard:50.00 USD,
VE-CABL-0149,Terra USB-C Cable 3-Pack – Terracotta,"The Terra USB-C Cable 3-Pack from VoltEdge Electronics, crafted in braided nylon, reliable, fast connections for all your devices. Shown in Terracotta.",https://livgpt.vercel.app/?merchant=voltedge-electronics&product=VE-CABL-0149,Edge Audio,,VE-CABL-0149,https://livgpt.vercel.app/mock-catalog/images/voltedge-electronics/VE-CABL-0149.jpg,,,,new,Electronics > Electronics Accessories > Cables,Accessories > Cables,adult,Braided Nylon,6 in,4 in,1 in,0.31 lb,VE-CABL-GRP-007,Cables,Terracotta,,,unisex,in_stock,,,,29,22.82 USD,,,txcd_99999999,exclusive,,"US:ALL:Standard:3-5:0.00 USD,US:ALL:Expedited:1-2:9.99 USD",US:ALL:Standard:50.00 USD,
VE-CABL-0150,Terra USB-C Hub – Forest Green,"The Terra USB-C Hub from VoltEdge Electronics, crafted in braided nylon, reliable, fast connections for all your devices. Shown in Forest Green.",https://livgpt.vercel.app/?merchant=voltedge-electronics&product=VE-CABL-0150,VoltEdge Pro,,VE-CABL-0150,https://livgpt.vercel.app/mock-catalog/images/voltedge-electronics/VE-CABL-0150.jpg,,,,new,Electronics > Electronics Accessories > Cables,Accessories > Cables,adult,Braided Nylon,6 in,4 in,1 in,0.32 lb,VE-CABL-GRP-008,Cables,Forest Green,,,unisex,in_stock,,,,214,36.76 USD,,,txcd_99999999,exclusive,,"US:ALL:Standard:3-5:0.00 USD,US:ALL:Expedited:1-2:9.99 USD",US:ALL:Standard:50.00 USD,
VE-EARB-0151,Rugged Noise-Cancelling Earbuds – Terracotta,"The Rugged Noise-Cancelling Earbuds from VoltEdge Electronics, crafted in matte polymer, with rich sound, deep bass, and all-day battery. Shown in Terracotta.",https://livgpt.vercel.app/?merchant=voltedge-electronics&product=VE-EARB-0151,VoltEdge,,VE-EARB-0151,https://livgpt.vercel.app/mock-catalog/images/voltedge-electronics/VE-EARB-0151.jpg,,,,new,Electronics > Audio > Audio Components > Headphones,Audio > Earbuds,adult,Matte Polymer,4 in,3 in,2 in,0.36 lb,VE-EARB-GRP-008,Earbuds,Terracotta,,,unisex,in_stock,,,,57,157.85 USD,,,txcd_99999999,exclusive,,"US:ALL:Standard:3-5:0.00 USD,US:ALL:Expedited:1-2:9.99 USD",US:ALL:Standard:50.00 USD,
VE-EARB-0152,Modern Wireless Earbuds – Burgundy,"The Modern Wireless Earbuds from VoltEdge Electronics, crafted in matte polymer, with rich sound, deep bass, and all-day battery. Shown in Burgundy.",https://livgpt.vercel.app/?merchant=voltedge-electronics&product=VE-EARB-0152,VoltEdge Pro,,VE-EARB-0152,https://livgpt.vercel.app/mock-catalog/images/voltedge-electronics/VE-EARB-0152.jpg,,,,new,Electronics > Audio > Audio Components > Headphones,Audio > Earbuds,adult,Matte Polymer,4 in,3 in,2 in,0.44 lb,VE-EARB-GRP-009,Earbuds,Burgundy,,,unisex,in_stock,,,,49,51.34 USD,43.90 USD,2026-07-01/2026-12-31,txcd_99999999,exclusive,,"US:ALL:Standard:3-5:0.00 USD,US:ALL:Expedited:1-2:9.99 USD",US:ALL:Standard:50.00 USD,
VE-EARB-0153,Trail Sport Earbuds – Black,"The Trail Sport Earbuds from VoltEdge Electronics, crafted in matte polymer, with rich sound, deep bass, and all-day battery. Shown in Black.",https://livgpt.vercel.app/?merchant=voltedge-electronics&product=VE-EARB-0153,Edge Audio,,VE-EARB-0153,https://livgpt.vercel.app/mock-catalog/images/voltedge-electronics/VE-EARB-0153.jpg,,,,new,Electronics > Audio > Audio Components > Headphones,Audio > Earbuds,adult,Matte Polymer,4 in,3 in,2 in,0.37 lb,VE-EARB-GRP-009,Earbuds,Black,,,unisex,in_stock,,,,157,150.88 USD,,,txcd_99999999,exclusive,,"US:ALL:Standard:3-5:0.00 USD,US:ALL:Expedited:1-2:9.99 USD",US:ALL:Standard:50.00 USD,
VE-EARB-0154,Coastal Open-Ear Buds – Sand,"The Coastal Open-Ear Buds from VoltEdge Electronics, crafted in matte polymer, with rich sound, deep bass, and all-day battery. Shown in Sand.",https://livgpt.vercel.app/?merchant=voltedge-electronics&product=VE-EARB-0154,Edge Audio,,VE-EARB-0154,https://livgpt.vercel.app/mock-catalog/images/voltedge-electronics/VE-EARB-0154.jpg,,,,new,Electronics > Audio > Audio Components > Headphones,Audio > Earbuds,adult,Matte Polymer,4 in,3 in,2 in,0.39 lb,VE-EARB-GRP-010,Earbuds,Sand,,,unisex,in_stock,,,,198,128.83 USD,111.07 USD,2026-07-01/2026-12-31,txcd_99999999,exclusive,,"US:ALL:Standard:3-5:0.00 USD,US:ALL:Expedited:1-2:9.99 USD",US:ALL:Standard:50.00 USD,
VE-EARB-0155,Aero Open-Ear Buds – White,"The Aero Open-Ear Buds from VoltEdge Electronics, crafted in matte polymer, with rich sound, deep bass, and all-day battery. Shown in White.",https://livgpt.vercel.app/?merchant=voltedge-electronics&product=VE-EARB-0155,VoltEdge,,VE-EARB-0155,https://livgpt.vercel.app/mock-catalog/images/voltedge-electronics/VE-EARB-0155.jpg,,,,new,Electronics > Audio > Audio Components > Headphones,Audio > Earbuds,adult,Matte Polymer,4 in,3 in,2 in,0.38 lb,VE-EARB-GRP-010,Earbuds,White,,,unisex,in_stock,,,,118,74.18 USD,,,txcd_99999999,exclusive,,"US:ALL:Standard:3-5:0.00 USD,US:ALL:Expedited:1-2:9.99 USD",US:ALL:Standard:50.00 USD,
VE-HEAD-0156,Featherlight ANC Headphones – Blush Pink,"The Featherlight ANC Headphones from VoltEdge Electronics, crafted in aluminum & leather, studio-grade sound with plush, all-day comfort. Shown in Blush Pink.",https://livgpt.vercel.app/?merchant=voltedge-electronics&product=VE-HEAD-0156,VoltEdge,,VE-HEAD-0156,https://livgpt.vercel.app/mock-catalog/images/voltedge-electronics/VE-HEAD-0156.jpg,,,,new,Electronics > Audio > Audio Components > Headphones,Audio > Headphones,adult,Aluminum & Leather,8 in,7 in,3 in,0.84 lb,VE-HEAD-GRP-008,Headphones,Blush Pink,,,unisex,in_stock,,,,228,323.41 USD,,,txcd_99999999,exclusive,,"US:ALL:Standard:3-5:0.00 USD,US:ALL:Expedited:1-2:9.99 USD",US:ALL:Standard:50.00 USD,
VE-HEAD-0157,Studio ANC Headphones – Navy,"The Studio ANC Headphones from VoltEdge Electronics, crafted in aluminum & leather, studio-grade sound with plush, all-day comfort. Shown in Navy.",https://livgpt.vercel.app/?merchant=voltedge-electronics&product=VE-HEAD-0157,VoltEdge,,VE-HEAD-0157,https://livgpt.vercel.app/mock-catalog/images/voltedge-electronics/VE-HEAD-0157.jpg,,,,new,Electronics > Audio > Audio Components > Headphones,Audio > Headphones,adult,Aluminum & Leather,8 in,7 in,3 in,0.81 lb,VE-HEAD-GRP-009,Headphones,Navy,,,unisex,in_stock,,,,134,256.20 USD,,,txcd_99999999,exclusive,,"US:ALL:Standard:3-5:0.00 USD,US:ALL:Expedited:1-2:9.99 USD",US:ALL:Standard:50.00 USD,
VE-HEAD-0158,Alpine Over-Ear Headphones – Forest Green,"The Alpine Over-Ear Headphones from VoltEdge Electronics, crafted in aluminum & leather, studio-grade sound with plush, all-day comfort. Shown in Forest Green.",https://livgpt.vercel.app/?merchant=voltedge-electronics&product=VE-HEAD-0158,VoltEdge Pro,,VE-HEAD-0158,https://livgpt.vercel.app/mock-catalog/images/voltedge-electronics/VE-HEAD-0158.jpg,,,,new,Electronics > Audio > Audio Components > Headphones,Audio > Headphones,adult,Aluminum & Leather,8 in,7 in,3 in,0.96 lb,VE-HEAD-GRP-009,Headphones,Forest Green,,,unisex,in_stock,,,,76,262.88 USD,213.43 USD,2026-07-01/2026-12-31,txcd_99999999,exclusive,,"US:ALL:Standard:3-5:0.00 USD,US:ALL:Expedited:1-2:9.99 USD",US:ALL:Standard:50.00 USD,
VE-HEAD-0159,Luxe Studio Headphones – Sand,"The Luxe Studio Headphones from VoltEdge Electronics, crafted in aluminum & leather, studio-grade sound with plush, all-day comfort. Shown in Sand.",https://livgpt.vercel.app/?merchant=voltedge-electronics&product=VE-HEAD-0159,VoltEdge,,VE-HEAD-0159,https://livgpt.vercel.app/mock-catalog/images/voltedge-electronics/VE-HEAD-0159.jpg,,,,new,Electronics > Audio > Audio Components > Headphones,Audio > Headphones,adult,Aluminum & Leather,8 in,7 in,3 in,0.89 lb,VE-HEAD-GRP-010,Headphones,Sand,,,unisex,in_stock,,,,19,153.48 USD,,,txcd_99999999,exclusive,,"US:ALL:Standard:3-5:0.00 USD,US:ALL:Expedited:1-2:9.99 USD",US:ALL:Standard:50.00 USD,
VE-HEAD-0160,Terra Over-Ear Headphones – White,"The Terra Over-Ear Headphones from VoltEdge Electronics, crafted in aluminum & leather, studio-grade sound with plush, all-day comfort. Shown in White.",https://livgpt.vercel.app/?merchant=voltedge-electronics&product=VE-HEAD-0160,VoltEdge,,VE-HEAD-0160,https://livgpt.vercel.app/mock-catalog/images/voltedge-electronics/VE-HEAD-0160.jpg,,,,new,Electronics > Audio > Audio Components > Headphones,Audio > Headphones,adult,Aluminum & Leather,8 in,7 in,3 in,0.9 lb,VE-HEAD-GRP-010,Headphones,White,,,unisex,in_stock,,,,143,80.83 USD,,,txcd_99999999,exclusive,,"US:ALL:Standard:3-5:0.00 USD,US:ALL:Expedited:1-2:9.99 USD",US:ALL:Standard:50.00 USD,
VE-SMAR-0161,Studio Smartwatch – Sand,"The Studio Smartwatch from VoltEdge Electronics, crafted in titanium, track workouts, sleep, and notifications at a glance. Shown in Sand.",https://livgpt.vercel.app/?merchant=voltedge-electronics&product=VE-SMAR-0161,VoltEdge Pro,,VE-SMAR-0161,https://livgpt.vercel.app/mock-catalog/images/voltedge-electronics/VE-SMAR-0161.jpg,,,,new,Electronics > Communications > Telephony > Mobile Phone Accessories > Smart Watches,Wearables > Smartwatches,adult,Titanium,4 in,4 in,3 in,0.59 lb,VE-SMAR-GRP-008,Smartwatches,Sand,,,unisex,in_stock,,,,41,172.06 USD,,,txcd_99999999,exclusive,,"US:ALL:Standard:3-5:0.00 USD,US:ALL:Expedited:1-2:9.99 USD",US:ALL:Standard:50.00 USD,
VE-SMAR-0162,Trail GPS Sport Watch – Black,"The Trail GPS Sport Watch from VoltEdge Electronics, crafted in aluminum, track workouts, sleep, and notifications at a glance. Shown in Black.",https://livgpt.vercel.app/?merchant=voltedge-electronics&product=VE-SMAR-0162,Edge Audio,,VE-SMAR-0162,https://livgpt.vercel.app/mock-catalog/images/voltedge-electronics/VE-SMAR-0162.jpg,,,,new,Electronics > Communications > Telephony > Mobile Phone Accessories > Smart Watches,Wearables > Smartwatches,adult,Aluminum,4 in,4 in,3 in,0.61 lb,VE-SMAR-GRP-009,Smartwatches,Black,,,unisex,in_stock,,,,194,178.74 USD,137.82 USD,2026-07-01/2026-12-31,txcd_99999999,exclusive,,"US:ALL:Standard:3-5:0.00 USD,US:ALL:Expedited:1-2:9.99 USD",US:ALL:Standard:50.00 USD,
VE-SMAR-0163,Studio Fitness Tracker – Cream,"The Studio Fitness Tracker from VoltEdge Electronics, crafted in aluminum, track workouts, sleep, and notifications at a glance. Shown in Cream.",https://livgpt.vercel.app/?merchant=voltedge-electronics&product=VE-SMAR-0163,VoltEdge Pro,,VE-SMAR-0163,https://livgpt.vercel.app/mock-catalog/images/voltedge-electronics/VE-SMAR-0163.jpg,,,,new,Electronics > Communications > Telephony > Mobile Phone Accessories > Smart Watches,Wearables > Smartwatches,adult,Aluminum,4 in,4 in,3 in,0.65 lb,VE-SMAR-GRP-009,Smartwatches,Cream,,,unisex,in_stock,,,,215,270.36 USD,,,txcd_99999999,exclusive,,"US:ALL:Standard:3-5:0.00 USD,US:ALL:Expedited:1-2:9.99 USD",US:ALL:Standard:50.00 USD,
VE-SMAR-0164,Aero GPS Sport Watch – Sky Blue,"The Aero GPS Sport Watch from VoltEdge Electronics, crafted in aluminum, track workouts, sleep, and notifications at a glance. Shown in Sky Blue.",https://livgpt.vercel.app/?merchant=voltedge-electronics&product=VE-SMAR-0164,VoltEdge Pro,,VE-SMAR-0164,https://livgpt.vercel.app/mock-catalog/images/voltedge-electronics/VE-SMAR-0164.jpg,,,,new,Electronics > Communications > Telephony > Mobile Phone Accessories > Smart Watches,Wearables > Smartwatches,adult,Aluminum,4 in,4 in,3 in,0.59 lb,VE-SMAR-GRP-010,Smartwatches,Sky Blue,,,unisex,in_stock,,,,120,177.49 USD,,,txcd_99999999,exclusive,,"US:ALL:Standard:3-5:0.00 USD,US:ALL:Expedited:1-2:9.99 USD",US:ALL:Standard:50.00 USD,
VE-SMAR-0165,Classic Fitness Tracker – Slate Gray,"The Classic Fitness Tracker from VoltEdge Electronics, crafted in aluminum, track workouts, sleep, and notifications at a glance. Shown in Slate Gray.",https://livgpt.vercel.app/?merchant=voltedge-electronics&product=VE-SMAR-0165,VoltEdge,,VE-SMAR-0165,https://livgpt.vercel.app/mock-catalog/images/voltedge-electronics/VE-SMAR-0165.jpg,,,,new,Electronics > Communications > Telephony > Mobile Phone Accessories > Smart Watches,Wearables > Smartwatches,adult,Aluminum,4 in,4 in,3 in,0.61 lb,VE-SMAR-GRP-010,Smartwatches,Slate Gray,,,unisex,in_stock,,,,67,356.55 USD,290.50 USD,2026-07-01/2026-12-31,txcd_99999999,exclusive,,"US:ALL:Standard:3-5:0.00 USD,US:ALL:Expedited:1-2:9.99 USD",US:ALL:Standard:50.00 USD,
VE-SPEA-0166,Heritage Bluetooth Speaker – Slate Gray,"The Heritage Bluetooth Speaker from VoltEdge Electronics, crafted in rugged fabric, big, room-filling sound that travels anywhere. Shown in Slate Gray.",https://livgpt.vercel.app/?merchant=voltedge-electronics&product=VE-SPEA-0166,VoltEdge,,VE-SPEA-0166,https://livgpt.vercel.app/mock-catalog/images/voltedge-electronics/VE-SPEA-0166.jpg,,,,new,Electronics > Audio > Audio Players & Recorders,Audio > Speakers,adult,Rugged Fabric,8 in,5 in,5 in,2.08 lb,VE-SPEA-GRP-008,Speakers,Slate Gray,,,unisex,in_stock,,,,69,226.82 USD,173.25 USD,2026-07-01/2026-12-31,txcd_99999999,exclusive,,"US:ALL:Standard:3-5:0.00 USD,US:ALL:Expedited:1-2:9.99 USD",US:ALL:Standard:50.00 USD,
VE-SPEA-0167,Rugged Mini Speaker – Navy,"The Rugged Mini Speaker from VoltEdge Electronics, crafted in rugged fabric, big, room-filling sound that travels anywhere. Shown in Navy.",https://livgpt.vercel.app/?merchant=voltedge-electronics&product=VE-SPEA-0167,VoltEdge Pro,,VE-SPEA-0167,https://livgpt.vercel.app/mock-catalog/images/voltedge-electronics/VE-SPEA-0167.jpg,,,,new,Electronics > Audio > Audio Players & Recorders,Audio > Speakers,adult,Rugged Fabric,8 in,5 in,5 in,2.18 lb,VE-SPEA-GRP-009,Speakers,Navy,,,unisex,in_stock,,,,164,116.21 USD,,,txcd_99999999,exclusive,,"US:ALL:Standard:3-5:0.00 USD,US:ALL:Expedited:1-2:9.99 USD",US:ALL:Standard:50.00 USD,
VE-SPEA-0168,Everyday Bluetooth Speaker – Charcoal,"The Everyday Bluetooth Speaker from VoltEdge Electronics, crafted in rugged fabric, big, room-filling sound that travels anywhere. Shown in Charcoal.",https://livgpt.vercel.app/?merchant=voltedge-electronics&product=VE-SPEA-0168,Edge Audio,,VE-SPEA-0168,https://livgpt.vercel.app/mock-catalog/images/voltedge-electronics/VE-SPEA-0168.jpg,,,,new,Electronics > Audio > Audio Players & Recorders,Audio > Speakers,adult,Rugged Fabric,8 in,5 in,5 in,2.12 lb,VE-SPEA-GRP-009,Speakers,Charcoal,,,unisex,in_stock,,,,10,72.84 USD,,,txcd_99999999,exclusive,,"US:ALL:Standard:3-5:0.00 USD,US:ALL:Expedited:1-2:9.99 USD",US:ALL:Standard:50.00 USD,
VE-SPEA-0169,Rugged Party Speaker – Navy,"The Rugged Party Speaker from VoltEdge Electronics, crafted in rugged fabric, big, room-filling sound that travels anywhere. Shown in Navy.",https://livgpt.vercel.app/?merchant=voltedge-electronics&product=VE-SPEA-0169,Edge Audio,,VE-SPEA-0169,https://livgpt.vercel.app/mock-catalog/images/voltedge-electronics/VE-SPEA-0169.jpg,,,,new,Electronics > Audio > Audio Players & Recorders,Audio > Speakers,adult,Rugged Fabric,8 in,5 in,5 in,1.94 lb,VE-SPEA-GRP-010,Speakers,Navy,,,unisex,in_stock,,,,110,85.00 USD,,,txcd_99999999,exclusive,,"US:ALL:Standard:3-5:0.00 USD,US:ALL:Expedited:1-2:9.99 USD",US:ALL:Standard:50.00 USD,
VE-SPEA-0170,Luxe Bluetooth Speaker – Cream,"The Luxe Bluetooth Speaker from VoltEdge Electronics, crafted in rugged fabric, big, room-filling sound that travels anywhere. Shown in Cream.",https://livgpt.vercel.app/?merchant=voltedge-electronics&product=VE-SPEA-0170,Edge Audio,,VE-SPEA-0170,https://livgpt.vercel.app/mock-catalog/images/voltedge-electronics/VE-SPEA-0170.jpg,,,,new,Electronics > Audio > Audio Players & Recorders,Audio > Speakers,adult,Rugged Fabric,8 in,5 in,5 in,2.16 lb,VE-SPEA-GRP-010,Speakers,Cream,,,unisex,in_stock,,,,176,245.35 USD,185.11 USD,2026-07-01/2026-12-31,txcd_99999999,exclusive,,"US:ALL:Standard:3-5:0.00 USD,US:ALL:Expedited:1-2:9.99 USD",US:ALL:Standard:50.00 USD,
VE-PHON-0171,Trail Phone Case – Olive,"The Trail Phone Case from VoltEdge Electronics, crafted in silicone, everyday protection and effortless charging. Shown in Olive.",https://livgpt.vercel.app/?merchant=voltedge-electronics&product=VE-PHON-0171,VoltEdge Pro,,VE-PHON-0171,https://livgpt.vercel.app/mock-catalog/images/voltedge-electronics/VE-PHON-0171.jpg,,,,new,Electronics > Communications > Telephony > Mobile Phone Accessories,Accessories > Phone,adult,Silicone,6 in,3 in,1 in,0.21 lb,VE-PHON-GRP-008,Phone,Olive,,,unisex,in_stock,,,,242,31.41 USD,,,txcd_99999999,exclusive,,"US:ALL:Standard:3-5:0.00 USD,US:ALL:Expedited:1-2:9.99 USD",US:ALL:Standard:50.00 USD,
VE-PHON-0172,Signature Phone Case – Sky Blue,"The Signature Phone Case from VoltEdge Electronics, crafted in silicone, everyday protection and effortless charging. Shown in Sky Blue.",https://livgpt.vercel.app/?merchant=voltedge-electronics&product=VE-PHON-0172,VoltEdge Pro,,VE-PHON-0172,https://livgpt.vercel.app/mock-catalog/images/voltedge-electronics/VE-PHON-0172.jpg,,,,new,Electronics > Communications > Telephony > Mobile Phone Accessories,Accessories > Phone,adult,Silicone,6 in,3 in,1 in,0.2 lb,VE-PHON-GRP-009,Phone,Sky Blue,,,unisex,in_stock,,,,109,62.45 USD,,,txcd_99999999,exclusive,,"US:ALL:Standard:3-5:0.00 USD,US:ALL:Expedited:1-2:9.99 USD",US:ALL:Standard:50.00 USD,
VE-PHON-0173,Nova Phone Case – Olive,"The Nova Phone Case from VoltEdge Electronics, crafted in aramid fiber, everyday protection and effortless charging. Shown in Olive.",https://livgpt.vercel.app/?merchant=voltedge-electronics&product=VE-PHON-0173,VoltEdge Pro,,VE-PHON-0173,https://livgpt.vercel.app/mock-catalog/images/voltedge-electronics/VE-PHON-0173.jpg,,,,new,Electronics > Communications > Telephony > Mobile Phone Accessories,Accessories > Phone,adult,Aramid Fiber,6 in,3 in,1 in,0.19 lb,VE-PHON-GRP-009,Phone,Olive,,,unisex,in_stock,,,,74,41.81 USD,,,txcd_99999999,exclusive,,"US:ALL:Standard:3-5:0.00 USD,US:ALL:Expedited:1-2:9.99 USD",US:ALL:Standard:50.00 USD,
VE-PHON-0174,Rugged Car Mount – Sky Blue,"The Rugged Car Mount from VoltEdge Electronics, crafted in aramid fiber, everyday protection and effortless charging. Shown in Sky Blue.",https://livgpt.vercel.app/?merchant=voltedge-electronics&product=VE-PHON-0174,VoltEdge,,VE-PHON-0174,https://livgpt.vercel.app/mock-catalog/images/voltedge-electronics/VE-PHON-0174.jpg,,,,new,Electronics > Communications > Telephony > Mobile Phone Accessories,Accessories > Phone,adult,Aramid Fiber,6 in,3 in,1 in,0.2 lb,VE-PHON-GRP-010,Phone,Sky Blue,,,unisex,in_stock,,,,147,20.25 USD,18.40 USD,2026-07-01/2026-12-31,txcd_99999999,exclusive,,"US:ALL:Standard:3-5:0.00 USD,US:ALL:Expedited:1-2:9.99 USD",US:ALL:Standard:50.00 USD,
VE-PHON-0175,Studio Phone Case – White,"The Studio Phone Case from VoltEdge Electronics, crafted in aramid fiber, everyday protection and effortless charging. Shown in White.",https://livgpt.vercel.app/?merchant=voltedge-electronics&product=VE-PHON-0175,Edge Audio,,VE-PHON-0175,https://livgpt.vercel.app/mock-catalog/images/voltedge-electronics/VE-PHON-0175.jpg,,,,new,Electronics > Communications > Telephony > Mobile Phone Accessories,Accessories > Phone,adult,Aramid Fiber,6 in,3 in,1 in,0.19 lb,VE-PHON-GRP-010,Phone,White,,,unisex,in_stock,,,,183,26.98 USD,,,txcd_99999999,exclusive,,"US:ALL:Standard:3-5:0.00 USD,US:ALL:Expedited:1-2:9.99 USD",US:ALL:Standard:50.00 USD,
VE-TECH-0176,Luxe Sling Bag – Sky Blue,"The Luxe Sling Bag from VoltEdge Electronics, crafted in ballistic nylon, padded, secure storage for your laptop and daily carry. Shown in Sky Blue.",https://livgpt.vercel.app/?merchant=voltedge-electronics&product=VE-TECH-0176,VoltEdge Pro,,VE-TECH-0176,https://livgpt.vercel.app/mock-catalog/images/voltedge-electronics/VE-TECH-0176.jpg,,,,new,Luggage & Bags > Backpacks,Bags > Tech Backpacks,adult,Ballistic Nylon,20 in,13 in,8 in,2.81 lb,VE-TECH-GRP-008,Tech Backpacks,Sky Blue,,,unisex,in_stock,,,,24,134.78 USD,,,txcd_99999999,exclusive,,"US:ALL:Standard:3-5:0.00 USD,US:ALL:Expedited:1-2:9.99 USD",US:ALL:Standard:50.00 USD,
VE-TECH-0177,Featherlight Laptop Backpack – Olive,"The Featherlight Laptop Backpack from VoltEdge Electronics, crafted in ballistic nylon, padded, secure storage for your laptop and daily carry. Shown in Olive.",https://livgpt.vercel.app/?merchant=voltedge-electronics&product=VE-TECH-0177,VoltEdge,,VE-TECH-0177,https://livgpt.vercel.app/mock-catalog/images/voltedge-electronics/VE-TECH-0177.jpg,,,,new,Luggage & Bags > Backpacks,Bags > Tech Backpacks,adult,Ballistic Nylon,20 in,13 in,8 in,2.57 lb,VE-TECH-GRP-009,Tech Backpacks,Olive,,,unisex,in_stock,,,,208,170.42 USD,,,txcd_99999999,exclusive,,"US:ALL:Standard:3-5:0.00 USD,US:ALL:Expedited:1-2:9.99 USD",US:ALL:Standard:50.00 USD,
VE-TECH-0178,Aero Sling Bag – Blush Pink,"The Aero Sling Bag from VoltEdge Electronics, crafted in ballistic nylon, padded, secure storage for your laptop and daily carry. Shown in Blush Pink.",https://livgpt.vercel.app/?merchant=voltedge-electronics&product=VE-TECH-0178,Edge Audio,,VE-TECH-0178,https://livgpt.vercel.app/mock-catalog/images/voltedge-electronics/VE-TECH-0178.jpg,,,,new,Luggage & Bags > Backpacks,Bags > Tech Backpacks,adult,Ballistic Nylon,20 in,13 in,8 in,2.52 lb,VE-TECH-GRP-009,Tech Backpacks,Blush Pink,,,unisex,in_stock,,,,250,108.84 USD,,,txcd_99999999,exclusive,,"US:ALL:Standard:3-5:0.00 USD,US:ALL:Expedited:1-2:9.99 USD",US:ALL:Standard:50.00 USD,
VE-TECH-0179,Minimalist Sling Bag – Olive,"The Minimalist Sling Bag from VoltEdge Electronics, crafted in ballistic nylon, padded, secure storage for your laptop and daily carry. Shown in Olive.",https://livgpt.vercel.app/?merchant=voltedge-electronics&product=VE-TECH-0179,Edge Audio,,VE-TECH-0179,https://livgpt.vercel.app/mock-catalog/images/voltedge-electronics/VE-TECH-0179.jpg,,,,new,Luggage & Bags > Backpacks,Bags > Tech Backpacks,adult,Ballistic Nylon,20 in,13 in,8 in,2.68 lb,VE-TECH-GRP-010,Tech Backpacks,Olive,,,unisex,in_stock,,,,56,138.25 USD,,,txcd_99999999,exclusive,,"US:ALL:Standard:3-5:0.00 USD,US:ALL:Expedited:1-2:9.99 USD",US:ALL:Standard:50.00 USD,
VE-TECH-0180,Alpine Anti-Theft Backpack – Forest Green,"The Alpine Anti-Theft Backpack from VoltEdge Electronics, crafted in ballistic nylon, padded, secure storage for your laptop and daily carry. Shown in Forest Green.",https://livgpt.vercel.app/?merchant=voltedge-electronics&product=VE-TECH-0180,VoltEdge Pro,,VE-TECH-0180,https://livgpt.vercel.app/mock-catalog/images/voltedge-electronics/VE-TECH-0180.jpg,,,,new,Luggage & Bags > Backpacks,Bags > Tech Backpacks,adult,Ballistic Nylon,20 in,13 in,8 in,2.83 lb,VE-TECH-GRP-010,Tech Backpacks,Forest Green,,,unisex,in_stock,,,,225,91.96 USD,,,txcd_99999999,exclusive,,"US:ALL:Standard:3-5:0.00 USD,US:ALL:Expedited:1-2:9.99 USD",US:ALL:Standard:50.00 USD,
VE-POWE-0181,Pro 20K Power Bank – Black,"The Pro 20K Power Bank from VoltEdge Electronics, crafted in aluminum, fast-charge your devices anywhere, all day. Shown in Black.",https://livgpt.vercel.app/?merchant=voltedge-electronics&product=VE-POWE-0181,VoltEdge Pro,,VE-POWE-0181,https://livgpt.vercel.app/mock-catalog/images/voltedge-electronics/VE-POWE-0181.jpg,,,,new,Electronics > Electronics Accessories > Power > Batteries,Power > Power Banks,adult,Aluminum,5 in,3 in,1 in,0.65 lb,VE-POWE-GRP-008,Power Banks,Black,,,unisex,in_stock,,,,10,24.12 USD,,,txcd_99999999,exclusive,,"US:ALL:Standard:3-5:0.00 USD,US:ALL:Expedited:1-2:9.99 USD",US:ALL:Standard:50.00 USD,
VE-POWE-0182,Studio MagSafe Power Bank – Cream,"The Studio MagSafe Power Bank from VoltEdge Electronics, crafted in aluminum, fast-charge your devices anywhere, all day. Shown in Cream.",https://livgpt.vercel.app/?merchant=voltedge-electronics&product=VE-POWE-0182,Edge Audio,,VE-POWE-0182,https://livgpt.vercel.app/mock-catalog/images/voltedge-electronics/VE-POWE-0182.jpg,,,,new,Electronics > Electronics Accessories > Power > Batteries,Power > Power Banks,adult,Aluminum,5 in,3 in,1 in,0.72 lb,VE-POWE-GRP-009,Power Banks,Cream,,,unisex,in_stock,,,,225,37.41 USD,,,txcd_99999999,exclusive,,"US:ALL:Standard:3-5:0.00 USD,US:ALL:Expedited:1-2:9.99 USD",US:ALL:Standard:50.00 USD,
VE-POWE-0183,Signature 20K Power Bank – Navy,"The Signature 20K Power Bank from VoltEdge Electronics, crafted in aluminum, fast-charge your devices anywhere, all day. Shown in Navy.",https://livgpt.vercel.app/?merchant=voltedge-electronics&product=VE-POWE-0183,VoltEdge,,VE-POWE-0183,https://livgpt.vercel.app/mock-catalog/images/voltedge-electronics/VE-POWE-0183.jpg,,,,new,Electronics > Electronics Accessories > Power > Batteries,Power > Power Banks,adult,Aluminum,5 in,3 in,1 in,0.63 lb,VE-POWE-GRP-009,Power Banks,Navy,,,unisex,in_stock,,,,102,78.81 USD,,,txcd_99999999,exclusive,,"US:ALL:Standard:3-5:0.00 USD,US:ALL:Expedited:1-2:9.99 USD",US:ALL:Standard:50.00 USD,
VE-POWE-0184,Minimalist 20K Power Bank – Black,"The Minimalist 20K Power Bank from VoltEdge Electronics, crafted in aluminum, fast-charge your devices anywhere, all day. Shown in Black.",https://livgpt.vercel.app/?merchant=voltedge-electronics&product=VE-POWE-0184,Edge Audio,,VE-POWE-0184,https://livgpt.vercel.app/mock-catalog/images/voltedge-electronics/VE-POWE-0184.jpg,,,,new,Electronics > Electronics Accessories > Power > Batteries,Power > Power Banks,adult,Aluminum,5 in,3 in,1 in,0.71 lb,VE-POWE-GRP-010,Power Banks,Black,,,unisex,in_stock,,,,54,45.74 USD,,,txcd_99999999,exclusive,,"US:ALL:Standard:3-5:0.00 USD,US:ALL:Expedited:1-2:9.99 USD",US:ALL:Standard:50.00 USD,
VE-POWE-0185,Rugged 10K Power Bank – Blush Pink,"The Rugged 10K Power Bank from VoltEdge Electronics, crafted in aluminum, fast-charge your devices anywhere, all day. Shown in Blush Pink.",https://livgpt.vercel.app/?merchant=voltedge-electronics&product=VE-POWE-0185,Edge Audio,,VE-POWE-0185,https://livgpt.vercel.app/mock-catalog/images/voltedge-electronics/VE-POWE-0185.jpg,,,,new,Electronics > Electronics Accessories > Power > Batteries,Power > Power Banks,adult,Aluminum,5 in,3 in,1 in,0.71 lb,VE-POWE-GRP-010,Power Banks,Blush Pink,,,unisex,in_stock,,,,249,38.11 USD,33.38 USD,2026-07-01/2026-12-31,txcd_99999999,exclusive,,"US:ALL:Standard:3-5:0.00 USD,US:ALL:Expedited:1-2:9.99 USD",US:ALL:Standard:50.00 USD,
VE-KEYB-0186,Alpine Keyboard & Mouse Combo – Olive,"The Alpine Keyboard & Mouse Combo from VoltEdge Electronics, crafted in aluminum & abs, a satisfying, responsive upgrade for your desk. Shown in Olive.",https://livgpt.vercel.app/?merchant=voltedge-electronics&product=VE-KEYB-0186,Edge Audio,,VE-KEYB-0186,https://livgpt.vercel.app/mock-catalog/images/voltedge-electronics/VE-KEYB-0186.jpg,,,,new,Electronics > Computers > Computer Accessories,Computer > Input Devices,adult,Aluminum & ABS,8 in,6 in,4 in,0.92 lb,VE-KEYB-GRP-008,Input Devices,Olive,,,unisex,in_stock,,,,197,32.69 USD,,,txcd_99999999,exclusive,,"US:ALL:Standard:3-5:0.00 USD,US:ALL:Expedited:1-2:9.99 USD",US:ALL:Standard:50.00 USD,
VE-KEYB-0187,Modern Mechanical Keyboard – White,"The Modern Mechanical Keyboard from VoltEdge Electronics, crafted in aluminum & abs, a satisfying, responsive upgrade for your desk. Shown in White.",https://livgpt.vercel.app/?merchant=voltedge-electronics&product=VE-KEYB-0187,VoltEdge Pro,,VE-KEYB-0187,https://livgpt.vercel.app/mock-catalog/images/voltedge-electronics/VE-KEYB-0187.jpg,,,,new,Electronics > Computers > Computer Accessories,Computer > Input Devices,adult,Aluminum & ABS,8 in,6 in,4 in,0.99 lb,VE-KEYB-GRP-009,Input Devices,White,,,unisex,in_stock,,,,166,96.07 USD,84.37 USD,2026-07-01/2026-12-31,txcd_99999999,exclusive,,"US:ALL:Standard:3-5:0.00 USD,US:ALL:Expedited:1-2:9.99 USD",US:ALL:Standard:50.00 USD,
VE-KEYB-0188,Coastal Wireless Mouse – Sky Blue,"The Coastal Wireless Mouse from VoltEdge Electronics, crafted in aluminum & abs, a satisfying, responsive upgrade for your desk. Shown in Sky Blue.",https://livgpt.vercel.app/?merchant=voltedge-electronics&product=VE-KEYB-0188,VoltEdge Pro,,VE-KEYB-0188,https://livgpt.vercel.app/mock-catalog/images/voltedge-electronics/VE-KEYB-0188.jpg,,,,new,Electronics > Computers > Computer Accessories,Computer > Input Devices,adult,Aluminum & ABS,8 in,6 in,4 in,0.91 lb,VE-KEYB-GRP-009,Input Devices,Sky Blue,,,unisex,in_stock,,,,249,84.88 USD,,,txcd_99999999,exclusive,,"US:ALL:Standard:3-5:0.00 USD,US:ALL:Expedited:1-2:9.99 USD",US:ALL:Standard:50.00 USD,
VE-KEYB-0189,Terra Mechanical Keyboard – Sand,"The Terra Mechanical Keyboard from VoltEdge Electronics, crafted in aluminum & abs, a satisfying, responsive upgrade for your desk. Shown in Sand.",https://livgpt.vercel.app/?merchant=voltedge-electronics&product=VE-KEYB-0189,VoltEdge Pro,,VE-KEYB-0189,https://livgpt.vercel.app/mock-catalog/images/voltedge-electronics/VE-KEYB-0189.jpg,,,,new,Electronics > Computers > Computer Accessories,Computer > Input Devices,adult,Aluminum & ABS,8 in,6 in,4 in,1.05 lb,VE-KEYB-GRP-010,Input Devices,Sand,,,unisex,in_stock,,,,166,133.22 USD,,,txcd_99999999,exclusive,,"US:ALL:Standard:3-5:0.00 USD,US:ALL:Expedited:1-2:9.99 USD",US:ALL:Standard:50.00 USD,
VE-KEYB-0190,Essential Wireless Mouse – Navy,"The Essential Wireless Mouse from VoltEdge Electronics, crafted in aluminum & abs, a satisfying, responsive upgrade for your desk. Shown in Navy.",https://livgpt.vercel.app/?merchant=voltedge-electronics&product=VE-KEYB-0190,Edge Audio,,VE-KEYB-0190,https://livgpt.vercel.app/mock-catalog/images/voltedge-electronics/VE-KEYB-0190.jpg,,,,new,Electronics > Computers > Computer Accessories,Computer > Input Devices,adult,Aluminum & ABS,8 in,6 in,4 in,0.93 lb,VE-KEYB-GRP-010,Input Devices,Navy,,,unisex,in_stock,,,,200,81.83 USD,,,txcd_99999999,exclusive,,"US:ALL:Standard:3-5:0.00 USD,US:ALL:Expedited:1-2:9.99 USD",US:ALL:Standard:50.00 USD,
VE-STRE-0191,Pro Ring Light,"The Pro Ring Light from VoltEdge Electronics, crafted in composite, look and sound your best on every call and stream.",https://livgpt.vercel.app/?merchant=voltedge-electronics&product=VE-STRE-0191,VoltEdge Pro,,VE-STRE-0191,https://livgpt.vercel.app/mock-catalog/images/voltedge-electronics/VE-STRE-0191.jpg,,,,new,Electronics > Video > Webcams,Computer > Webcams,adult,Composite,4 in,3 in,3 in,0.44 lb,VE-STRE-GRP-008,Webcams,,,,unisex,in_stock,,,,23,173.63 USD,,,txcd_99999999,exclusive,,"US:ALL:Standard:3-5:0.00 USD,US:ALL:Expedited:1-2:9.99 USD",US:ALL:Standard:50.00 USD,
VE-STRE-0192,Luxe USB Microphone,"The Luxe USB Microphone from VoltEdge Electronics, crafted in composite, look and sound your best on every call and stream.",https://livgpt.vercel.app/?merchant=voltedge-electronics&product=VE-STRE-0192,VoltEdge Pro,,VE-STRE-0192,https://livgpt.vercel.app/mock-catalog/images/voltedge-electronics/VE-STRE-0192.jpg,,,,new,Electronics > Video > Webcams,Computer > Webcams,adult,Composite,4 in,3 in,3 in,0.44 lb,VE-STRE-GRP-009,Webcams,,,,unisex,in_stock,,,,154,123.13 USD,,,txcd_99999999,exclusive,,"US:ALL:Standard:3-5:0.00 USD,US:ALL:Expedited:1-2:9.99 USD",US:ALL:Standard:50.00 USD,
VE-STRE-0193,Aero Ring Light,"The Aero Ring Light from VoltEdge Electronics, crafted in composite, look and sound your best on every call and stream.",https://livgpt.vercel.app/?merchant=voltedge-electronics&product=VE-STRE-0193,Edge Audio,,VE-STRE-0193,https://livgpt.vercel.app/mock-catalog/images/voltedge-electronics/VE-STRE-0193.jpg,,,,new,Electronics > Video > Webcams,Computer > Webcams,adult,Composite,4 in,3 in,3 in,0.42 lb,VE-STRE-GRP-009,Webcams,,,,unisex,in_stock,,,,143,59.13 USD,,,txcd_99999999,exclusive,,"US:ALL:Standard:3-5:0.00 USD,US:ALL:Expedited:1-2:9.99 USD",US:ALL:Standard:50.00 USD,
VE-STRE-0194,Everyday 4K Webcam,"The Everyday 4K Webcam from VoltEdge Electronics, crafted in composite, look and sound your best on every call and stream.",https://livgpt.vercel.app/?merchant=voltedge-electronics&product=VE-STRE-0194,VoltEdge,,VE-STRE-0194,https://livgpt.vercel.app/mock-catalog/images/voltedge-electronics/VE-STRE-0194.jpg,,,,new,Electronics > Video > Webcams,Computer > Webcams,adult,Composite,4 in,3 in,3 in,0.4 lb,VE-STRE-GRP-010,Webcams,,,,unisex,in_stock,,,,147,166.76 USD,,,txcd_99999999,exclusive,,"US:ALL:Standard:3-5:0.00 USD,US:ALL:Expedited:1-2:9.99 USD",US:ALL:Standard:50.00 USD,
VE-STRE-0195,Minimalist USB Microphone,"The Minimalist USB Microphone from VoltEdge Electronics, crafted in composite, look and sound your best on every call and stream.",https://livgpt.vercel.app/?merchant=voltedge-electronics&product=VE-STRE-0195,Edge Audio,,VE-STRE-0195,https://livgpt.vercel.app/mock-catalog/images/voltedge-electronics/VE-STRE-0195.jpg,,,,new,Electronics > Video > Webcams,Computer > Webcams,adult,Composite,4 in,3 in,3 in,0.42 lb,VE-STRE-GRP-010,Webcams,,,,unisex,in_stock,,,,43,61.81 USD,,,txcd_99999999,exclusive,,"US:ALL:Standard:3-5:0.00 USD,US:ALL:Expedited:1-2:9.99 USD",US:ALL:Standard:50.00 USD,
VE-CABL-0196,Modern HDMI Cable – White,"The Modern HDMI Cable from VoltEdge Electronics, crafted in braided nylon, reliable, fast connections for all your devices. Shown in White.",https://livgpt.vercel.app/?merchant=voltedge-electronics&product=VE-CABL-0196,VoltEdge Pro,,VE-CABL-0196,https://livgpt.vercel.app/mock-catalog/images/voltedge-electronics/VE-CABL-0196.jpg,,,,new,Electronics > Electronics Accessories > Cables,Accessories > Cables,adult,Braided Nylon,6 in,4 in,1 in,0.29 lb,VE-CABL-GRP-008,Cables,White,,,unisex,in_stock,,,,93,25.69 USD,,,txcd_99999999,exclusive,,"US:ALL:Standard:3-5:0.00 USD,US:ALL:Expedited:1-2:9.99 USD",US:ALL:Standard:50.00 USD,
VE-CABL-0197,Studio Charging Dock – White,"The Studio Charging Dock from VoltEdge Electronics, crafted in braided nylon, reliable, fast connections for all your devices. Shown in White.",https://livgpt.vercel.app/?merchant=voltedge-electronics&product=VE-CABL-0197,Edge Audio,,VE-CABL-0197,https://livgpt.vercel.app/mock-catalog/images/voltedge-electronics/VE-CABL-0197.jpg,,,,new,Electronics > Electronics Accessories > Cables,Accessories > Cables,adult,Braided Nylon,6 in,4 in,1 in,0.33 lb,VE-CABL-GRP-009,Cables,White,,,unisex,in_stock,,,,133,32.79 USD,,,txcd_99999999,exclusive,,"US:ALL:Standard:3-5:0.00 USD,US:ALL:Expedited:1-2:9.99 USD",US:ALL:Standard:50.00 USD,
VE-CABL-0198,Alpine HDMI Cable – Sky Blue,"The Alpine HDMI Cable from VoltEdge Electronics, crafted in braided nylon, reliable, fast connections for all your devices. Shown in Sky Blue.",https://livgpt.vercel.app/?merchant=voltedge-electronics&product=VE-CABL-0198,VoltEdge Pro,,VE-CABL-0198,https://livgpt.vercel.app/mock-catalog/images/voltedge-electronics/VE-CABL-0198.jpg,,,,new,Electronics > Electronics Accessories > Cables,Accessories > Cables,adult,Braided Nylon,6 in,4 in,1 in,0.32 lb,VE-CABL-GRP-009,Cables,Sky Blue,,,unisex,in_stock,,,,123,24.97 USD,21.11 USD,2026-07-01/2026-12-31,txcd_99999999,exclusive,,"US:ALL:Standard:3-5:0.00 USD,US:ALL:Expedited:1-2:9.99 USD",US:ALL:Standard:50.00 USD,
VE-CABL-0199,Featherlight HDMI Cable – Slate Gray,"The Featherlight HDMI Cable from VoltEdge Electronics, crafted in braided nylon, reliable, fast connections for all your devices. Shown in Slate Gray.",https://livgpt.vercel.app/?merchant=voltedge-electronics&product=VE-CABL-0199,Edge Audio,,VE-CABL-0199,https://livgpt.vercel.app/mock-catalog/images/voltedge-electronics/VE-CABL-0199.jpg,,,,new,Electronics > Electronics Accessories > Cables,Accessories > Cables,adult,Braided Nylon,6 in,4 in,1 in,0.27 lb,VE-CABL-GRP-010,Cables,Slate Gray,,,unisex,in_stock,,,,207,32.97 USD,,,txcd_99999999,exclusive,,"US:ALL:Standard:3-5:0.00 USD,US:ALL:Expedited:1-2:9.99 USD",US:ALL:Standard:50.00 USD,
VE-CABL-0200,Classic Charging Dock – Burgundy,"The Classic Charging Dock from VoltEdge Electronics, crafted in braided nylon, reliable, fast connections for all your devices. Shown in Burgundy.",https://livgpt.vercel.app/?merchant=voltedge-electronics&product=VE-CABL-0200,VoltEdge,,VE-CABL-0200,https://livgpt.vercel.app/mock-catalog/images/voltedge-electronics/VE-CABL-0200.jpg,,,,new,Electronics > Electronics Accessories > Cables,Accessories > Cables,adult,Braided Nylon,6 in,4 in,1 in,0.29 lb,VE-CABL-GRP-010,Cables,Burgundy,,,unisex,in_stock,,,,45,38.54 USD,30.97 USD,2026-07-01/2026-12-31,txcd_99999999,exclusive,,"US:ALL:Standard:3-5:0.00 USD,US:ALL:Expedited:1-2:9.99 USD",US:ALL:Standard:50.00 USD,
