id,title,description,link,brand,gtin,mpn,image_link,additional_image_link,video_link,model_3d_link,condition,google_product_category,product_category,age_group,material,length,width,height,weight,item_group_id,item_group_title,color,size,size_system,gender,availability,availability_date,expiration_date,inventory_not_tracked,inventory_quantity,price,sale_price,sale_price_effective_date,stripe_product_tax_code,tax_behavior,applicable_fees,shipping,free_shipping_threshold,delete
LB-SKIN-0001,Rugged Eye Cream,"The Rugged Eye Cream from Lumen Beauty, thoughtfully made, a lightweight formula for visibly healthier skin.",https://livgpt.vercel.app/?merchant=lumen-beauty&product=LB-SKIN-0001,Lumen,,LB-SKIN-0001,https://livgpt.vercel.app/mock-catalog/images/lumen-beauty/LB-SKIN-0001.jpg,,,,new,Health & Beauty > Personal Care > Cosmetics > Skin Care,Beauty > Skincare,adult,,3 in,3 in,5 in,0.51 lb,LB-SKIN-GRP-001,Skincare,,,,unisex,in_stock,,,,71,33.13 USD,,,txcd_99999999,exclusive,,"US:ALL:Standard:3-5:0.00 USD,US:ALL:Expedited:1-2:9.99 USD",US:ALL:Standard:50.00 USD,
LB-SKIN-0002,Alpine Gentle Cleanser,"The Alpine Gentle Cleanser from Lumen Beauty, thoughtfully made, a lightweight formula for visibly healthier skin.",https://livgpt.vercel.app/?merchant=lumen-beauty&product=LB-SKIN-0002,Lumen Skin,,LB-SKIN-0002,https://livgpt.vercel.app/mock-catalog/images/lumen-beauty/LB-SKIN-0002.jpg,,,,new,Health & Beauty > Personal Care > Cosmetics > Skin Care,Beauty > Skincare,adult,,3 in,3 in,5 in,0.5 lb,LB-SKIN-GRP-001,Skincare,,,,unisex,in_stock,,,,144,34.72 USD,,,txcd_99999999,exclusive,,"US:ALL:Standard:3-5:0.00 USD,US:ALL:Expedited:1-2:9.99 USD",US:ALL:Standard:50.00 USD,
LB-SKIN-0003,Essential Vitamin C Serum,"The Essential Vitamin C Serum from Lumen Beauty, thoughtfully made, a lightweight formula for visibly healthier skin.",https://livgpt.vercel.app/?merchant=lumen-beauty&product=LB-SKIN-0003,Lumen Ritual,,LB-SKIN-0003,https://livgpt.vercel.app/mock-catalog/images/lumen-beauty/LB-SKIN-0003.jpg,,,,new,Health & Beauty > Personal Care > Cosmetics > Skin Care,Beauty > Skincare,adult,,3 in,3 in,5 in,0.51 lb,LB-SKIN-GRP-002,Skincare,,,,unisex,in_stock,,,,236,20.69 USD,,,txcd_99999999,exclusive,,"US:ALL:Standard:3-5:0.00 USD,US:ALL:Expedited:1-2:9.99 USD",US:ALL:Standard:50.00 USD,
LB-SKIN-0004,Heritage Retinol Night Cream,"The Heritage Retinol Night Cream from Lumen Beauty, thoughtfully made, a lightweight formula for visibly healthier skin.",https://livgpt.vercel.app/?merchant=lumen-beauty&product=LB-SKIN-0004,Lumen Skin,,LB-SKIN-0004,https://livgpt.vercel.app/mock-catalog/images/lumen-beauty/LB-SKIN-0004.jpg,,,,new,Health & Beauty > Personal Care > Cosmetics > Skin Care,Beauty > Skincare,adult,,3 in,3 in,5 in,0.45 lb,LB-SKIN-GRP-002,Skincare,,,,unisex,in_stock,,,,104,18.04 USD,,,txcd_99999999,exclusive,,"US:ALL:Standard:3-5:0.00 USD,US:ALL:Expedited:1-2:9.99 USD",US:ALL:Standard:50.00 USD,
LB-SKIN-0005,Essential Hydrating Moisturizer,"The Essential Hydrating Moisturizer from Lumen Beauty, thoughtfully made, a lightweight formula for visibly healthier skin.",https://livgpt.vercel.app/?merchant=lumen-beauty&product=LB-SKIN-0005,Lumen,,LB-SKIN-0005,https://livgpt.vercel.app/mock-catalog/images/lumen-beauty/LB-SKIN-0005.jpg,,,,new,Health & Beauty > Personal Care > Cosmetics > Skin Care,Beauty > Skincare,adult,,3 in,3 in,5 in,0.53 lb,LB-SKIN-GRP-003,Skincare,,,,unisex,in_stock,,,,121,65.72 USD,,,txcd_99999999,exclusive,,"US:ALL:Standard:3-5:0.00 USD,US:ALL:Expedited:1-2:9.99 USD",US:ALL:Standard:50.00 USD,
LB-SKIN-0006,Classic Vitamin C Serum,"The Classic Vitamin C Serum from Lumen Beauty, thoughtfully made, a lightweight formula for visibly healthier skin.",https://livgpt.vercel.app/?merchant=lumen-beauty&product=LB-SKIN-0006,Lumen Skin,,LB-SKIN-0006,https://livgpt.vercel.app/mock-catalog/images/lumen-beauty/LB-SKIN-0006.jpg,,,,new,Health & Beauty > Personal Care > Cosmetics > Skin Care,Beauty > Skincare,adult,,3 in,3 in,5 in,0.47 lb,LB-SKIN-GRP-003,Skincare,,,,unisex,in_stock,,,,91,49.50 USD,,,txcd_99999999,exclusive,,"US:ALL:Standard:3-5:0.00 USD,US:ALL:Expedited:1-2:9.99 USD",US:ALL:Standard:50.00 USD,
LB-SKIN-0007,Essential Eye Cream,"The Essential Eye Cream from Lumen Beauty, thoughtfully made, a lightweight formula for visibly healthier skin.",https://livgpt.vercel.app/?merchant=lumen-beauty&product=LB-SKIN-0007,Lumen Skin,,LB-SKIN-0007,https://livgpt.vercel.app/mock-catalog/images/lumen-beauty/LB-SKIN-0007.jpg,,,,new,Health & Beauty > Personal Care > Cosmetics > Skin Care,Beauty > Skincare,adult,,3 in,3 in,5 in,0.52 lb,LB-SKIN-GRP-004,Skincare,,,,unisex,in_stock,,,,109,29.82 USD,25.41 USD,2026-07-01/2026-12-31,txcd_99999999,exclusive,,"US:ALL:Standard:3-5:0.00 USD,US:ALL:Expedited:1-2:9.99 USD",US:ALL:Standard:50.00 USD,
LB-SKIN-0008,Luxe Retinol Night Cream,"The Luxe Retinol Night Cream from Lumen Beauty, thoughtfully made, a lightweight formula for visibly healthier skin.",https://livgpt.vercel.app/?merchant=lumen-beauty&product=LB-SKIN-0008,Lumen,,LB-SKIN-0008,https://livgpt.vercel.app/mock-catalog/images/lumen-beauty/LB-SKIN-0008.jpg,,,,new,Health & Beauty > Personal Care > Cosmetics > Skin Care,Beauty > Skincare,adult,,3 in,3 in,5 in,0.45 lb,LB-SKIN-GRP-004,Skincare,,,,unisex,in_stock,,,,125,83.46 USD,,,txcd_99999999,exclusive,,"US:ALL:Standard:3-5:0.00 USD,US:ALL:Expedited:1-2:9.99 USD",US:ALL:Standard:50.00 USD,
LB-SKIN-0009,Aero Vitamin C Serum,"The Aero Vitamin C Serum from Lumen Beauty, thoughtfully made, a lightweight formula for visibly healthier skin.",https://livgpt.vercel.app/?merchant=lumen-beauty&product=LB-SKIN-0009,Lumen Skin,,LB-SKIN-0009,https://livgpt.vercel.app/mock-catalog/images/lumen-beauty/LB-SKIN-0009.jpg,,,,new,Health & Beauty > Personal Care > Cosmetics > Skin Care,Beauty > Skincare,adult,,3 in,3 in,5 in,0.53 lb,LB-SKIN-GRP-005,Skincare,,,,unisex,in_stock,,,,95,74.96 USD,,,txcd_99999999,exclusive,,"US:ALL:Standard:3-5:0.00 USD,US:ALL:Expedited:1-2:9.99 USD",US:ALL:Standard:50.00 USD,
LB-SKIN-0010,Essential Retinol Night Cream,"The Essential Retinol Night Cream from Lumen Beauty, thoughtfully made, a lightweight formula for visibly healthier skin.",https://livgpt.vercel.app/?merchant=lumen-beauty&product=LB-SKIN-0010,Lumen Skin,,LB-SKIN-0010,https://livgpt.vercel.app/mock-catalog/images/lumen-beauty/LB-SKIN-0010.jpg,,,,new,Health & Beauty > Personal Care > Cosmetics > Skin Care,Beauty > Skincare,adult,,3 in,3 in,5 in,0.46 lb,LB-SKIN-GRP-005,Skincare,,,,unisex,in_stock,,,,3,22.30 USD,,,txcd_99999999,exclusive,,"US:ALL:Standard:3-5:0.00 USD,US:ALL:Expedited:1-2:9.99 USD",US:ALL:Standard:50.00 USD,
LB-SKIN-0011,Rugged Retinol Night Cream,"The Rugged Retinol Night Cream from Lumen Beauty, thoughtfully made, a lightweight formula for visibly healthier skin.",https://livgpt.vercel.app/?merchant=lumen-beauty&product=LB-SKIN-0011,Lumen Skin,,LB-SKIN-0011,https://livgpt.vercel.app/mock-catalog/images/lumen-beauty/LB-SKIN-0011.jpg,,,,new,Health & Beauty > Personal Care > Cosmetics > Skin Care,Beauty > Skincare,adult,,3 in,3 in,5 in,0.55 lb,LB-SKIN-GRP-006,Skincare,,,,unisex,in_stock,,,,82,39.56 USD,,,txcd_99999999,exclusive,,"US:ALL:Standard:3-5:0.00 USD,US:ALL:Expedited:1-2:9.99 USD",US:ALL:Standard:50.00 USD,
LB-SKIN-0012,Modern Eye Cream,"The Modern Eye Cream from Lumen Beauty, thoughtfully made, a lightweight formula for visibly healthier skin.",https://livgpt.vercel.app/?merchant=lumen-beauty&product=LB-SKIN-0012,Lumen,,LB-SKIN-0012,https://livgpt.vercel.app/mock-catalog/images/lumen-beauty/LB-SKIN-0012.jpg,,,,new,Health & Beauty > Personal Care > Cosmetics > Skin Care,Beauty > Skincare,adult,,3 in,3 in,5 in,0.47 lb,LB-SKIN-GRP-006,Skincare,,,,unisex,in_stock,,,,243,86.07 USD,,,txcd_99999999,exclusive,,"US:ALL:Standard:3-5:0.00 USD,US:ALL:Expedited:1-2:9.99 USD",US:ALL:Standard:50.00 USD,
LB-SKIN-0013,Coastal Vitamin C Serum,"The Coastal Vitamin C Serum from Lumen Beauty, thoughtfully made, a lightweight formula for visibly healthier skin.",https://livgpt.vercel.app/?merchant=lumen-beauty&product=LB-SKIN-0013,Lumen,,LB-SKIN-0013,https://livgpt.vercel.app/mock-catalog/images/lumen-beauty/LB-SKIN-0013.jpg,,,,new,Health & Beauty > Personal Care > Cosmetics > Skin Care,Beauty > Skincare,adult,,3 in,3 in,5 in,0.52 lb,LB-SKIN-GRP-007,Skincare,,,,unisex,in_stock,,,,65,45.01 USD,40.61 USD,2026-07-01/2026-12-31,txcd_99999999,exclusive,,"US:ALL:Standard:3-5:0.00 USD,US:ALL:Expedited:1-2:9.99 USD",US:ALL:Standard:50.00 USD,
LB-SKIN-0014,Luxe Vitamin C Serum,"The Luxe Vitamin C Serum from Lumen Beauty, thoughtfully made, a lightweight formula for visibly healthier skin.",https://livgpt.vercel.app/?merchant=lumen-beauty&product=LB-SKIN-0014,Lumen Skin,,LB-SKIN-0014,https://livgpt.vercel.app/mock-catalog/images/lumen-beauty/LB-SKIN-0014.jpg,,,,new,Health & Beauty > Personal Care > Cosmetics > Skin Care,Beauty > Skincare,adult,,3 in,3 in,5 in,0.51 lb,LB-SKIN-GRP-007,Skincare,,,,unisex,in_stock,,,,138,84.83 USD,,,txcd_99999999,exclusive,,"US:ALL:Standard:3-5:0.00 USD,US:ALL:Expedited:1-2:9.99 USD",US:ALL:Standard:50.00 USD,
LB-SKIN-0015,Featherlight Retinol Night Cream,"The Featherlight Retinol Night Cream from Lumen Beauty, thoughtfully made, a lightweight formula for visibly healthier skin.",https://livgpt.vercel.app/?merchant=lumen-beauty&product=LB-SKIN-0015,Lumen,,LB-SKIN-0015,https://livgpt.vercel.app/mock-catalog/images/lumen-beauty/LB-SKIN-0015.jpg,,,,new,Health & Beauty > Personal Care > Cosmetics > Skin Care,Beauty > Skincare,adult,,3 in,3 in,5 in,0.53 lb,LB-SKIN-GRP-008,Skincare,,,,unisex,in_stock,,,,149,84.11 USD,,,txcd_99999999,exclusive,,"US:ALL:Standard:3-5:0.00 USD,US:ALL:Expedited:1-2:9.99 USD",US:ALL:Standard:50.00 USD,
LB-SUNS-0016,Studio Tinted SPF Cream,"The Studio Tinted SPF Cream from Lumen Beauty, thoughtfully made, broad-spectrum protection that wears beautifully.",https://livgpt.vercel.app/?merchant=lumen-beauty&product=LB-SUNS-0016,Lumen,,LB-SUNS-0016,https://livgpt.vercel.app/mock-catalog/images/lumen-beauty/LB-SUNS-0016.jpg,,,,new,Health & Beauty > Personal Care > Cosmetics > Skin Care > Sunscreen,Beauty > Sunscreen,adult,,3 in,3 in,5 in,0.48 lb,LB-SUNS-GRP-001,Sunscreen,,,,unisex,in_stock,,,,247,16.03 USD,,,txcd_99999999,exclusive,,"US:ALL:Standard:3-5:0.00 USD,US:ALL:Expedited:1-2:9.99 USD",US:ALL:Standard:50.00 USD,
LB-SUNS-0017,Signature Tinted SPF Cream,"The Signature Tinted SPF Cream from Lumen Beauty, thoughtfully made, broad-spectrum protection that wears beautifully.",https://livgpt.vercel.app/?merchant=lumen-beauty&product=LB-SUNS-0017,Lumen Skin,,LB-SUNS-0017,https://livgpt.vercel.app/mock-catalog/images/lumen-beauty/LB-SUNS-0017.jpg,,,,new,Health & Beauty > Personal Care > Cosmetics > Skin Care > Sunscreen,Beauty > Sunscreen,adult,,3 in,3 in,5 in,0.46 lb,LB-SUNS-GRP-001,Sunscreen,,,,unisex,in_stock,,,,247,18.75 USD,,,txcd_99999999,exclusive,,"US:ALL:Standard:3-5:0.00 USD,US:ALL:Expedited:1-2:9.99 USD",US:ALL:Standard:50.00 USD,
LB-SUNS-0018,Modern Mineral Sunscreen,"The Modern Mineral Sunscreen from Lumen Beauty, thoughtfully made, broad-spectrum protection that wears beautifully.",https://livgpt.vercel.app/?merchant=lumen-beauty&product=LB-SUNS-0018,Lumen Skin,,LB-SUNS-0018,https://livgpt.vercel.app/mock-catalog/images/lumen-beauty/LB-SUNS-0018.jpg,,,,new,Health & Beauty > Personal Care > Cosmetics > Skin Care > Sunscreen,Beauty > Sunscreen,adult,,3 in,3 in,5 in,0.53 lb,LB-SUNS-GRP-002,Sunscreen,,,,unisex,in_stock,,,,29,22.23 USD,19.88 USD,2026-07-01/2026-12-31,txcd_99999999,exclusive,,"US:ALL:Standard:3-5:0.00 USD,US:ALL:Expedited:1-2:9.99 USD",US:ALL:Standard:50.00 USD,
LB-SUNS-0019,Coastal Sport Sunscreen Stick,"The Coastal Sport Sunscreen Stick from Lumen Beauty, thoughtfully made, broad-spectrum protection that wears beautifully.",https://livgpt.vercel.app/?merchant=lumen-beauty&product=LB-SUNS-0019,Lumen,,LB-SUNS-0019,https://livgpt.vercel.app/mock-catalog/images/lumen-beauty/LB-SUNS-0019.jpg,,,,new,Health & Beauty > Personal Care > Cosmetics > Skin Care > Sunscreen,Beauty > Sunscreen,adult,,3 in,3 in,5 in,0.55 lb,LB-SUNS-GRP-002,Sunscreen,,,,unisex,in_stock,,,,134,43.46 USD,,,txcd_99999999,exclusive,,"US:ALL:Standard:3-5:0.00 USD,US:ALL:Expedited:1-2:9.99 USD",US:ALL:Standard:50.00 USD,
LB-SUNS-0020,Trail Tinted SPF Cream,"The Trail Tinted SPF Cream from Lumen Beauty, thoughtfully made, broad-spectrum protection that wears beautifully.",https://livgpt.vercel.app/?merchant=lumen-beauty&product=LB-SUNS-0020,Lumen Ritual,,LB-SUNS-0020,https://livgpt.vercel.app/mock-catalog/images/lumen-beauty/LB-SUNS-0020.jpg,,,,new,Health & Beauty > Personal Care > Cosmetics > Skin Care > Sunscreen,Beauty > Sunscreen,adult,,3 in,3 in,5 in,0.5 lb,LB-SUNS-GRP-003,Sunscreen,,,,unisex,in_stock,,,,8,38.32 USD,,,txcd_99999999,exclusive,,"US:ALL:Standard:3-5:0.00 USD,US:ALL:Expedited:1-2:9.99 USD",US:ALL:Standard:50.00 USD,
LB-SUNS-0021,Alpine Tinted SPF Cream,"The Alpine Tinted SPF Cream from Lumen Beauty, thoughtfully made, broad-spectrum protection that wears beautifully.",https://livgpt.vercel.app/?merchant=lumen-beauty&product=LB-SUNS-0021,Lumen Ritual,,LB-SUNS-0021,https://livgpt.vercel.app/mock-catalog/images/lumen-beauty/LB-SUNS-0021.jpg,,,,new,Health & Beauty > Personal Care > Cosmetics > Skin Care > Sunscreen,Beauty > Sunscreen,adult,,3 in,3 in,5 in,0.55 lb,LB-SUNS-GRP-003,Sunscreen,,,,unisex,in_stock,,,,79,31.53 USD,,,txcd_99999999,exclusive,,"US:ALL:Standard:3-5:0.00 USD,US:ALL:Expedited:1-2:9.99 USD",US:ALL:Standard:50.00 USD,
LB-SUNS-0022,Essential Mineral Sunscreen,"The Essential Mineral Sunscreen from Lumen Beauty, thoughtfully made, broad-spectrum protection that wears beautifully.",https://livgpt.vercel.app/?merchant=lumen-beauty&product=LB-SUNS-0022,Lumen Ritual,,LB-SUNS-0022,https://livgpt.vercel.app/mock-catalog/images/lumen-beauty/LB-SUNS-0022.jpg,,,,new,Health & Beauty > Personal Care > Cosmetics > Skin Care > Sunscreen,Beauty > Sunscreen,adult,,3 in,3 in,5 in,0.49 lb,LB-SUNS-GRP-004,Sunscreen,,,,unisex,in_stock,,,,190,25.74 USD,,,txcd_99999999,exclusive,,"US:ALL:Standard:3-5:0.00 USD,US:ALL:Expedited:1-2:9.99 USD",US:ALL:Standard:50.00 USD,
LB-SUNS-0023,Trail Mineral Sunscreen,"The Trail Mineral Sunscreen from Lumen Beauty, thoughtfully made, broad-spectrum protection that wears beautifully.",https://livgpt.vercel.app/?merchant=lumen-beauty&product=LB-SUNS-0023,Lumen Ritual,,LB-SUNS-0023,https://livgpt.vercel.app/mock-catalog/images/lumen-beauty/LB-SUNS-0023.jpg,,,,new,Health & Beauty > Personal Care > Cosmetics > Skin Care > Sunscreen,Beauty > Sunscreen,adult,,3 in,3 in,5 in,0.46 lb,LB-SUNS-GRP-004,Sunscreen,,,,unisex,in_stock,,,,198,32.23 USD,,,txcd_99999999,exclusive,,"US:ALL:Standard:3-5:0.00 USD,US:ALL:Expedited:1-2:9.99 USD",US:ALL:Standard:50.00 USD,
LB-SUNS-0024,Urban Mineral Sunscreen,"The Urban Mineral Sunscreen from Lumen Beauty, thoughtfully made, broad-spectrum protection that wears beautifully.",https://livgpt.vercel.app/?merchant=lumen-beauty&product=LB-SUNS-0024,Lumen Ritual,,LB-SUNS-0024,https://livgpt.vercel.app/mock-catalog/images/lumen-beauty/LB-SUNS-0024.jpg,,,,new,Health & Beauty > Personal Care > Cosmetics > Skin Care > Sunscreen,Beauty > Sunscreen,adult,,3 in,3 in,5 in,0.54 lb,LB-SUNS-GRP-005,Sunscreen,,,,unisex,in_stock,,,,38,34.03 USD,,,txcd_99999999,exclusive,,"US:ALL:Standard:3-5:0.00 USD,US:ALL:Expedited:1-2:9.99 USD",US:ALL:Standard:50.00 USD,
LB-SUNS-0025,Aero SPF 50 Daily Fluid,"The Aero SPF 50 Daily Fluid from Lumen Beauty, thoughtfully made, broad-spectrum protection that wears beautifully.",https://livgpt.vercel.app/?merchant=lumen-beauty&product=LB-SUNS-0025,Lumen,,LB-SUNS-0025,https://livgpt.vercel.app/mock-catalog/images/lumen-beauty/LB-SUNS-0025.jpg,,,,new,Health & Beauty > Personal Care > Cosmetics > Skin Care > Sunscreen,Beauty > Sunscreen,adult,,3 in,3 in,5 in,0.48 lb,LB-SUNS-GRP-005,Sunscreen,,,,unisex,in_stock,,,,226,31.86 USD,24.09 USD,2026-07-01/2026-12-31,txcd_99999999,exclusive,,"US:ALL:Standard:3-5:0.00 USD,US:ALL:Expedited:1-2:9.99 USD",US:ALL:Standard:50.00 USD,
LB-SUNS-0026,Premium Tinted SPF Cream,"The Premium Tinted SPF Cream from Lumen Beauty, thoughtfully made, broad-spectrum protection that wears beautifully.",https://livgpt.vercel.app/?merchant=lumen-beauty&product=LB-SUNS-0026,Lumen Ritual,,LB-SUNS-0026,https://livgpt.vercel.app/mock-catalog/images/lumen-beauty/LB-SUNS-0026.jpg,,,,new,Health & Beauty > Personal Care > Cosmetics > Skin Care > Sunscreen,Beauty > Sunscreen,adult,,3 in,3 in,5 in,0.53 lb,LB-SUNS-GRP-006,Sunscreen,,,,unisex,in_stock,,,,243,18.92 USD,16.55 USD,2026-07-01/2026-12-31,txcd_99999999,exclusive,,"US:ALL:Standard:3-5:0.00 USD,US:ALL:Expedited:1-2:9.99 USD",US:ALL:Standard:50.00 USD,
LB-SUNS-0027,Featherlight Tinted SPF Cream,"The Featherlight Tinted SPF Cream from Lumen Beauty, thoughtfully made, broad-spectrum protection that wears beautifully.",https://livgpt.vercel.app/?merchant=lumen-beauty&product=LB-SUNS-0027,Lumen Skin,,LB-SUNS-0027,https://livgpt.vercel.app/mock-catalog/images/lumen-beauty/LB-SUNS-0027.jpg,,,,new,Health & Beauty > Personal Care > Cosmetics > Skin Care > Sunscreen,Beauty > Sunscreen,adult,,3 in,3 in,5 in,0.47 lb,LB-SUNS-GRP-006,Sunscreen,,,,unisex,in_stock,,,,125,36.94 USD,,,txcd_99999999,exclusive,,"US:ALL:Standard:3-5:0.00 USD,US:ALL:Expedited:1-2:9.99 USD",US:ALL:Standard:50.00 USD,
LB-SUNS-0028,Urban Tinted SPF Cream,"The Urban Tinted SPF Cream from Lumen Beauty, thoughtfully made, broad-spectrum protection that wears beautifully.",https://livgpt.vercel.app/?merchant=lumen-beauty&product=LB-SUNS-0028,Lumen Ritual,,LB-SUNS-0028,https://livgpt.vercel.app/mock-catalog/images/lumen-beauty/LB-SUNS-0028.jpg,,,,new,Health & Beauty > Personal Care > Cosmetics > Skin Care > Sunscreen,Beauty > Sunscreen,adult,,3 in,3 in,5 in,0.46 lb,LB-SUNS-GRP-007,Sunscreen,,,,unisex,in_stock,,,,230,23.77 USD,,,txcd_99999999,exclusive,,"US:ALL:Standard:3-5:0.00 USD,US:ALL:Expedited:1-2:9.99 USD",US:ALL:Standard:50.00 USD,
LB-SUNS-0029,Pro Mineral Sunscreen,"The Pro Mineral Sunscreen from Lumen Beauty, thoughtfully made, broad-spectrum protection that wears beautifully.",https://livgpt.vercel.app/?merchant=lumen-beauty&product=LB-SUNS-0029,Lumen,,LB-SUNS-0029,https://livgpt.vercel.app/mock-catalog/images/lumen-beauty/LB-SUNS-0029.jpg,,,,new,Health & Beauty > Personal Care > Cosmetics > Skin Care > Sunscreen,Beauty > Sunscreen,adult,,3 in,3 in,5 in,0.46 lb,LB-SUNS-GRP-007,Sunscreen,,,,unisex,in_stock,,,,10,35.54 USD,,,txcd_99999999,exclusive,,"US:ALL:Standard:3-5:0.00 USD,US:ALL:Expedited:1-2:9.99 USD",US:ALL:Standard:50.00 USD,
LB-SUNS-0030,Essential Tinted SPF Cream,"The Essential Tinted SPF Cream from Lumen Beauty, thoughtfully made, broad-spectrum protection that wears beautifully.",https://livgpt.vercel.app/?merchant=lumen-beauty&product=LB-SUNS-0030,Lumen Skin,,LB-SUNS-0030,https://livgpt.vercel.app/mock-catalog/images/lumen-beauty/LB-SUNS-0030.jpg,,,,new,Health & Beauty > Personal Care > Cosmetics > Skin Care > Sunscreen,Beauty > Sunscreen,adult,,3 in,3 in,5 in,0.52 lb,LB-SUNS-GRP-008,Sunscreen,,,,unisex,in_stock,,,,26,25.50 USD,,,txcd_99999999,exclusive,,"US:ALL:Standard:3-5:0.00 USD,US:ALL:Expedited:1-2:9.99 USD",US:ALL:Standard:50.00 USD,
LB-CAND-0031,Alpine Aromatherapy Candle,"The Alpine Aromatherapy Candle from Lumen Beauty, crafted in soy wax, a layered, long-lasting scent for calm evenings.",https://livgpt.vercel.app/?merchant=lumen-beauty&product=LB-CAND-0031,Lumen Ritual,,LB-CAND-0031,https://livgpt.vercel.app/mock-catalog/images/lumen-beauty/LB-CAND-0031.jpg,,,,new,Home & Garden > Decor > Home Fragrances > Candles,Home > Fragrance > Candles,adult,Soy Wax,4 in,4 in,5 in,1.18 lb,LB-CAND-GRP-001,Candles,,,,unisex,in_stock,,,,205,43.50 USD,,,txcd_99999999,exclusive,,"US:ALL:Standard:3-5:0.00 USD,US:ALL:Expedited:1-2:9.99 USD",US:ALL:Standard:50.00 USD,
LB-CAND-0032,Terra Aromatherapy Candle,"The Terra Aromatherapy Candle from Lumen Beauty, crafted in soy wax, a layered, long-lasting scent for calm evenings.",https://livgpt.vercel.app/?merchant=lumen-beauty&product=LB-CAND-0032,Lumen Skin,,LB-CAND-0032,https://livgpt.vercel.app/mock-catalog/images/lumen-beauty/LB-CAND-0032.jpg,,,,new,Home & Garden > Decor > Home Fragrances > Candles,Home > Fragrance > Candles,adult,Soy Wax,4 in,4 in,5 in,1.21 lb,LB-CAND-GRP-001,Candles,,,,unisex,in_stock,,,,240,32.38 USD,,,txcd_99999999,exclusive,,"US:ALL:Standard:3-5:0.00 USD,US:ALL:Expedited:1-2:9.99 USD",US:ALL:Standard:50.00 USD,
LB-CAND-0033,Premium Massage Candle,"The Premium Massage Candle from Lumen Beauty, crafted in soy wax, a layered, long-lasting scent for calm evenings.",https://livgpt.vercel.app/?merchant=lumen-beauty&product=LB-CAND-0033,Lumen Skin,,LB-CAND-0033,https://livgpt.vercel.app/mock-catalog/images/lumen-beauty/LB-CAND-0033.jpg,,,,new,Home & Garden > Decor > Home Fragrances > Candles,Home > Fragrance > Candles,adult,Soy Wax,4 in,4 in,5 in,1.24 lb,LB-CAND-GRP-002,Candles,,,,unisex,in_stock,,,,210,51.32 USD,,,txcd_99999999,exclusive,,"US:ALL:Standard:3-5:0.00 USD,US:ALL:Expedited:1-2:9.99 USD",US:ALL:Standard:50.00 USD,
LB-CAND-0034,Rugged Massage Candle,"The Rugged Massage Candle from Lumen Beauty, crafted in soy wax, a layered, long-lasting scent for calm evenings.",https://livgpt.vercel.app/?merchant=lumen-beauty&product=LB-CAND-0034,Lumen,,LB-CAND-0034,https://livgpt.vercel.app/mock-catalog/images/lumen-beauty/LB-CAND-0034.jpg,,,,new,Home & Garden > Decor > Home Fragrances > Candles,Home > Fragrance > Candles,adult,Soy Wax,4 in,4 in,5 in,1.31 lb,LB-CAND-GRP-002,Candles,,,,unisex,in_stock,,,,183,39.15 USD,29.81 USD,2026-07-01/2026-12-31,txcd_99999999,exclusive,,"US:ALL:Standard:3-5:0.00 USD,US:ALL:Expedited:1-2:9.99 USD",US:ALL:Standard:50.00 USD,
LB-CAND-0035,Everyday Massage Candle,"The Everyday Massage Candle from Lumen Beauty, crafted in soy wax, a layered, long-lasting scent for calm evenings.",https://livgpt.vercel.app/?merchant=lumen-beauty&product=LB-CAND-0035,Lumen,,LB-CAND-0035,https://livgpt.vercel.app/mock-catalog/images/lumen-beauty/LB-CAND-0035.jpg,,,,new,Home & Garden > Decor > Home Fragrances > Candles,Home > Fragrance > Candles,adult,Soy Wax,4 in,4 in,5 in,1.3 lb,LB-CAND-GRP-003,Candles,,,,unisex,in_stock,,,,12,44.93 USD,41.22 USD,2026-07-01/2026-12-31,txcd_99999999,exclusive,,"US:ALL:Standard:3-5:0.00 USD,US:ALL:Expedited:1-2:9.99 USD",US:ALL:Standard:50.00 USD,
LB-CAND-0036,Luxe Reed Diffuser,"The Luxe Reed Diffuser from Lumen Beauty, crafted in soy wax, a layered, long-lasting scent for calm evenings.",https://livgpt.vercel.app/?merchant=lumen-beauty&product=LB-CAND-0036,Lumen Skin,,LB-CAND-0036,https://livgpt.vercel.app/mock-catalog/images/lumen-beauty/LB-CAND-0036.jpg,,,,new,Home & Garden > Decor > Home Fragrances > Candles,Home > Fragrance > Candles,adult,Soy Wax,4 in,4 in,5 in,1.15 lb,LB-CAND-GRP-003,Candles,,,,unisex,in_stock,,,,19,30.75 USD,,,txcd_99999999,exclusive,,"US:ALL:Standard:3-5:0.00 USD,US:ALL:Expedited:1-2:9.99 USD",US:ALL:Standard:50.00 USD,
LB-CAND-0037,Aero Massage Candle,"The Aero Massage Candle from Lumen Beauty, crafted in soy wax, a layered, long-lasting scent for calm evenings.",https://livgpt.vercel.app/?merchant=lumen-beauty&product=LB-CAND-0037,Lumen Skin,,LB-CAND-0037,https://livgpt.vercel.app/mock-catalog/images/lumen-beauty/LB-CAND-0037.jpg,,,,new,Home & Garden > Decor > Home Fragrances > Candles,Home > Fragrance > Candles,adult,Soy Wax,4 in,4 in,5 in,1.21 lb,LB-CAND-GRP-004,Candles,,,,unisex,in_stock,,,,217,23.18 USD,21.27 USD,2026-07-01/2026-12-31,txcd_99999999,exclusive,,"US:ALL:Standard:3-5:0.00 USD,US:ALL:Expedited:1-2:9.99 USD",US:ALL:Standard:50.00 USD,
LB-CAND-0038,Heritage Reed Diffuser,"The Heritage Reed Diffuser from Lumen Beauty, crafted in soy wax, a layered, long-lasting scent for calm evenings.",https://livgpt.vercel.app/?merchant=lumen-beauty&product=LB-CAND-0038,Lumen,,LB-CAND-0038,https://livgpt.vercel.app/mock-catalog/images/lumen-beauty/LB-CAND-0038.jpg,,,,new,Home & Garden > Decor > Home Fragrances > Candles,Home > Fragrance > Candles,adult,Soy Wax,4 in,4 in,5 in,1.19 lb,LB-CAND-GRP-004,Candles,,,,unisex,in_stock,,,,1,48.24 USD,40.92 USD,2026-07-01/2026-12-31,txcd_99999999,exclusive,,"US:ALL:Standard:3-5:0.00 USD,US:ALL:Expedited:1-2:9.99 USD",US:ALL:Standard:50.00 USD,
LB-CAND-0039,Featherlight Massage Candle,"The Featherlight Massage Candle from Lumen Beauty, crafted in soy wax, a layered, long-lasting scent for calm evenings.",https://livgpt.vercel.app/?merchant=lumen-beauty&product=LB-CAND-0039,Lumen Skin,,LB-CAND-0039,https://livgpt.vercel.app/mock-catalog/images/lumen-beauty/LB-CAND-0039.jpg,,,,new,Home & Garden > Decor > Home Fragrances > Candles,Home > Fragrance > Candles,adult,Soy Wax,4 in,4 in,5 in,1.1 lb,LB-CAND-GRP-005,Candles,,,,unisex,in_stock,,,,40,29.09 USD,,,txcd_99999999,exclusive,,"US:ALL:Standard:3-5:0.00 USD,US:ALL:Expedited:1-2:9.99 USD",US:ALL:Standard:50.00 USD,
LB-CAND-0040,Modern Aromatherapy Candle,"The Modern Aromatherapy Candle from Lumen Beauty, crafted in soy wax, a layered, long-lasting scent for calm evenings.",https://livgpt.vercel.app/?merchant=lumen-beauty&product=LB-CAND-0040,Lumen Skin,,LB-CAND-0040,https://livgpt.vercel.app/mock-catalog/images/lumen-beauty/LB-CAND-0040.jpg,,,,new,Home & Garden > Decor > Home Fragrances > Candles,Home > Fragrance > Candles,adult,Soy Wax,4 in,4 in,5 in,1.25 lb,LB-CAND-GRP-005,Candles,,,,unisex,in_stock,,,,223,24.84 USD,,,txcd_99999999,exclusive,,"US:ALL:Standard:3-5:0.00 USD,US:ALL:Expedited:1-2:9.99 USD",US:ALL:Standard:50.00 USD,
LB-CAND-0041,Rugged Reed Diffuser,"The Rugged Reed Diffuser from Lumen Beauty, crafted in soy wax, a layered, long-lasting scent for calm evenings.",https://livgpt.vercel.app/?merchant=lumen-beauty&product=LB-CAND-0041,Lumen Skin,,LB-CAND-0041,https://livgpt.vercel.app/mock-catalog/images/lumen-beauty/LB-CAND-0041.jpg,,,,new,Home & Garden > Decor > Home Fragrances > Candles,Home > Fragrance > Candles,adult,Soy Wax,4 in,4 in,5 in,1.31 lb,LB-CAND-GRP-006,Candles,,,,unisex,in_stock,,,,189,33.14 USD,,,txcd_99999999,exclusive,,"US:ALL:Standard:3-5:0.00 USD,US:ALL:Expedited:1-2:9.99 USD",US:ALL:Standard:50.00 USD,
LB-CAND-0042,Classic Scented Candle,"The Classic Scented Candle from Lumen Beauty, crafted in soy wax, a layered, long-lasting scent for calm evenings.",https://livgpt.vercel.app/?merchant=lumen-beauty&product=LB-CAND-0042,Lumen Ritual,,LB-CAND-0042,https://livgpt.vercel.app/mock-catalog/images/lumen-beauty/LB-CAND-0042.jpg,,,,new,Home & Garden > Decor > Home Fragrances > Candles,Home > Fragrance > Candles,adult,Soy Wax,4 in,4 in,5 in,1.31 lb,LB-CAND-GRP-006,Candles,,,,unisex,in_stock,,,,166,47.77 USD,,,txcd_99999999,exclusive,,"US:ALL:Standard:3-5:0.00 USD,US:ALL:Expedited:1-2:9.99 USD",US:ALL:Standard:50.00 USD,
LB-CAND-0043,Urban Reed Diffuser,"The Urban Reed Diffuser from Lumen Beauty, crafted in soy wax, a layered, long-lasting scent for calm evenings.",https://livgpt.vercel.app/?merchant=lumen-beauty&product=LB-CAND-0043,Lumen Ritual,,LB-CAND-0043,https://livgpt.vercel.app/mock-catalog/images/lumen-beauty/LB-CAND-0043.jpg,,,,new,Home & Garden > Decor > Home Fragrances > Candles,Home > Fragrance > Candles,adult,Soy Wax,4 in,4 in,5 in,1.22 lb,LB-CAND-GRP-007,Candles,,,,unisex,in_stock,,,,142,39.36 USD,30.12 USD,2026-07-01/2026-12-31,txcd_99999999,exclusive,,"US:ALL:Standard:3-5:0.00 USD,US:ALL:Expedited:1-2:9.99 USD",US:ALL:Standard:50.00 USD,
LB-CAND-0044,Aero Aromatherapy Candle,"The Aero Aromatherapy Candle from Lumen Beauty, crafted in soy wax, a layered, long-lasting scent for calm evenings.",https://livgpt.vercel.app/?merchant=lumen-beauty&product=LB-CAND-0044,Lumen Ritual,,LB-CAND-0044,https://livgpt.vercel.app/mock-catalog/images/lumen-beauty/LB-CAND-0044.jpg,,,,new,Home & Garden > Decor > Home Fragrances > Candles,Home > Fragrance > Candles,adult,Soy Wax,4 in,4 in,5 in,1.16 lb,LB-CAND-GRP-007,Candles,,,,unisex,in_stock,,,,55,51.05 USD,44.69 USD,2026-07-01/2026-12-31,txcd_99999999,exclusive,,"US:ALL:Standard:3-5:0.00 USD,US:ALL:Expedited:1-2:9.99 USD",US:ALL:Standard:50.00 USD,
LB-CAND-0045,Rugged Scented Candle,"The Rugged Scented Candle from Lumen Beauty, crafted in soy wax, a layered, long-lasting scent for calm evenings.",https://livgpt.vercel.app/?merchant=lumen-beauty&product=LB-CAND-0045,Lumen Ritual,,LB-CAND-0045,https://livgpt.vercel.app/mock-catalog/images/lumen-beauty/LB-CAND-0045.jpg,,,,new,Home & Garden > Decor > Home Fragrances > Candles,Home > Fragrance > Candles,adult,Soy Wax,4 in,4 in,5 in,1.08 lb,LB-CAND-GRP-008,Candles,,,,unisex,in_stock,,,,244,33.36 USD,30.01 USD,2026-07-01/2026-12-31,txcd_99999999,exclusive,,"US:ALL:Standard:3-5:0.00 USD,US:ALL:Expedited:1-2:9.99 USD",US:ALL:Standard:50.00 USD,
LB-HAIR-0046,Rugged Wide-Tooth Comb – Sky Blue,"The Rugged Wide-Tooth Comb from Lumen Beauty, thoughtfully made, nourishes and strengthens from root to tip. Shown in Sky Blue.",https://livgpt.vercel.app/?merchant=lumen-beauty&product=LB-HAIR-0046,Lumen Skin,,LB-HAIR-0046,https://livgpt.vercel.app/mock-catalog/images/lumen-beauty/LB-HAIR-0046.jpg,,,,new,Health & Beauty > Personal Care > Hair Care,Beauty > Hair,adult,,3 in,3 in,5 in,0.53 lb,LB-HAIR-GRP-001,Hair,Sky Blue,,,unisex,in_stock,,,,227,44.16 USD,,,txcd_99999999,exclusive,,"US:ALL:Standard:3-5:0.00 USD,US:ALL:Expedited:1-2:9.99 USD",US:ALL:Standard:50.00 USD,
LB-HAIR-0047,Minimalist Hair Oil – Forest Green,"The Minimalist Hair Oil from Lumen Beauty, crafted in silk, nourishes and strengthens from root to tip. Shown in Forest Green.",https://livgpt.vercel.app/?merchant=lumen-beauty&product=LB-HAIR-0047,Lumen Ritual,,LB-HAIR-0047,https://livgpt.vercel.app/mock-catalog/images/lumen-beauty/LB-HAIR-0047.jpg,,,,new,Health & Beauty > Personal Care > Hair Care,Beauty > Hair,adult,Silk,3 in,3 in,5 in,0.48 lb,LB-HAIR-GRP-001,Hair,Forest Green,,,unisex,in_stock,,,,232,65.29 USD,,,txcd_99999999,exclusive,,"US:ALL:Standard:3-5:0.00 USD,US:ALL:Expedited:1-2:9.99 USD",US:ALL:Standard:50.00 USD,
LB-HAIR-0048,Trail Hair Oil – White,"The Trail Hair Oil from Lumen Beauty, thoughtfully made, nourishes and strengthens from root to tip. Shown in White.",https://livgpt.vercel.app/?merchant=lumen-beauty&product=LB-HAIR-0048,Lumen Skin,,LB-HAIR-0048,https://livgpt.vercel.app/mock-catalog/images/lumen-beauty/LB-HAIR-0048.jpg,,,,new,Health & Beauty > Personal Care > Hair Care,Beauty > Hair,adult,,3 in,3 in,5 in,0.53 lb,LB-HAIR-GRP-002,Hair,White,,,unisex,in_stock,,,,202,29.11 USD,,,txcd_99999999,exclusive,,"US:ALL:Standard:3-5:0.00 USD,US:ALL:Expedited:1-2:9.99 USD",US:ALL:Standard:50.00 USD,
LB-HAIR-0049,Luxe Hair Oil – White,"The Luxe Hair Oil from Lumen Beauty, crafted in silk, nourishes and strengthens from root to tip. Shown in White.",https://livgpt.vercel.app/?merchant=lumen-beauty&product=LB-HAIR-0049,Lumen,,LB-HAIR-0049,https://livgpt.vercel.app/mock-catalog/images/lumen-beauty/LB-HAIR-0049.jpg,,,,new,Health & Beauty > Personal Care > Hair Care,Beauty > Hair,adult,Silk,3 in,3 in,5 in,0.54 lb,LB-HAIR-GRP-002,Hair,White,,,unisex,in_stock,,,,157,67.65 USD,,,txcd_99999999,exclusive,,"US:ALL:Standard:3-5:0.00 USD,US:ALL:Expedited:1-2:9.99 USD",US:ALL:Standard:50.00 USD,
LB-HAIR-0050,Modern Wide-Tooth Comb – White,"The Modern Wide-Tooth Comb from Lumen Beauty, crafted in silk, nourishes and strengthens from root to tip. Shown in White.",https://livgpt.vercel.app/?merchant=lumen-beauty&product=LB-HAIR-0050,Lumen Skin,,LB-HAIR-0050,https://livgpt.vercel.app/mock-catalog/images/lumen-beauty/LB-HAIR-0050.jpg,,,,new,Health & Beauty > Personal Care > Hair Care,Beauty > Hair,adult,Silk,3 in,3 in,5 in,0.53 lb,LB-HAIR-GRP-003,Hair,White,,,unisex,in_stock,,,,163,25.28 USD,,,txcd_99999999,exclusive,,"US:ALL:Standard:3-5:0.00 USD,US:ALL:Expedited:1-2:9.99 USD",US:ALL:Standard:50.00 USD,
LB-HAIR-0051,Signature Repair Shampoo – Navy,"The Signature Repair Shampoo from Lumen Beauty, crafted in silk, nourishes and strengthens from root to tip. Shown in Navy.",https://livgpt.vercel.app/?merchant=lumen-beauty&product=LB-HAIR-0051,Lumen,,LB-HAIR-0051,https://livgpt.vercel.app/mock-catalog/images/lumen-beauty/LB-HAIR-0051.jpg,,,,new,Health & Beauty > Personal Care > Hair Care,Beauty > Hair,adult,Silk,3 in,3 in,5 in,0.53 lb,LB-HAIR-GRP-003,Hair,Navy,,,unisex,in_stock,,,,247,65.10 USD,,,txcd_99999999,exclusive,,"US:ALL:Standard:3-5:0.00 USD,US:ALL:Expedited:1-2:9.99 USD",US:ALL:Standard:50.00 USD,
LB-HAIR-0052,Studio Wide-Tooth Comb – Sand,"The Studio Wide-Tooth Comb from Lumen Beauty, thoughtfully made, nourishes and strengthens from root to tip. Shown in Sand.",https://livgpt.vercel.app/?merchant=lumen-beauty&product=LB-HAIR-0052,Lumen Skin,,LB-HAIR-0052,https://livgpt.vercel.app/mock-catalog/images/lumen-beauty/LB-HAIR-0052.jpg,,,,new,Health & Beauty > Personal Care > Hair Care,Beauty > Hair,adult,,3 in,3 in,5 in,0.52 lb,LB-HAIR-GRP-004,Hair,Sand,,,unisex,in_stock,,,,2,53.84 USD,,,txcd_99999999,exclusive,,"US:ALL:Standard:3-5:0.00 USD,US:ALL:Expedited:1-2:9.99 USD",US:ALL:Standard:50.00 USD,
LB-HAIR-0053,Trail Conditioner – Terracotta,"The Trail Conditioner from Lumen Beauty, thoughtfully made, nourishes and strengthens from root to tip. Shown in Terracotta.",https://livgpt.vercel.app/?merchant=lumen-beauty&product=LB-HAIR-0053,Lumen,,LB-HAIR-0053,https://livgpt.vercel.app/mock-catalog/images/lumen-beauty/LB-HAIR-0053.jpg,,,,new,Health & Beauty > Personal Care > Hair Care,Beauty > Hair,adult,,3 in,3 in,5 in,0.46 lb,LB-HAIR-GRP-004,Hair,Terracotta,,,unisex,in_stock,,,,90,64.39 USD,,,txcd_99999999,exclusive,,"US:ALL:Standard:3-5:0.00 USD,US:ALL:Expedited:1-2:9.99 USD",US:ALL:Standard:50.00 USD,
LB-HAIR-0054,Aero Hair Oil – Slate Gray,"The Aero Hair Oil from Lumen Beauty, crafted in silk, nourishes and strengthens from root to tip. Shown in Slate Gray.",https://livgpt.vercel.app/?merchant=lumen-beauty&product=LB-HAIR-0054,Lumen Skin,,LB-HAIR-0054,https://livgpt.vercel.app/mock-catalog/images/lumen-beauty/LB-HAIR-0054.jpg,,,,new,Health & Beauty > Personal Care > Hair Care,Beauty > Hair,adult,Silk,3 in,3 in,5 in,0.49 lb,LB-HAIR-GRP-005,Hair,Slate Gray,,,unisex,in_stock,,,,248,18.14 USD,,,txcd_99999999,exclusive,,"US:ALL:Standard:3-5:0.00 USD,US:ALL:Expedited:1-2:9.99 USD",US:ALL:Standard:50.00 USD,
LB-HAIR-0055,Pro Conditioner – Sky Blue,"The Pro Conditioner from Lumen Beauty, thoughtfully made, nourishes and strengthens from root to tip. Shown in Sky Blue.",https://livgpt.vercel.app/?merchant=lumen-beauty&product=LB-HAIR-0055,Lumen,,LB-HAIR-0055,https://livgpt.vercel.app/mock-catalog/images/lumen-beauty/LB-HAIR-0055.jpg,,,,new,Health & Beauty > Personal Care > Hair Care,Beauty > Hair,adult,,3 in,3 in,5 in,0.53 lb,LB-HAIR-GRP-005,Hair,Sky Blue,,,unisex,in_stock,,,,50,42.11 USD,35.70 USD,2026-07-01/2026-12-31,txcd_99999999,exclusive,,"US:ALL:Standard:3-5:0.00 USD,US:ALL:Expedited:1-2:9.99 USD",US:ALL:Standard:50.00 USD,
LB-HAIR-0056,Alpine Silk Scrunchie Set – Olive,"The Alpine Silk Scrunchie Set from Lumen Beauty, thoughtfully made, nourishes and strengthens from root to tip. Shown in Olive.",https://livgpt.vercel.app/?merchant=lumen-beauty&product=LB-HAIR-0056,Lumen Ritual,,LB-HAIR-0056,https://livgpt.vercel.app/mock-catalog/images/lumen-beauty/LB-HAIR-0056.jpg,,,,new,Health & Beauty > Personal Care > Hair Care,Beauty > Hair,adult,,3 in,3 in,5 in,0.55 lb,LB-HAIR-GRP-006,Hair,Olive,,,unisex,in_stock,,,,105,38.78 USD,,,txcd_99999999,exclusive,,"US:ALL:Standard:3-5:0.00 USD,US:ALL:Expedited:1-2:9.99 USD",US:ALL:Standard:50.00 USD,
LB-HAIR-0057,Pro Hair Oil – Burgundy,"The Pro Hair Oil from Lumen Beauty, crafted in silk, nourishes and strengthens from root to tip. Shown in Burgundy.",https://livgpt.vercel.app/?merchant=lumen-beauty&product=LB-HAIR-0057,Lumen Ritual,,LB-HAIR-0057,https://livgpt.vercel.app/mock-catalog/images/lumen-beauty/LB-HAIR-0057.jpg,,,,new,Health & Beauty > Personal Care > Hair Care,Beauty > Hair,adult,Silk,3 in,3 in,5 in,0.45 lb,LB-HAIR-GRP-006,Hair,Burgundy,,,unisex,in_stock,,,,22,37.95 USD,,,txcd_99999999,exclusive,,"US:ALL:Standard:3-5:0.00 USD,US:ALL:Expedited:1-2:9.99 USD",US:ALL:Standard:50.00 USD,
LB-HAIR-0058,Heritage Wide-Tooth Comb – Forest Green,"The Heritage Wide-Tooth Comb from Lumen Beauty, crafted in silk, nourishes and strengthens from root to tip. Shown in Forest Green.",https://livgpt.vercel.app/?merchant=lumen-beauty&product=LB-HAIR-0058,Lumen Skin,,LB-HAIR-0058,https://livgpt.vercel.app/mock-catalog/images/lumen-beauty/LB-HAIR-0058.jpg,,,,new,Health & Beauty > Personal Care > Hair Care,Beauty > Hair,adult,Silk,3 in,3 in,5 in,0.52 lb,LB-HAIR-GRP-007,Hair,Forest Green,,,unisex,in_stock,,,,56,14.06 USD,,,txcd_99999999,exclusive,,"US:ALL:Standard:3-5:0.00 USD,US:ALL:Expedited:1-2:9.99 USD",US:ALL:Standard:50.00 USD,
LB-HAIR-0059,Modern Repair Shampoo – Forest Green,"The Modern Repair Shampoo from Lumen Beauty, thoughtfully made, nourishes and strengthens from root to tip. Shown in Forest Green.",https://livgpt.vercel.app/?merchant=lumen-beauty&product=LB-HAIR-0059,Lumen Skin,,LB-HAIR-0059,https://livgpt.vercel.app/mock-catalog/images/lumen-beauty/LB-HAIR-0059.jpg,,,,new,Health & Beauty > Personal Care > Hair Care,Beauty > Hair,adult,,3 in,3 in,5 in,0.46 lb,LB-HAIR-GRP-007,Hair,Forest Green,,,unisex,in_stock,,,,187,49.25 USD,,,txcd_99999999,exclusive,,"US:ALL:Standard:3-5:0.00 USD,US:ALL:Expedited:1-2:9.99 USD",US:ALL:Standard:50.00 USD,
LB-HAIR-0060,Terra Conditioner – Navy,"The Terra Conditioner from Lumen Beauty, thoughtfully made, nourishes and strengthens from root to tip. Shown in Navy.",https://livgpt.vercel.app/?merchant=lumen-beauty&product=LB-HAIR-0060,Lumen Ritual,,LB-HAIR-0060,https://livgpt.vercel.app/mock-catalog/images/lumen-beauty/LB-HAIR-0060.jpg,,,,new,Health & Beauty > Personal Care > Hair Care,Beauty > Hair,adult,,3 in,3 in,5 in,0.53 lb,LB-HAIR-GRP-008,Hair,Navy,,,unisex,in_stock,,,,220,31.38 USD,28.52 USD,2026-07-01/2026-12-31,txcd_99999999,exclusive,,"US:ALL:Standard:3-5:0.00 USD,US:ALL:Expedited:1-2:9.99 USD",US:ALL:Standard:50.00 USD,
LB-BATH-0061,Modern Whipped Body Butter,"The Modern Whipped Body Butter from Lumen Beauty, thoughtfully made, leaves skin soft, smooth, and lightly scented.",https://livgpt.vercel.app/?merchant=lumen-beauty&product=LB-BATH-0061,Lumen,,LB-BATH-0061,https://livgpt.vercel.app/mock-catalog/images/lumen-beauty/LB-BATH-0061.jpg,,,,new,Health & Beauty > Personal Care > Bath & Body,Beauty > Bath & Body,adult,,3 in,3 in,5 in,0.46 lb,LB-BATH-GRP-001,Bath & Body,,,,unisex,in_stock,,,,17,21.40 USD,,,txcd_99999999,exclusive,,"US:ALL:Standard:3-5:0.00 USD,US:ALL:Expedited:1-2:9.99 USD",US:ALL:Standard:50.00 USD,
LB-BATH-0062,Pro Whipped Body Butter,"The Pro Whipped Body Butter from Lumen Beauty, thoughtfully made, leaves skin soft, smooth, and lightly scented.",https://livgpt.vercel.app/?merchant=lumen-beauty&product=LB-BATH-0062,Lumen,,LB-BATH-0062,https://livgpt.vercel.app/mock-catalog/images/lumen-beauty/LB-BATH-0062.jpg,,,,new,Health & Beauty > Personal Care > Bath & Body,Beauty > Bath & Body,adult,,3 in,3 in,5 in,0.47 lb,LB-BATH-GRP-001,Bath & Body,,,,unisex,in_stock,,,,27,29.22 USD,,,txcd_99999999,exclusive,,"US:ALL:Standard:3-5:0.00 USD,US:ALL:Expedited:1-2:9.99 USD",US:ALL:Standard:50.00 USD,
LB-BATH-0063,Studio Whipped Body Butter,"The Studio Whipped Body Butter from Lumen Beauty, thoughtfully made, leaves skin soft, smooth, and lightly scented.",https://livgpt.vercel.app/?merchant=lumen-beauty&product=LB-BATH-0063,Lumen,,LB-BATH-0063,https://livgpt.vercel.app/mock-catalog/images/lumen-beauty/LB-BATH-0063.jpg,,,,new,Health & Beauty > Personal Care > Bath & Body,Beauty > Bath & Body,adult,,3 in,3 in,5 in,0.54 lb,LB-BATH-GRP-002,Bath & Body,,,,unisex,in_stock,,,,123,29.16 USD,24.86 USD,2026-07-01/2026-12-31,txcd_99999999,exclusive,,"US:ALL:Standard:3-5:0.00 USD,US:ALL:Expedited:1-2:9.99 USD",US:ALL:Standard:50.00 USD,
LB-BATH-0064,Everyday Exfoliating Scrub,"The Everyday Exfoliating Scrub from Lumen Beauty, thoughtfully made, leaves skin soft, smooth, and lightly scented.",https://livgpt.vercel.app/?merchant=lumen-beauty&product=LB-BATH-0064,Lumen,,LB-BATH-0064,https://livgpt.vercel.app/mock-catalog/images/lumen-beauty/LB-BATH-0064.jpg,,,,new,Health & Beauty > Personal Care > Bath & Body,Beauty > Bath & Body,adult,,3 in,3 in,5 in,0.48 lb,LB-BATH-GRP-002,Bath & Body,,,,unisex,in_stock,,,,92,17.14 USD,,,txcd_99999999,exclusive,,"US:ALL:Standard:3-5:0.00 USD,US:ALL:Expedited:1-2:9.99 USD",US:ALL:Standard:50.00 USD,
LB-BATH-0065,Modern Bath Salts,"The Modern Bath Salts from Lumen Beauty, thoughtfully made, leaves skin soft, smooth, and lightly scented.",https://livgpt.vercel.app/?merchant=lumen-beauty&product=LB-BATH-0065,Lumen,,LB-BATH-0065,https://livgpt.vercel.app/mock-catalog/images/lumen-beauty/LB-BATH-0065.jpg,,,,new,Health & Beauty > Personal Care > Bath & Body,Beauty > Bath & Body,adult,,3 in,3 in,5 in,0.48 lb,LB-BATH-GRP-003,Bath & Body,,,,unisex,in_stock,,,,195,20.57 USD,,,txcd_99999999,exclusive,,"US:ALL:Standard:3-5:0.00 USD,US:ALL:Expedited:1-2:9.99 USD",US:ALL:Standard:50.00 USD,
LB-BATH-0066,Rugged Whipped Body Butter,"The Rugged Whipped Body Butter from Lumen Beauty, thoughtfully made, leaves skin soft, smooth, and lightly scented.",https://livgpt.vercel.app/?merchant=lumen-beauty&product=LB-BATH-0066,Lumen,,LB-BATH-0066,https://livgpt.vercel.app/mock-catalog/images/lumen-beauty/LB-BATH-0066.jpg,,,,new,Health & Beauty > Personal Care > Bath & Body,Beauty > Bath & Body,adult,,3 in,3 in,5 in,0.45 lb,LB-BATH-GRP-003,Bath & Body,,,,unisex,in_stock,,,,111,27.55 USD,,,txcd_99999999,exclusive,,"US:ALL:Standard:3-5:0.00 USD,US:ALL:Expedited:1-2:9.99 USD",US:ALL:Standard:50.00 USD,
LB-BATH-0067,Aero Body Wash,"The Aero Body Wash from Lumen Beauty, thoughtfully made, leaves skin soft, smooth, and lightly scented.",https://livgpt.vercel.app/?merchant=lumen-beauty&product=LB-BATH-0067,Lumen,,LB-BATH-0067,https://livgpt.vercel.app/mock-catalog/images/lumen-beauty/LB-BATH-0067.jpg,,,,new,Health & Beauty > Personal Care > Bath & Body,Beauty > Bath & Body,adult,,3 in,3 in,5 in,0.51 lb,LB-BATH-GRP-004,Bath & Body,,,,unisex,in_stock,,,,3,38.91 USD,35.44 USD,2026-07-01/2026-12-31,txcd_99999999,exclusive,,"US:ALL:Standard:3-5:0.00 USD,US:ALL:Expedited:1-2:9.99 USD",US:ALL:Standard:50.00 USD,
LB-BATH-0068,Featherlight Exfoliating Scrub,"The Featherlight Exfoliating Scrub from Lumen Beauty, thoughtfully made, leaves skin soft, smooth, and lightly scented.",https://livgpt.vercel.app/?merchant=lumen-beauty&product=LB-BATH-0068,Lumen Ritual,,LB-BATH-0068,https://livgpt.vercel.app/mock-catalog/images/lumen-beauty/LB-BATH-0068.jpg,,,,new,Health & Beauty > Personal Care > Bath & Body,Beauty > Bath & Body,adult,,3 in,3 in,5 in,0.47 lb,LB-BATH-GRP-004,Bath & Body,,,,unisex,in_stock,,,,6,30.37 USD,24.77 USD,2026-07-01/2026-12-31,txcd_99999999,exclusive,,"US:ALL:Standard:3-5:0.00 USD,US:ALL:Expedited:1-2:9.99 USD",US:ALL:Standard:50.00 USD,
LB-BATH-0069,Minimalist Bath Salts,"The Minimalist Bath Salts from Lumen Beauty, thoughtfully made, leaves skin soft, smooth, and lightly scented.",https://livgpt.vercel.app/?merchant=lumen-beauty&product=LB-BATH-0069,Lumen,,LB-BATH-0069,https://livgpt.vercel.app/mock-catalog/images/lumen-beauty/LB-BATH-0069.jpg,,,,new,Health & Beauty > Personal Care > Bath & Body,Beauty > Bath & Body,adult,,3 in,3 in,5 in,0.55 lb,LB-BATH-GRP-005,Bath & Body,,,,unisex,in_stock,,,,215,19.12 USD,,,txcd_99999999,exclusive,,"US:ALL:Standard:3-5:0.00 USD,US:ALL:Expedited:1-2:9.99 USD",US:ALL:Standard:50.00 USD,
LB-BATH-0070,Aero Exfoliating Scrub,"The Aero Exfoliating Scrub from Lumen Beauty, thoughtfully made, leaves skin soft, smooth, and lightly scented.",https://livgpt.vercel.app/?merchant=lumen-beauty&product=LB-BATH-0070,Lumen Skin,,LB-BATH-0070,https://livgpt.vercel.app/mock-catalog/images/lumen-beauty/LB-BATH-0070.jpg,,,,new,Health & Beauty > Personal Care > Bath & Body,Beauty > Bath & Body,adult,,3 in,3 in,5 in,0.53 lb,LB-BATH-GRP-005,Bath & Body,,,,unisex,in_stock,,,,108,32.21 USD,,,txcd_99999999,exclusive,,"US:ALL:Standard:3-5:0.00 USD,US:ALL:Expedited:1-2:9.99 USD",US:ALL:Standard:50.00 USD,
LB-BATH-0071,Rugged Body Wash,"The Rugged Body Wash from Lumen Beauty, thoughtfully made, leaves skin soft, smooth, and lightly scented.",https://livgpt.vercel.app/?merchant=lumen-beauty&product=LB-BATH-0071,Lumen Ritual,,LB-BATH-0071,https://livgpt.vercel.app/mock-catalog/images/lumen-beauty/LB-BATH-0071.jpg,,,,new,Health & Beauty > Personal Care > Bath & Body,Beauty > Bath & Body,adult,,3 in,3 in,5 in,0.55 lb,LB-BATH-GRP-006,Bath & Body,,,,unisex,in_stock,,,,197,24.32 USD,,,txcd_99999999,exclusive,,"US:ALL:Standard:3-5:0.00 USD,US:ALL:Expedited:1-2:9.99 USD",US:ALL:Standard:50.00 USD,
LB-BATH-0072,Urban Bath Salts,"The Urban Bath Salts from Lumen Beauty, thoughtfully made, leaves skin soft, smooth, and lightly scented.",https://livgpt.vercel.app/?merchant=lumen-beauty&product=LB-BATH-0072,Lumen,,LB-BATH-0072,https://livgpt.vercel.app/mock-catalog/images/lumen-beauty/LB-BATH-0072.jpg,,,,new,Health & Beauty > Personal Care > Bath & Body,Beauty > Bath & Body,adult,,3 in,3 in,5 in,0.54 lb,LB-BATH-GRP-006,Bath & Body,,,,unisex,in_stock,,,,134,17.77 USD,,,txcd_99999999,exclusive,,"US:ALL:Standard:3-5:0.00 USD,US:ALL:Expedited:1-2:9.99 USD",US:ALL:Standard:50.00 USD,
LB-BATH-0073,Signature Whipped Body Butter,"The Signature Whipped Body Butter from Lumen Beauty, thoughtfully made, leaves skin soft, smooth, and lightly scented.",https://livgpt.vercel.app/?merchant=lumen-beauty&product=LB-BATH-0073,Lumen Ritual,,LB-BATH-0073,https://livgpt.vercel.app/mock-catalog/images/lumen-beauty/LB-BATH-0073.jpg,,,,new,Health & Beauty > Personal Care > Bath & Body,Beauty > Bath & Body,adult,,3 in,3 in,5 in,0.55 lb,LB-BATH-GRP-007,Bath & Body,,,,unisex,in_stock,,,,178,48.35 USD,,,txcd_99999999,exclusive,,"US:ALL:Standard:3-5:0.00 USD,US:ALL:Expedited:1-2:9.99 USD",US:ALL:Standard:50.00 USD,
LB-BATH-0074,Classic Whipped Body Butter,"The Classic Whipped Body Butter from Lumen Beauty, thoughtfully made, leaves skin soft, smooth, and lightly scented.",https://livgpt.vercel.app/?merchant=lumen-beauty&product=LB-BATH-0074,Lumen Skin,,LB-BATH-0074,https://livgpt.vercel.app/mock-catalog/images/lumen-beauty/LB-BATH-0074.jpg,,,,new,Health & Beauty > Personal Care > Bath & Body,Beauty > Bath & Body,adult,,3 in,3 in,5 in,0.48 lb,LB-BATH-GRP-007,Bath & Body,,,,unisex,in_stock,,,,64,37.70 USD,,,txcd_99999999,exclusive,,"US:ALL:Standard:3-5:0.00 USD,US:ALL:Expedited:1-2:9.99 USD",US:ALL:Standard:50.00 USD,
LB-BATH-0075,Premium Whipped Body Butter,"The Premium Whipped Body Butter from Lumen Beauty, thoughtfully made, leaves skin soft, smooth, and lightly scented.",https://livgpt.vercel.app/?merchant=lumen-beauty&product=LB-BATH-0075,Lumen Skin,,LB-BATH-0075,https://livgpt.vercel.app/mock-catalog/images/lumen-beauty/LB-BATH-0075.jpg,,,,new,Health & Beauty > Personal Care > Bath & Body,Beauty > Bath & Body,adult,,3 in,3 in,5 in,0.55 lb,LB-BATH-GRP-008,Bath & Body,,,,unisex,in_stock,,,,154,13.74 USD,,,txcd_99999999,exclusive,,"US:ALL:Standard:3-5:0.00 USD,US:ALL:Expedited:1-2:9.99 USD",US:ALL:Standard:50.00 USD,
LB-MAKE-0076,Minimalist Tinted Lip Balm – Cream,"The Minimalist Tinted Lip Balm from Lumen Beauty, thoughtfully made, a clean, buildable formula for an effortless look. Shown in Cream.",https://livgpt.vercel.app/?merchant=lumen-beauty&product=LB-MAKE-0076,Lumen Skin,,LB-MAKE-0076,https://livgpt.vercel.app/mock-catalog/images/lumen-beauty/LB-MAKE-0076.jpg,,,,new,Health & Beauty > Personal Care > Cosmetics > Makeup,Beauty > Makeup,adult,,3 in,3 in,5 in,0.53 lb,LB-MAKE-GRP-001,Makeup,Cream,,,unisex,in_stock,,,,218,57.26 USD,,,txcd_99999999,exclusive,,"US:ALL:Standard:3-5:0.00 USD,US:ALL:Expedited:1-2:9.99 USD",US:ALL:Standard:50.00 USD,
LB-MAKE-0077,Trail Cream Blush – Terracotta,"The Trail Cream Blush from Lumen Beauty, thoughtfully made, a clean, buildable formula for an effortless look. Shown in Terracotta.",https://livgpt.vercel.app/?merchant=lumen-beauty&product=LB-MAKE-0077,Lumen Skin,,LB-MAKE-0077,https://livgpt.vercel.app/mock-catalog/images/lumen-beauty/LB-MAKE-0077.jpg,,,,new,Health & Beauty > Personal Care > Cosmetics > Makeup,Beauty > Makeup,adult,,3 in,3 in,5 in,0.51 lb,LB-MAKE-GRP-001,Makeup,Terracotta,,,unisex,in_stock,,,,135,58.92 USD,,,txcd_99999999,exclusive,,"US:ALL:Standard:3-5:0.00 USD,US:ALL:Expedited:1-2:9.99 USD",US:ALL:Standard:50.00 USD,
LB-MAKE-0078,Everyday Liquid Foundation – Blush Pink,"The Everyday Liquid Foundation from Lumen Beauty, thoughtfully made, a clean, buildable formula for an effortless look. Shown in Blush Pink.",https://livgpt.vercel.app/?merchant=lumen-beauty&product=LB-MAKE-0078,Lumen,,LB-MAKE-0078,https://livgpt.vercel.app/mock-catalog/images/lumen-beauty/LB-MAKE-0078.jpg,,,,new,Health & Beauty > Personal Care > Cosmetics > Makeup,Beauty > Makeup,adult,,3 in,3 in,5 in,0.54 lb,LB-MAKE-GRP-002,Makeup,Blush Pink,,,unisex,in_stock,,,,149,33.02 USD,,,txcd_99999999,exclusive,,"US:ALL:Standard:3-5:0.00 USD,US:ALL:Expedited:1-2:9.99 USD",US:ALL:Standard:50.00 USD,
LB-MAKE-0079,Modern Brow Gel – Sand,"The Modern Brow Gel from Lumen Beauty, thoughtfully made, a clean, buildable formula for an effortless look. Shown in Sand.",https://livgpt.vercel.app/?merchant=lumen-beauty&product=LB-MAKE-0079,Lumen Ritual,,LB-MAKE-0079,https://livgpt.vercel.app/mock-catalog/images/lumen-beauty/LB-MAKE-0079.jpg,,,,new,Health & Beauty > Personal Care > Cosmetics > Makeup,Beauty > Makeup,adult,,3 in,3 in,5 in,0.5 lb,LB-MAKE-GRP-002,Makeup,Sand,,,unisex,in_stock,,,,83,35.07 USD,,,txcd_99999999,exclusive,,"US:ALL:Standard:3-5:0.00 USD,US:ALL:Expedited:1-2:9.99 USD",US:ALL:Standard:50.00 USD,
LB-MAKE-0080,Studio Cream Blush – Black,"The Studio Cream Blush from Lumen Beauty, thoughtfully made, a clean, buildable formula for an effortless look. Shown in Black.",https://livgpt.vercel.app/?merchant=lumen-beauty&product=LB-MAKE-0080,Lumen Ritual,,LB-MAKE-0080,https://livgpt.vercel.app/mock-catalog/images/lumen-beauty/LB-MAKE-0080.jpg,,,,new,Health & Beauty > Personal Care > Cosmetics > Makeup,Beauty > Makeup,adult,,3 in,3 in,5 in,0.48 lb,LB-MAKE-GRP-003,Makeup,Black,,,unisex,in_stock,,,,61,24.72 USD,,,txcd_99999999,exclusive,,"US:ALL:Standard:3-5:0.00 USD,US:ALL:Expedited:1-2:9.99 USD",US:ALL:Standard:50.00 USD,
LB-MAKE-0081,Essential Brow Gel – Terracotta,"The Essential Brow Gel from Lumen Beauty, thoughtfully made, a clean, buildable formula for an effortless look. Shown in Terracotta.",https://livgpt.vercel.app/?merchant=lumen-beauty&product=LB-MAKE-0081,Lumen Ritual,,LB-MAKE-0081,https://livgpt.vercel.app/mock-catalog/images/lumen-beauty/LB-MAKE-0081.jpg,,,,new,Health & Beauty > Personal Care > Cosmetics > Makeup,Beauty > Makeup,adult,,3 in,3 in,5 in,0.46 lb,LB-MAKE-GRP-003,Makeup,Terracotta,,,unisex,in_stock,,,,54,37.14 USD,,,txcd_99999999,exclusive,,"US:ALL:Standard:3-5:0.00 USD,US:ALL:Expedited:1-2:9.99 USD",US:ALL:Standard:50.00 USD,
LB-MAKE-0082,Alpine Liquid Foundation – Cream,"The Alpine Liquid Foundation from Lumen Beauty, thoughtfully made, a clean, buildable formula for an effortless look. Shown in Cream.",https://livgpt.vercel.app/?merchant=lumen-beauty&product=LB-MAKE-0082,Lumen Ritual,,LB-MAKE-0082,https://livgpt.vercel.app/mock-catalog/images/lumen-beauty/LB-MAKE-0082.jpg,,,,new,Health & Beauty > Personal Care > Cosmetics > Makeup,Beauty > Makeup,adult,,3 in,3 in,5 in,0.51 lb,LB-MAKE-GRP-004,Makeup,Cream,,,unisex,in_stock,,,,216,51.94 USD,,,txcd_99999999,exclusive,,"US:ALL:Standard:3-5:0.00 USD,US:ALL:Expedited:1-2:9.99 USD",US:ALL:Standard:50.00 USD,
LB-MAKE-0083,Signature Tinted Lip Balm – Sky Blue,"The Signature Tinted Lip Balm from Lumen Beauty, thoughtfully made, a clean, buildable formula for an effortless look. Shown in Sky Blue.",https://livgpt.vercel.app/?merchant=lumen-beauty&product=LB-MAKE-0083,Lumen Skin,,LB-MAKE-0083,https://livgpt.vercel.app/mock-catalog/images/lumen-beauty/LB-MAKE-0083.jpg,,,,new,Health & Beauty > Personal Care > Cosmetics > Makeup,Beauty > Makeup,adult,,3 in,3 in,5 in,0.54 lb,LB-MAKE-GRP-004,Makeup,Sky Blue,,,unisex,in_stock,,,,35,46.01 USD,,,txcd_99999999,exclusive,,"US:ALL:Standard:3-5:0.00 USD,US:ALL:Expedited:1-2:9.99 USD",US:ALL:Standard:50.00 USD,
LB-MAKE-0084,Coastal Tinted Lip Balm – Blush Pink,"The Coastal Tinted Lip Balm from Lumen Beauty, thoughtfully made, a clean, buildable formula for an effortless look. Shown in Blush Pink.",https://livgpt.vercel.app/?merchant=lumen-beauty&product=LB-MAKE-0084,Lumen,,LB-MAKE-0084,https://livgpt.vercel.app/mock-catalog/images/lumen-beauty/LB-MAKE-0084.jpg,,,,new,Health & Beauty > Personal Care > Cosmetics > Makeup,Beauty > Makeup,adult,,3 in,3 in,5 in,0.48 lb,LB-MAKE-GRP-005,Makeup,Blush Pink,,,unisex,in_stock,,,,241,14.96 USD,12.74 USD,2026-07-01/2026-12-31,txcd_99999999,exclusive,,"US:ALL:Standard:3-5:0.00 USD,US:ALL:Expedited:1-2:9.99 USD",US:ALL:Standard:50.00 USD,
LB-MAKE-0085,Modern Cream Blush – Sand,"The Modern Cream Blush from Lumen Beauty, thoughtfully made, a clean, buildable formula for an effortless look. Shown in Sand.",https://livgpt.vercel.app/?merchant=lumen-beauty&product=LB-MAKE-0085,Lumen Ritual,,LB-MAKE-0085,https://livgpt.vercel.app/mock-catalog/images/lumen-beauty/LB-MAKE-0085.jpg,,,,new,Health & Beauty > Personal Care > Cosmetics > Makeup,Beauty > Makeup,adult,,3 in,3 in,5 in,0.45 lb,LB-MAKE-GRP-005,Makeup,Sand,,,unisex,in_stock,,,,227,28.51 USD,,,txcd_99999999,exclusive,,"US:ALL:Standard:3-5:0.00 USD,US:ALL:Expedited:1-2:9.99 USD",US:ALL:Standard:50.00 USD,
LB-MAKE-0086,Heritage Tinted Lip Balm – Forest Green,"The Heritage Tinted Lip Balm from Lumen Beauty, thoughtfully made, a clean, buildable formula for an effortless look. Shown in Forest Green.",https://livgpt.vercel.app/?merchant=lumen-beauty&product=LB-MAKE-0086,Lumen Ritual,,LB-MAKE-0086,https://livgpt.vercel.app/mock-catalog/images/lumen-beauty/LB-MAKE-0086.jpg,,,,new,Health & Beauty > Personal Care > Cosmetics > Makeup,Beauty > Makeup,adult,,3 in,3 in,5 in,0.46 lb,LB-MAKE-GRP-006,Makeup,Forest Green,,,unisex,in_stock,,,,243,30.04 USD,,,txcd_99999999,exclusive,,"US:ALL:Standard:3-5:0.00 USD,US:ALL:Expedited:1-2:9.99 USD",US:ALL:Standard:50.00 USD,
LB-MAKE-0087,Premium Liquid Foundation – Black,"The Premium Liquid Foundation from Lumen Beauty, thoughtfully made, a clean, buildable formula for an effortless look. Shown in Black.",https://livgpt.vercel.app/?merchant=lumen-beauty&product=LB-MAKE-0087,Lumen Skin,,LB-MAKE-0087,https://livgpt.vercel.app/mock-catalog/images/lumen-beauty/LB-MAKE-0087.jpg,,,,new,Health & Beauty > Personal Care > Cosmetics > Makeup,Beauty > Makeup,adult,,3 in,3 in,5 in,0.54 lb,LB-MAKE-GRP-006,Makeup,Black,,,unisex,in_stock,,,,48,52.34 USD,40.75 USD,2026-07-01/2026-12-31,txcd_99999999,exclusive,,"US:ALL:Standard:3-5:0.00 USD,US:ALL:Expedited:1-2:9.99 USD",US:ALL:Standard:50.00 USD,
LB-MAKE-0088,Everyday Brow Gel – Slate Gray,"The Everyday Brow Gel from Lumen Beauty, thoughtfully made, a clean, buildable formula for an effortless look. Shown in Slate Gray.",https://livgpt.vercel.app/?merchant=lumen-beauty&product=LB-MAKE-0088,Lumen Ritual,,LB-MAKE-0088,https://livgpt.vercel.app/mock-catalog/images/lumen-beauty/LB-MAKE-0088.jpg,,,,new,Health & Beauty > Personal Care > Cosmetics > Makeup,Beauty > Makeup,adult,,3 in,3 in,5 in,0.51 lb,LB-MAKE-GRP-007,Makeup,Slate Gray,,,unisex,in_stock,,,,227,47.25 USD,,,txcd_99999999,exclusive,,"US:ALL:Standard:3-5:0.00 USD,US:ALL:Expedited:1-2:9.99 USD",US:ALL:Standard:50.00 USD,
LB-MAKE-0089,Trail Mascara – Cream,"The Trail Mascara from Lumen Beauty, thoughtfully made, a clean, buildable formula for an effortless look. Shown in Cream.",https://livgpt.vercel.app/?merchant=lumen-beauty&product=LB-MAKE-0089,Lumen Ritual,,LB-MAKE-0089,https://livgpt.vercel.app/mock-catalog/images/lumen-beauty/LB-MAKE-0089.jpg,,,,new,Health & Beauty > Personal Care > Cosmetics > Makeup,Beauty > Makeup,adult,,3 in,3 in,5 in,0.47 lb,LB-MAKE-GRP-007,Makeup,Cream,,,unisex,in_stock,,,,125,45.07 USD,,,txcd_99999999,exclusive,,"US:ALL:Standard:3-5:0.00 USD,US:ALL:Expedited:1-2:9.99 USD",US:ALL:Standard:50.00 USD,
LB-MAKE-0090,Nova Cream Blush – Cream,"The Nova Cream Blush from Lumen Beauty, thoughtfully made, a clean, buildable formula for an effortless look. Shown in Cream.",https://livgpt.vercel.app/?merchant=lumen-beauty&product=LB-MAKE-0090,Lumen Skin,,LB-MAKE-0090,https://livgpt.vercel.app/mock-catalog/images/lumen-beauty/LB-MAKE-0090.jpg,,,,new,Health & Beauty > Personal Care > Cosmetics > Makeup,Beauty > Makeup,adult,,3 in,3 in,5 in,0.46 lb,LB-MAKE-GRP-008,Makeup,Cream,,,unisex,in_stock,,,,182,20.33 USD,,,txcd_99999999,exclusive,,"US:ALL:Standard:3-5:0.00 USD,US:ALL:Expedited:1-2:9.99 USD",US:ALL:Standard:50.00 USD,
LB-WELL-0091,Studio Collagen Powder,"The Studio Collagen Powder from Lumen Beauty, thoughtfully made, supports glow from the inside out.",https://livgpt.vercel.app/?merchant=lumen-beauty&product=LB-WELL-0091,Lumen Ritual,,LB-WELL-0091,https://livgpt.vercel.app/mock-catalog/images/lumen-beauty/LB-WELL-0091.jpg,,,,new,Health & Beauty > Health Care > Vitamins & Supplements,Wellness > Supplements,adult,,3 in,3 in,5 in,0.49 lb,LB-WELL-GRP-001,Supplements,,,,unisex,in_stock,,,,9,31.11 USD,,,txcd_99999999,exclusive,,"US:ALL:Standard:3-5:0.00 USD,US:ALL:Expedited:1-2:9.99 USD",US:ALL:Standard:50.00 USD,
LB-WELL-0092,Luxe Beauty Sleep Tea,"The Luxe Beauty Sleep Tea from Lumen Beauty, thoughtfully made, supports glow from the inside out.",https://livgpt.vercel.app/?merchant=lumen-beauty&product=LB-WELL-0092,Lumen Ritual,,LB-WELL-0092,https://livgpt.vercel.app/mock-catalog/images/lumen-beauty/LB-WELL-0092.jpg,,,,new,Health & Beauty > Health Care > Vitamins & Supplements,Wellness > Supplements,adult,,3 in,3 in,5 in,0.52 lb,LB-WELL-GRP-001,Supplements,,,,unisex,in_stock,,,,40,29.72 USD,,,txcd_99999999,exclusive,,"US:ALL:Standard:3-5:0.00 USD,US:ALL:Expedited:1-2:9.99 USD",US:ALL:Standard:50.00 USD,
LB-WELL-0093,Featherlight Hair Gummies,"The Featherlight Hair Gummies from Lumen Beauty, thoughtfully made, supports glow from the inside out.",https://livgpt.vercel.app/?merchant=lumen-beauty&product=LB-WELL-0093,Lumen,,LB-WELL-0093,https://livgpt.vercel.app/mock-catalog/images/lumen-beauty/LB-WELL-0093.jpg,,,,new,Health & Beauty > Health Care > Vitamins & Supplements,Wellness > Supplements,adult,,3 in,3 in,5 in,0.48 lb,LB-WELL-GRP-002,Supplements,,,,unisex,in_stock,,,,220,55.14 USD,,,txcd_99999999,exclusive,,"US:ALL:Standard:3-5:0.00 USD,US:ALL:Expedited:1-2:9.99 USD",US:ALL:Standard:50.00 USD,
LB-WELL-0094,Nova Collagen Powder,"The Nova Collagen Powder from Lumen Beauty, thoughtfully made, supports glow from the inside out.",https://livgpt.vercel.app/?merchant=lumen-beauty&product=LB-WELL-0094,Lumen Ritual,,LB-WELL-0094,https://livgpt.vercel.app/mock-catalog/images/lumen-beauty/LB-WELL-0094.jpg,,,,new,Health & Beauty > Health Care > Vitamins & Supplements,Wellness > Supplements,adult,,3 in,3 in,5 in,0.47 lb,LB-WELL-GRP-002,Supplements,,,,unisex,in_stock,,,,39,19.23 USD,,,txcd_99999999,exclusive,,"US:ALL:Standard:3-5:0.00 USD,US:ALL:Expedited:1-2:9.99 USD",US:ALL:Standard:50.00 USD,
LB-WELL-0095,Minimalist Collagen Powder,"The Minimalist Collagen Powder from Lumen Beauty, thoughtfully made, supports glow from the inside out.",https://livgpt.vercel.app/?merchant=lumen-beauty&product=LB-WELL-0095,Lumen Skin,,LB-WELL-0095,https://livgpt.vercel.app/mock-catalog/images/lumen-beauty/LB-WELL-0095.jpg,,,,new,Health & Beauty > Health Care > Vitamins & Supplements,Wellness > Supplements,adult,,3 in,3 in,5 in,0.46 lb,LB-WELL-GRP-003,Supplements,,,,unisex,in_stock,,,,153,30.18 USD,,,txcd_99999999,exclusive,,"US:ALL:Standard:3-5:0.00 USD,US:ALL:Expedited:1-2:9.99 USD",US:ALL:Standard:50.00 USD,
LB-WELL-0096,Rugged Beauty Sleep Tea,"The Rugged Beauty Sleep Tea from Lumen Beauty, thoughtfully made, supports glow from the inside out.",https://livgpt.vercel.app/?merchant=lumen-beauty&product=LB-WELL-0096,Lumen Skin,,LB-WELL-0096,https://livgpt.vercel.app/mock-catalog/images/lumen-beauty/LB-WELL-0096.jpg,,,,new,Health & Beauty > Health Care > Vitamins & Supplements,Wellness > Supplements,adult,,3 in,3 in,5 in,0.46 lb,LB-WELL-GRP-003,Supplements,,,,unisex,in_stock,,,,158,18.73 USD,,,txcd_99999999,exclusive,,"US:ALL:Standard:3-5:0.00 USD,US:ALL:Expedited:1-2:9.99 USD",US:ALL:Standard:50.00 USD,
LB-WELL-0097,Heritage Collagen Powder,"The Heritage Collagen Powder from Lumen Beauty, thoughtfully made, supports glow from the inside out.",https://livgpt.vercel.app/?merchant=lumen-beauty&product=LB-WELL-0097,Lumen,,LB-WELL-0097,https://livgpt.vercel.app/mock-catalog/images/lumen-beauty/LB-WELL-0097.jpg,,,,new,Health & Beauty > Health Care > Vitamins & Supplements,Wellness > Supplements,adult,,3 in,3 in,5 in,0.45 lb,LB-WELL-GRP-004,Supplements,,,,unisex,in_stock,,,,108,43.52 USD,,,txcd_99999999,exclusive,,"US:ALL:Standard:3-5:0.00 USD,US:ALL:Expedited:1-2:9.99 USD",US:ALL:Standard:50.00 USD,
LB-WELL-0098,Premium Hair Gummies,"The Premium Hair Gummies from Lumen Beauty, thoughtfully made, supports glow from the inside out.",https://livgpt.vercel.app/?merchant=lumen-beauty&product=LB-WELL-0098,Lumen,,LB-WELL-0098,https://livgpt.vercel.app/mock-catalog/images/lumen-beauty/LB-WELL-0098.jpg,,,,new,Health & Beauty > Health Care > Vitamins & Supplements,Wellness > Supplements,adult,,3 in,3 in,5 in,0.53 lb,LB-WELL-GRP-004,Supplements,,,,unisex,in_stock,,,,88,41.23 USD,31.37 USD,2026-07-01/2026-12-31,txcd_99999999,exclusive,,"US:ALL:Standard:3-5:0.00 USD,US:ALL:Expedited:1-2:9.99 USD",US:ALL:Standard:50.00 USD,
LB-WELL-0099,Essential Magnesium Drink Mix,"The Essential Magnesium Drink Mix from Lumen Beauty, thoughtfully made, supports glow from the inside out.",https://livgpt.vercel.app/?merchant=lumen-beauty&product=LB-WELL-0099,Lumen,,LB-WELL-0099,https://livgpt.vercel.app/mock-catalog/images/lumen-beauty/LB-WELL-0099.jpg,,,,new,Health & Beauty > Health Care > Vitamins & Supplements,Wellness > Supplements,adult,,3 in,3 in,5 in,0.54 lb,LB-WELL-GRP-005,Supplements,,,,unisex,in_stock,,,,93,32.44 USD,,,txcd_99999999,exclusive,,"US:ALL:Standard:3-5:0.00 USD,US:ALL:Expedited:1-2:9.99 USD",US:ALL:Standard:50.00 USD,
LB-WELL-0100,Pro Collagen Powder,"The Pro Collagen Powder from Lumen Beauty, thoughtfully made, supports glow from the inside out.",https://livgpt.vercel.app/?merchant=lumen-beauty&product=LB-WELL-0100,Lumen Ritual,,LB-WELL-0100,https://livgpt.vercel.app/mock-catalog/images/lumen-beauty/LB-WELL-0100.jpg,,,,new,Health & Beauty > Health Care > Vitamins & Supplements,Wellness > Supplements,adult,,3 in,3 in,5 in,0.48 lb,LB-WELL-GRP-005,Supplements,,,,unisex,in_stock,,,,4,57.22 USD,,,txcd_99999999,exclusive,,"US:ALL:Standard:3-5:0.00 USD,US:ALL:Expedited:1-2:9.99 USD",US:ALL:Standard:50.00 USD,
LB-WELL-0101,Minimalist Magnesium Drink Mix,"The Minimalist Magnesium Drink Mix from Lumen Beauty, thoughtfully made, supports glow from the inside out.",https://livgpt.vercel.app/?merchant=lumen-beauty&product=LB-WELL-0101,Lumen Skin,,LB-WELL-0101,https://livgpt.vercel.app/mock-catalog/images/lumen-beauty/LB-WELL-0101.jpg,,,,new,Health & Beauty > Health Care > Vitamins & Supplements,Wellness > Supplements,adult,,3 in,3 in,5 in,0.45 lb,LB-WELL-GRP-006,Supplements,,,,unisex,in_stock,,,,177,59.27 USD,,,txcd_99999999,exclusive,,"US:ALL:Standard:3-5:0.00 USD,US:ALL:Expedited:1-2:9.99 USD",US:ALL:Standard:50.00 USD,
LB-WELL-0102,Featherlight Collagen Powder,"The Featherlight Collagen Powder from Lumen Beauty, thoughtfully made, supports glow from the inside out.",https://livgpt.vercel.app/?merchant=lumen-beauty&product=LB-WELL-0102,Lumen Skin,,LB-WELL-0102,https://livgpt.vercel.app/mock-catalog/images/lumen-beauty/LB-WELL-0102.jpg,,,,new,Health & Beauty > Health Care > Vitamins & Supplements,Wellness > Supplements,adult,,3 in,3 in,5 in,0.47 lb,LB-WELL-GRP-006,Supplements,,,,unisex,in_stock,,,,86,19.00 USD,,,txcd_99999999,exclusive,,"US:ALL:Standard:3-5:0.00 USD,US:ALL:Expedited:1-2:9.99 USD",US:ALL:Standard:50.00 USD,
LB-WELL-0103,Coastal Magnesium Drink Mix,"The Coastal Magnesium Drink Mix from Lumen Beauty, thoughtfully made, supports glow from the inside out.",https://livgpt.vercel.app/?merchant=lumen-beauty&product=LB-WELL-0103,Lumen Ritual,,LB-WELL-0103,https://livgpt.vercel.app/mock-catalog/images/lumen-beauty/LB-WELL-0103.jpg,,,,new,Health & Beauty > Health Care > Vitamins & Supplements,Wellness > Supplements,adult,,3 in,3 in,5 in,0.54 lb,LB-WELL-GRP-007,Supplements,,,,unisex,in_stock,,,,23,61.72 USD,,,txcd_99999999,exclusive,,"US:ALL:Standard:3-5:0.00 USD,US:ALL:Expedited:1-2:9.99 USD",US:ALL:Standard:50.00 USD,
LB-WELL-0104,Pro Hair Gummies,"The Pro Hair Gummies from Lumen Beauty, thoughtfully made, supports glow from the inside out.",https://livgpt.vercel.app/?merchant=lumen-beauty&product=LB-WELL-0104,Lumen Ritual,,LB-WELL-0104,https://livgpt.vercel.app/mock-catalog/images/lumen-beauty/LB-WELL-0104.jpg,,,,new,Health & Beauty > Health Care > Vitamins & Supplements,Wellness > Supplements,adult,,3 in,3 in,5 in,0.48 lb,LB-WELL-GRP-007,Supplements,,,,unisex,in_stock,,,,227,19.95 USD,,,txcd_99999999,exclusive,,"US:ALL:Standard:3-5:0.00 USD,US:ALL:Expedited:1-2:9.99 USD",US:ALL:Standard:50.00 USD,
LB-WELL-0105,Signature Hair Gummies,"The Signature Hair Gummies from Lumen Beauty, thoughtfully made, supports glow from the inside out.",https://livgpt.vercel.app/?merchant=lumen-beauty&product=LB-WELL-0105,Lumen Skin,,LB-WELL-0105,https://livgpt.vercel.app/mock-catalog/images/lumen-beauty/LB-WELL-0105.jpg,,,,new,Health & Beauty > Health Care > Vitamins & Supplements,Wellness > Supplements,adult,,3 in,3 in,5 in,0.51 lb,LB-WELL-GRP-008,Supplements,,,,unisex,in_stock,,,,178,50.77 USD,,,txcd_99999999,exclusive,,"US:ALL:Standard:3-5:0.00 USD,US:ALL:Expedited:1-2:9.99 USD",US:ALL:Standard:50.00 USD,
LB-FRAG-0106,Pro Eau de Parfum,"The Pro Eau de Parfum from Lumen Beauty, thoughtfully made, a signature scent that lasts through the day.",https://livgpt.vercel.app/?merchant=lumen-beauty&product=LB-FRAG-0106,Lumen,,LB-FRAG-0106,https://livgpt.vercel.app/mock-catalog/images/lumen-beauty/LB-FRAG-0106.jpg,,,,new,Health & Beauty > Personal Care > Cosmetics > Perfume & Cologne,Beauty > Fragrance,adult,,4 in,4 in,5 in,1.01 lb,LB-FRAG-GRP-001,Fragrance,,,,unisex,in_stock,,,,78,95.66 USD,,,txcd_99999999,exclusive,,"US:ALL:Standard:3-5:0.00 USD,US:ALL:Expedited:1-2:9.99 USD",US:ALL:Standard:50.00 USD,
LB-FRAG-0107,Luxe Body Mist,"The Luxe Body Mist from Lumen Beauty, thoughtfully made, a signature scent that lasts through the day.",https://livgpt.vercel.app/?merchant=lumen-beauty&product=LB-FRAG-0107,Lumen,,LB-FRAG-0107,https://livgpt.vercel.app/mock-catalog/images/lumen-beauty/LB-FRAG-0107.jpg,,,,new,Health & Beauty > Personal Care > Cosmetics > Perfume & Cologne,Beauty > Fragrance,adult,,4 in,4 in,5 in,0.96 lb,LB-FRAG-GRP-001,Fragrance,,,,unisex,in_stock,,,,209,59.44 USD,,,txcd_99999999,exclusive,,"US:ALL:Standard:3-5:0.00 USD,US:ALL:Expedited:1-2:9.99 USD",US:ALL:Standard:50.00 USD,
LB-FRAG-0108,Luxe Solid Perfume,"The Luxe Solid Perfume from Lumen Beauty, thoughtfully made, a signature scent that lasts through the day.",https://livgpt.vercel.app/?merchant=lumen-beauty&product=LB-FRAG-0108,Lumen Skin,,LB-FRAG-0108,https://livgpt.vercel.app/mock-catalog/images/lumen-beauty/LB-FRAG-0108.jpg,,,,new,Health & Beauty > Personal Care > Cosmetics > Perfume & Cologne,Beauty > Fragrance,adult,,4 in,4 in,5 in,1.06 lb,LB-FRAG-GRP-002,Fragrance,,,,unisex,in_stock,,,,99,111.11 USD,,,txcd_99999999,exclusive,,"US:ALL:Standard:3-5:0.00 USD,US:ALL:Expedited:1-2:9.99 USD",US:ALL:Standard:50.00 USD,
LB-FRAG-0109,Nova Eau de Parfum,"The Nova Eau de Parfum from Lumen Beauty, thoughtfully made, a signature scent that lasts through the day.",https://livgpt.vercel.app/?merchant=lumen-beauty&product=LB-FRAG-0109,Lumen Ritual,,LB-FRAG-0109,https://livgpt.vercel.app/mock-catalog/images/lumen-beauty/LB-FRAG-0109.jpg,,,,new,Health & Beauty > Personal Care > Cosmetics > Perfume & Cologne,Beauty > Fragrance,adult,,4 in,4 in,5 in,0.93 lb,LB-FRAG-GRP-002,Fragrance,,,,unisex,in_stock,,,,105,109.27 USD,,,txcd_99999999,exclusive,,"US:ALL:Standard:3-5:0.00 USD,US:ALL:Expedited:1-2:9.99 USD",US:ALL:Standard:50.00 USD,
LB-FRAG-0110,Minimalist Solid Perfume,"The Minimalist Solid Perfume from Lumen Beauty, thoughtfully made, a signature scent that lasts through the day.",https://livgpt.vercel.app/?merchant=lumen-beauty&product=LB-FRAG-0110,Lumen,,LB-FRAG-0110,https://livgpt.vercel.app/mock-catalog/images/lumen-beauty/LB-FRAG-0110.jpg,,,,new,Health & Beauty > Personal Care > Cosmetics > Perfume & Cologne,Beauty > Fragrance,adult,,4 in,4 in,5 in,1.06 lb,LB-FRAG-GRP-003,Fragrance,,,,unisex,in_stock,,,,214,82.47 USD,,,txcd_99999999,exclusive,,"US:ALL:Standard:3-5:0.00 USD,US:ALL:Expedited:1-2:9.99 USD",US:ALL:Standard:50.00 USD,
LB-FRAG-0111,Modern Eau de Parfum,"The Modern Eau de Parfum from Lumen Beauty, thoughtfully made, a signature scent that lasts through the day.",https://livgpt.vercel.app/?merchant=lumen-beauty&product=LB-FRAG-0111,Lumen,,LB-FRAG-0111,https://livgpt.vercel.app/mock-catalog/images/lumen-beauty/LB-FRAG-0111.jpg,,,,new,Health & Beauty > Personal Care > Cosmetics > Perfume & Cologne,Beauty > Fragrance,adult,,4 in,4 in,5 in,0.95 lb,LB-FRAG-GRP-003,Fragrance,,,,unisex,in_stock,,,,125,67.05 USD,,,txcd_99999999,exclusive,,"US:ALL:Standard:3-5:0.00 USD,US:ALL:Expedited:1-2:9.99 USD",US:ALL:Standard:50.00 USD,
LB-FRAG-0112,Studio Body Mist,"The Studio Body Mist from Lumen Beauty, thoughtfully made, a signature scent that lasts through the day.",https://livgpt.vercel.app/?merchant=lumen-beauty&product=LB-FRAG-0112,Lumen Skin,,LB-FRAG-0112,https://livgpt.vercel.app/mock-catalog/images/lumen-beauty/LB-FRAG-0112.jpg,,,,new,Health & Beauty > Personal Care > Cosmetics > Perfume & Cologne,Beauty > Fragrance,adult,,4 in,4 in,5 in,0.91 lb,LB-FRAG-GRP-004,Fragrance,,,,unisex,in_stock,,,,228,54.22 USD,,,txcd_99999999,exclusive,,"US:ALL:Standard:3-5:0.00 USD,US:ALL:Expedited:1-2:9.99 USD",US:ALL:Standard:50.00 USD,
LB-FRAG-0113,Featherlight Rollerball Perfume,"The Featherlight Rollerball Perfume from Lumen Beauty, thoughtfully made, a signature scent that lasts through the day.",https://livgpt.vercel.app/?merchant=lumen-beauty&product=LB-FRAG-0113,Lumen Ritual,,LB-FRAG-0113,https://livgpt.vercel.app/mock-catalog/images/lumen-beauty/LB-FRAG-0113.jpg,,,,new,Health & Beauty > Personal Care > Cosmetics > Perfume & Cologne,Beauty > Fragrance,adult,,4 in,4 in,5 in,0.96 lb,LB-FRAG-GRP-004,Fragrance,,,,unisex,in_stock,,,,159,101.83 USD,,,txcd_99999999,exclusive,,"US:ALL:Standard:3-5:0.00 USD,US:ALL:Expedited:1-2:9.99 USD",US:ALL:Standard:50.00 USD,
LB-FRAG-0114,Featherlight Body Mist,"The Featherlight Body Mist from Lumen Beauty, thoughtfully made, a signature scent that lasts through the day.",https://livgpt.vercel.app/?merchant=lumen-beauty&product=LB-FRAG-0114,Lumen Skin,,LB-FRAG-0114,https://livgpt.vercel.app/mock-catalog/images/lumen-beauty/LB-FRAG-0114.jpg,,,,new,Health & Beauty > Personal Care > Cosmetics > Perfume & Cologne,Beauty > Fragrance,adult,,4 in,4 in,5 in,1.07 lb,LB-FRAG-GRP-005,Fragrance,,,,unisex,in_stock,,,,147,125.80 USD,,,txcd_99999999,exclusive,,"US:ALL:Standard:3-5:0.00 USD,US:ALL:Expedited:1-2:9.99 USD",US:ALL:Standard:50.00 USD,
LB-FRAG-0115,Premium Body Mist,"The Premium Body Mist from Lumen Beauty, thoughtfully made, a signature scent that lasts through the day.",https://livgpt.vercel.app/?merchant=lumen-beauty&product=LB-FRAG-0115,Lumen Ritual,,LB-FRAG-0115,https://livgpt.vercel.app/mock-catalog/images/lumen-beauty/LB-FRAG-0115.jpg,,,,new,Health & Beauty > Personal Care > Cosmetics > Perfume & Cologne,Beauty > Fragrance,adult,,4 in,4 in,5 in,0.95 lb,LB-FRAG-GRP-005,Fragrance,,,,unisex,in_stock,,,,179,121.01 USD,105.92 USD,2026-07-01/2026-12-31,txcd_99999999,exclusive,,"US:ALL:Standard:3-5:0.00 USD,US:ALL:Expedited:1-2:9.99 USD",US:ALL:Standard:50.00 USD,
LB-FRAG-0116,Premium Rollerball Perfume,"The Premium Rollerball Perfume from Lumen Beauty, thoughtfully made, a signature scent that lasts through the day.",https://livgpt.vercel.app/?merchant=lumen-beauty&product=LB-FRAG-0116,Lumen,,LB-FRAG-0116,https://livgpt.vercel.app/mock-catalog/images/lumen-beauty/LB-FRAG-0116.jpg,,,,new,Health & Beauty > Personal Care > Cosmetics > Perfume & Cologne,Beauty > Fragrance,adult,,4 in,4 in,5 in,1.01 lb,LB-FRAG-GRP-006,Fragrance,,,,unisex,in_stock,,,,205,56.43 USD,,,txcd_99999999,exclusive,,"US:ALL:Standard:3-5:0.00 USD,US:ALL:Expedited:1-2:9.99 USD",US:ALL:Standard:50.00 USD,
LB-FRAG-0117,Minimalist Body Mist,"The Minimalist Body Mist from Lumen Beauty, thoughtfully made, a signature scent that lasts through the day.",https://livgpt.vercel.app/?merchant=lumen-beauty&product=LB-FRAG-0117,Lumen,,LB-FRAG-0117,https://livgpt.vercel.app/mock-catalog/images/lumen-beauty/LB-FRAG-0117.jpg,,,,new,Health & Beauty > Personal Care > Cosmetics > Perfume & Cologne,Beauty > Fragrance,adult,,4 in,4 in,5 in,0.98 lb,LB-FRAG-GRP-006,Fragrance,,,,unisex,in_stock,,,,231,120.85 USD,,,txcd_99999999,exclusive,,"US:ALL:Standard:3-5:0.00 USD,US:ALL:Expedited:1-2:9.99 USD",US:ALL:Standard:50.00 USD,
LB-FRAG-0118,Terra Solid Perfume,"The Terra Solid Perfume from Lumen Beauty, thoughtfully made, a signature scent that lasts through the day.",https://livgpt.vercel.app/?merchant=lumen-beauty&product=LB-FRAG-0118,Lumen Ritual,,LB-FRAG-0118,https://livgpt.vercel.app/mock-catalog/images/lumen-beauty/LB-FRAG-0118.jpg,,,,new,Health & Beauty > Personal Care > Cosmetics > Perfume & Cologne,Beauty > Fragrance,adult,,4 in,4 in,5 in,0.9 lb,LB-FRAG-GRP-007,Fragrance,,,,unisex,in_stock,,,,246,77.35 USD,,,txcd_99999999,exclusive,,"US:ALL:Standard:3-5:0.00 USD,US:ALL:Expedited:1-2:9.99 USD",US:ALL:Standard:50.00 USD,
LB-FRAG-0119,Alpine Solid Perfume,"The Alpine Solid Perfume from Lumen Beauty, thoughtfully made, a signature scent that lasts through the day.",https://livgpt.vercel.app/?merchant=lumen-beauty&product=LB-FRAG-0119,Lumen Ritual,,LB-FRAG-0119,https://livgpt.vercel.app/mock-catalog/images/lumen-beauty/LB-FRAG-0119.jpg,,,,new,Health & Beauty > Personal Care > Cosmetics > Perfume & Cologne,Beauty > Fragrance,adult,,4 in,4 in,5 in,0.97 lb,LB-FRAG-GRP-007,Fragrance,,,,unisex,in_stock,,,,186,54.49 USD,50.10 USD,2026-07-01/2026-12-31,txcd_99999999,exclusive,,"US:ALL:Standard:3-5:0.00 USD,US:ALL:Expedited:1-2:9.99 USD",US:ALL:Standard:50.00 USD,
LB-FRAG-0120,Aero Solid Perfume,"The Aero Solid Perfume from Lumen Beauty, thoughtfully made, a signature scent that lasts through the day.",https://livgpt.vercel.app/?merchant=lumen-beauty&product=LB-FRAG-0120,Lumen Ritual,,LB-FRAG-0120,https://livgpt.vercel.app/mock-catalog/images/lumen-beauty/LB-FRAG-0120.jpg,,,,new,Health & Beauty > Personal Care > Cosmetics > Perfume & Cologne,Beauty > Fragrance,adult,,4 in,4 in,5 in,0.93 lb,LB-FRAG-GRP-008,Fragrance,,,,unisex,in_stock,,,,176,50.59 USD,,,txcd_99999999,exclusive,,"US:ALL:Standard:3-5:0.00 USD,US:ALL:Expedited:1-2:9.99 USD",US:ALL:Standard:50.00 USD,
LB-TOOL-0121,Studio Jade Roller – Burgundy,"The Studio Jade Roller from Lumen Beauty, crafted in synthetic, a spa-quality ritual you can do at home. Shown in Burgundy.",https://livgpt.vercel.app/?merchant=lumen-beauty&product=LB-TOOL-0121,Lumen Ritual,,LB-TOOL-0121,https://livgpt.vercel.app/mock-catalog/images/lumen-beauty/LB-TOOL-0121.jpg,,,,new,Health & Beauty > Personal Care > Cosmetics > Cosmetic Tools,Beauty > Tools,adult,Synthetic,3 in,3 in,5 in,0.55 lb,LB-TOOL-GRP-001,Tools,Burgundy,,,unisex,in_stock,,,,219,49.04 USD,,,txcd_99999999,exclusive,,"US:ALL:Standard:3-5:0.00 USD,US:ALL:Expedited:1-2:9.99 USD",US:ALL:Standard:50.00 USD,
LB-TOOL-0122,Coastal Facial Steamer – White,"The Coastal Facial Steamer from Lumen Beauty, crafted in synthetic, a spa-quality ritual you can do at home. Shown in White.",https://livgpt.vercel.app/?merchant=lumen-beauty&product=LB-TOOL-0122,Lumen Skin,,LB-TOOL-0122,https://livgpt.vercel.app/mock-catalog/images/lumen-beauty/LB-TOOL-0122.jpg,,,,new,Health & Beauty > Personal Care > Cosmetics > Cosmetic Tools,Beauty > Tools,adult,Synthetic,3 in,3 in,5 in,0.48 lb,LB-TOOL-GRP-001,Tools,White,,,unisex,in_stock,,,,17,52.08 USD,39.54 USD,2026-07-01/2026-12-31,txcd_99999999,exclusive,,"US:ALL:Standard:3-5:0.00 USD,US:ALL:Expedited:1-2:9.99 USD",US:ALL:Standard:50.00 USD,
LB-TOOL-0123,Premium Facial Steamer – Charcoal,"The Premium Facial Steamer from Lumen Beauty, crafted in synthetic, a spa-quality ritual you can do at home. Shown in Charcoal.",https://livgpt.vercel.app/?merchant=lumen-beauty&product=LB-TOOL-0123,Lumen Ritual,,LB-TOOL-0123,https://livgpt.vercel.app/mock-catalog/images/lumen-beauty/LB-TOOL-0123.jpg,,,,new,Health & Beauty > Personal Care > Cosmetics > Cosmetic Tools,Beauty > Tools,adult,Synthetic,3 in,3 in,5 in,0.45 lb,LB-TOOL-GRP-002,Tools,Charcoal,,,unisex,in_stock,,,,181,52.26 USD,,,txcd_99999999,exclusive,,"US:ALL:Standard:3-5:0.00 USD,US:ALL:Expedited:1-2:9.99 USD",US:ALL:Standard:50.00 USD,
LB-TOOL-0124,Nova Facial Steamer – Terracotta,"The Nova Facial Steamer from Lumen Beauty, crafted in synthetic, a spa-quality ritual you can do at home. Shown in Terracotta.",https://livgpt.vercel.app/?merchant=lumen-beauty&product=LB-TOOL-0124,Lumen Skin,,LB-TOOL-0124,https://livgpt.vercel.app/mock-catalog/images/lumen-beauty/LB-TOOL-0124.jpg,,,,new,Health & Beauty > Personal Care > Cosmetics > Cosmetic Tools,Beauty > Tools,adult,Synthetic,3 in,3 in,5 in,0.55 lb,LB-TOOL-GRP-002,Tools,Terracotta,,,unisex,in_stock,,,,249,51.19 USD,,,txcd_99999999,exclusive,,"US:ALL:Standard:3-5:0.00 USD,US:ALL:Expedited:1-2:9.99 USD",US:ALL:Standard:50.00 USD,
LB-TOOL-0125,Essential Jade Roller – Slate Gray,"The Essential Jade Roller from Lumen Beauty, crafted in synthetic, a spa-quality ritual you can do at home. Shown in Slate Gray.",https://livgpt.vercel.app/?merchant=lumen-beauty&product=LB-TOOL-0125,Lumen,,LB-TOOL-0125,https://livgpt.vercel.app/mock-catalog/images/lumen-beauty/LB-TOOL-0125.jpg,,,,new,Health & Beauty > Personal Care > Cosmetics > Cosmetic Tools,Beauty > Tools,adult,Synthetic,3 in,3 in,5 in,0.48 lb,LB-TOOL-GRP-003,Tools,Slate Gray,,,unisex,in_stock,,,,234,56.84 USD,,,txcd_99999999,exclusive,,"US:ALL:Standard:3-5:0.00 USD,US:ALL:Expedited:1-2:9.99 USD",US:ALL:Standard:50.00 USD,
LB-TOOL-0126,Rugged Makeup Brush Set – Blush Pink,"The Rugged Makeup Brush Set from Lumen Beauty, crafted in synthetic, a spa-quality ritual you can do at home. Shown in Blush Pink.",https://livgpt.vercel.app/?merchant=lumen-beauty&product=LB-TOOL-0126,Lumen Ritual,,LB-TOOL-0126,https://livgpt.vercel.app/mock-catalog/images/lumen-beauty/LB-TOOL-0126.jpg,,,,new,Health & Beauty > Personal Care > Cosmetics > Cosmetic Tools,Beauty > Tools,adult,Synthetic,3 in,3 in,5 in,0.49 lb,LB-TOOL-GRP-003,Tools,Blush Pink,,,unisex,in_stock,,,,80,52.53 USD,,,txcd_99999999,exclusive,,"US:ALL:Standard:3-5:0.00 USD,US:ALL:Expedited:1-2:9.99 USD",US:ALL:Standard:50.00 USD,
LB-TOOL-0127,Essential Makeup Brush Set – White,"The Essential Makeup Brush Set from Lumen Beauty, crafted in rose quartz, a spa-quality ritual you can do at home. Shown in White.",https://livgpt.vercel.app/?merchant=lumen-beauty&product=LB-TOOL-0127,Lumen Skin,,LB-TOOL-0127,https://livgpt.vercel.app/mock-catalog/images/lumen-beauty/LB-TOOL-0127.jpg,,,,new,Health & Beauty > Personal Care > Cosmetics > Cosmetic Tools,Beauty > Tools,adult,Rose Quartz,3 in,3 in,5 in,0.54 lb,LB-TOOL-GRP-004,Tools,White,,,unisex,in_stock,,,,232,47.18 USD,,,txcd_99999999,exclusive,,"US:ALL:Standard:3-5:0.00 USD,US:ALL:Expedited:1-2:9.99 USD",US:ALL:Standard:50.00 USD,
LB-TOOL-0128,Urban Facial Steamer – Sand,"The Urban Facial Steamer from Lumen Beauty, crafted in synthetic, a spa-quality ritual you can do at home. Shown in Sand.",https://livgpt.vercel.app/?merchant=lumen-beauty&product=LB-TOOL-0128,Lumen Skin,,LB-TOOL-0128,https://livgpt.vercel.app/mock-catalog/images/lumen-beauty/LB-TOOL-0128.jpg,,,,new,Health & Beauty > Personal Care > Cosmetics > Cosmetic Tools,Beauty > Tools,adult,Synthetic,3 in,3 in,5 in,0.52 lb,LB-TOOL-GRP-004,Tools,Sand,,,unisex,in_stock,,,,193,13.48 USD,,,txcd_99999999,exclusive,,"US:ALL:Standard:3-5:0.00 USD,US:ALL:Expedited:1-2:9.99 USD",US:ALL:Standard:50.00 USD,
LB-TOOL-0129,Trail Makeup Brush Set – Sand,"The Trail Makeup Brush Set from Lumen Beauty, crafted in rose quartz, a spa-quality ritual you can do at home. Shown in Sand.",https://livgpt.vercel.app/?merchant=lumen-beauty&product=LB-TOOL-0129,Lumen,,LB-TOOL-0129,https://livgpt.vercel.app/mock-catalog/images/lumen-beauty/LB-TOOL-0129.jpg,,,,new,Health & Beauty > Personal Care > Cosmetics > Cosmetic Tools,Beauty > Tools,adult,Rose Quartz,3 in,3 in,5 in,0.47 lb,LB-TOOL-GRP-005,Tools,Sand,,,unisex,in_stock,,,,70,24.65 USD,,,txcd_99999999,exclusive,,"US:ALL:Standard:3-5:0.00 USD,US:ALL:Expedited:1-2:9.99 USD",US:ALL:Standard:50.00 USD,
LB-TOOL-0130,Classic Makeup Brush Set – Terracotta,"The Classic Makeup Brush Set from Lumen Beauty, crafted in synthetic, a spa-quality ritual you can do at home. Shown in Terracotta.",https://livgpt.vercel.app/?merchant=lumen-beauty&product=LB-TOOL-0130,Lumen Ritual,,LB-TOOL-0130,https://livgpt.vercel.app/mock-catalog/images/lumen-beauty/LB-TOOL-0130.jpg,,,,new,Health & Beauty > Personal Care > Cosmetics > Cosmetic Tools,Beauty > Tools,adult,Synthetic,3 in,3 in,5 in,0.49 lb,LB-TOOL-GRP-005,Tools,Terracotta,,,unisex,in_stock,,,,63,57.81 USD,,,txcd_99999999,exclusive,,"US:ALL:Standard:3-5:0.00 USD,US:ALL:Expedited:1-2:9.99 USD",US:ALL:Standard:50.00 USD,
LB-TOOL-0131,Trail Gua Sha Stone – Forest Green,"The Trail Gua Sha Stone from Lumen Beauty, crafted in rose quartz, a spa-quality ritual you can do at home. Shown in Forest Green.",https://livgpt.vercel.app/?merchant=lumen-beauty&product=LB-TOOL-0131,Lumen Ritual,,LB-TOOL-0131,https://livgpt.vercel.app/mock-catalog/images/lumen-beauty/LB-TOOL-0131.jpg,,,,new,Health & Beauty > Personal Care > Cosmetics > Cosmetic Tools,Beauty > Tools,adult,Rose Quartz,3 in,3 in,5 in,0.49 lb,LB-TOOL-GRP-006,Tools,Forest Green,,,unisex,in_stock,,,,241,14.98 USD,,,txcd_99999999,exclusive,,"US:ALL:Standard:3-5:0.00 USD,US:ALL:Expedited:1-2:9.99 USD",US:ALL:Standard:50.00 USD,
LB-TOOL-0132,Classic Facial Steamer – White,"The Classic Facial Steamer from Lumen Beauty, crafted in rose quartz, a spa-quality ritual you can do at home. Shown in White.",https://livgpt.vercel.app/?merchant=lumen-beauty&product=LB-TOOL-0132,Lumen Skin,,LB-TOOL-0132,https://livgpt.vercel.app/mock-catalog/images/lumen-beauty/LB-TOOL-0132.jpg,,,,new,Health & Beauty > Personal Care > Cosmetics > Cosmetic Tools,Beauty > Tools,adult,Rose Quartz,3 in,3 in,5 in,0.45 lb,LB-TOOL-GRP-006,Tools,White,,,unisex,in_stock,,,,67,47.74 USD,,,txcd_99999999,exclusive,,"US:ALL:Standard:3-5:0.00 USD,US:ALL:Expedited:1-2:9.99 USD",US:ALL:Standard:50.00 USD,
LB-TOOL-0133,Aero Facial Steamer – Olive,"The Aero Facial Steamer from Lumen Beauty, crafted in rose quartz, a spa-quality ritual you can do at home. Shown in Olive.",https://livgpt.vercel.app/?merchant=lumen-beauty&product=LB-TOOL-0133,Lumen Ritual,,LB-TOOL-0133,https://livgpt.vercel.app/mock-catalog/images/lumen-beauty/LB-TOOL-0133.jpg,,,,new,Health & Beauty > Personal Care > Cosmetics > Cosmetic Tools,Beauty > Tools,adult,Rose Quartz,3 in,3 in,5 in,0.5 lb,LB-TOOL-GRP-007,Tools,Olive,,,unisex,in_stock,,,,70,43.14 USD,,,txcd_99999999,exclusive,,"US:ALL:Standard:3-5:0.00 USD,US:ALL:Expedited:1-2:9.99 USD",US:ALL:Standard:50.00 USD,
LB-TOOL-0134,Signature Facial Steamer – Cream,"The Signature Facial Steamer from Lumen Beauty, crafted in synthetic, a spa-quality ritual you can do at home. Shown in Cream.",https://livgpt.vercel.app/?merchant=lumen-beauty&product=LB-TOOL-0134,Lumen,,LB-TOOL-0134,https://livgpt.vercel.app/mock-catalog/images/lumen-beauty/LB-TOOL-0134.jpg,,,,new,Health & Beauty > Personal Care > Cosmetics > Cosmetic Tools,Beauty > Tools,adult,Synthetic,3 in,3 in,5 in,0.48 lb,LB-TOOL-GRP-007,Tools,Cream,,,unisex,in_stock,,,,91,55.71 USD,43.97 USD,2026-07-01/2026-12-31,txcd_99999999,exclusive,,"US:ALL:Standard:3-5:0.00 USD,US:ALL:Expedited:1-2:9.99 USD",US:ALL:Standard:50.00 USD,
LB-TOOL-0135,Terra Jade Roller – Sand,"The Terra Jade Roller from Lumen Beauty, crafted in rose quartz, a spa-quality ritual you can do at home. Shown in Sand.",https://livgpt.vercel.app/?merchant=lumen-beauty&product=LB-TOOL-0135,Lumen Skin,,LB-TOOL-0135,https://livgpt.vercel.app/mock-catalog/images/lumen-beauty/LB-TOOL-0135.jpg,,,,new,Health & Beauty > Personal Care > Cosmetics > Cosmetic Tools,Beauty > Tools,adult,Rose Quartz,3 in,3 in,5 in,0.48 lb,LB-TOOL-GRP-008,Tools,Sand,,,unisex,in_stock,,,,110,56.19 USD,,,txcd_99999999,exclusive,,"US:ALL:Standard:3-5:0.00 USD,US:ALL:Expedited:1-2:9.99 USD",US:ALL:Standard:50.00 USD,
LB-GIFT-0136,Nova Travel Beauty Kit,"The Nova Travel Beauty Kit from Lumen Beauty, thoughtfully made, a ready-to-gift set of favorites, beautifully boxed.",https://livgpt.vercel.app/?merchant=lumen-beauty&product=LB-GIFT-0136,Lumen Ritual,,LB-GIFT-0136,https://livgpt.vercel.app/mock-catalog/images/lumen-beauty/LB-GIFT-0136.jpg,,,,new,Health & Beauty > Personal Care > Cosmetics > Cosmetic Sets,Beauty > Gift Sets,adult,,3 in,3 in,5 in,0.47 lb,LB-GIFT-GRP-001,Gift Sets,,,,unisex,in_stock,,,,69,110.38 USD,,,txcd_99999999,exclusive,,"US:ALL:Standard:3-5:0.00 USD,US:ALL:Expedited:1-2:9.99 USD",US:ALL:Standard:50.00 USD,
LB-GIFT-0137,Rugged Skincare Gift Set,"The Rugged Skincare Gift Set from Lumen Beauty, thoughtfully made, a ready-to-gift set of favorites, beautifully boxed.",https://livgpt.vercel.app/?merchant=lumen-beauty&product=LB-GIFT-0137,Lumen Skin,,LB-GIFT-0137,https://livgpt.vercel.app/mock-catalog/images/lumen-beauty/LB-GIFT-0137.jpg,,,,new,Health & Beauty > Personal Care > Cosmetics > Cosmetic Sets,Beauty > Gift Sets,adult,,3 in,3 in,5 in,0.47 lb,LB-GIFT-GRP-001,Gift Sets,,,,unisex,in_stock,,,,196,85.58 USD,,,txcd_99999999,exclusive,,"US:ALL:Standard:3-5:0.00 USD,US:ALL:Expedited:1-2:9.99 USD",US:ALL:Standard:50.00 USD,
LB-GIFT-0138,Urban Self-Care Ritual Box,"The Urban Self-Care Ritual Box from Lumen Beauty, thoughtfully made, a ready-to-gift set of favorites, beautifully boxed.",https://livgpt.vercel.app/?merchant=lumen-beauty&product=LB-GIFT-0138,Lumen Ritual,,LB-GIFT-0138,https://livgpt.vercel.app/mock-catalog/images/lumen-beauty/LB-GIFT-0138.jpg,,,,new,Health & Beauty > Personal Care > Cosmetics > Cosmetic Sets,Beauty > Gift Sets,adult,,3 in,3 in,5 in,0.47 lb,LB-GIFT-GRP-002,Gift Sets,,,,unisex,in_stock,,,,246,97.15 USD,,,txcd_99999999,exclusive,,"US:ALL:Standard:3-5:0.00 USD,US:ALL:Expedited:1-2:9.99 USD",US:ALL:Standard:50.00 USD,
LB-GIFT-0139,Luxe Travel Beauty Kit,"The Luxe Travel Beauty Kit from Lumen Beauty, thoughtfully made, a ready-to-gift set of favorites, beautifully boxed.",https://livgpt.vercel.app/?merchant=lumen-beauty&product=LB-GIFT-0139,Lumen,,LB-GIFT-0139,https://livgpt.vercel.app/mock-catalog/images/lumen-beauty/LB-GIFT-0139.jpg,,,,new,Health & Beauty > Personal Care > Cosmetics > Cosmetic Sets,Beauty > Gift Sets,adult,,3 in,3 in,5 in,0.47 lb,LB-GIFT-GRP-002,Gift Sets,,,,unisex,in_stock,,,,49,137.29 USD,,,txcd_99999999,exclusive,,"US:ALL:Standard:3-5:0.00 USD,US:ALL:Expedited:1-2:9.99 USD",US:ALL:Standard:50.00 USD,
LB-GIFT-0140,Premium Self-Care Ritual Box,"The Premium Self-Care Ritual Box from Lumen Beauty, thoughtfully made, a ready-to-gift set of favorites, beautifully boxed.",https://livgpt.vercel.app/?merchant=lumen-beauty&product=LB-GIFT-0140,Lumen Ritual,,LB-GIFT-0140,https://livgpt.vercel.app/mock-catalog/images/lumen-beauty/LB-GIFT-0140.jpg,,,,new,Health & Beauty > Personal Care > Cosmetics > Cosmetic Sets,Beauty > Gift Sets,adult,,3 in,3 in,5 in,0.46 lb,LB-GIFT-GRP-003,Gift Sets,,,,unisex,in_stock,,,,245,60.94 USD,,,txcd_99999999,exclusive,,"US:ALL:Standard:3-5:0.00 USD,US:ALL:Expedited:1-2:9.99 USD",US:ALL:Standard:50.00 USD,
LB-GIFT-0141,Classic Travel Beauty Kit,"The Classic Travel Beauty Kit from Lumen Beauty, thoughtfully made, a ready-to-gift set of favorites, beautifully boxed.",https://livgpt.vercel.app/?merchant=lumen-beauty&product=LB-GIFT-0141,Lumen Skin,,LB-GIFT-0141,https://livgpt.vercel.app/mock-catalog/images/lumen-beauty/LB-GIFT-0141.jpg,,,,new,Health & Beauty > Personal Care > Cosmetics > Cosmetic Sets,Beauty > Gift Sets,adult,,3 in,3 in,5 in,0.53 lb,LB-GIFT-GRP-003,Gift Sets,,,,unisex,in_stock,,,,95,71.88 USD,,,txcd_99999999,exclusive,,"US:ALL:Standard:3-5:0.00 USD,US:ALL:Expedited:1-2:9.99 USD",US:ALL:Standard:50.00 USD,
LB-GIFT-0142,Premium Travel Beauty Kit,"The Premium Travel Beauty Kit from Lumen Beauty, thoughtfully made, a ready-to-gift set of favorites, beautifully boxed.",https://livgpt.vercel.app/?merchant=lumen-beauty&product=LB-GIFT-0142,Lumen,,LB-GIFT-0142,https://livgpt.vercel.app/mock-catalog/images/lumen-beauty/LB-GIFT-0142.jpg,,,,new,Health & Beauty > Personal Care > Cosmetics > Cosmetic Sets,Beauty > Gift Sets,adult,,3 in,3 in,5 in,0.48 lb,LB-GIFT-GRP-004,Gift Sets,,,,unisex,in_stock,,,,247,41.12 USD,,,txcd_99999999,exclusive,,"US:ALL:Standard:3-5:0.00 USD,US:ALL:Expedited:1-2:9.99 USD",US:ALL:Standard:50.00 USD,
LB-GIFT-0143,Everyday Travel Beauty Kit,"The Everyday Travel Beauty Kit from Lumen Beauty, thoughtfully made, a ready-to-gift set of favorites, beautifully boxed.",https://livgpt.vercel.app/?merchant=lumen-beauty&product=LB-GIFT-0143,Lumen Ritual,,LB-GIFT-0143,https://livgpt.vercel.app/mock-catalog/images/lumen-beauty/LB-GIFT-0143.jpg,,,,new,Health & Beauty > Personal Care > Cosmetics > Cosmetic Sets,Beauty > Gift Sets,adult,,3 in,3 in,5 in,0.45 lb,LB-GIFT-GRP-004,Gift Sets,,,,unisex,in_stock,,,,121,92.41 USD,71.71 USD,2026-07-01/2026-12-31,txcd_99999999,exclusive,,"US:ALL:Standard:3-5:0.00 USD,US:ALL:Expedited:1-2:9.99 USD",US:ALL:Standard:50.00 USD,
LB-GIFT-0144,Everyday Spa Night Set,"The Everyday Spa Night Set from Lumen Beauty, thoughtfully made, a ready-to-gift set of favorites, beautifully boxed.",https://livgpt.vercel.app/?merchant=lumen-beauty&product=LB-GIFT-0144,Lumen,,LB-GIFT-0144,https://livgpt.vercel.app/mock-catalog/images/lumen-beauty/LB-GIFT-0144.jpg,,,,new,Health & Beauty > Personal Care > Cosmetics > Cosmetic Sets,Beauty > Gift Sets,adult,,3 in,3 in,5 in,0.52 lb,LB-GIFT-GRP-005,Gift Sets,,,,unisex,in_stock,,,,155,52.05 USD,,,txcd_99999999,exclusive,,"US:ALL:Standard:3-5:0.00 USD,US:ALL:Expedited:1-2:9.99 USD",US:ALL:Standard:50.00 USD,
LB-GIFT-0145,Studio Self-Care Ritual Box,"The Studio Self-Care Ritual Box from Lumen Beauty, thoughtfully made, a ready-to-gift set of favorites, beautifully boxed.",https://livgpt.vercel.app/?merchant=lumen-beauty&product=LB-GIFT-0145,Lumen Ritual,,LB-GIFT-0145,https://livgpt.vercel.app/mock-catalog/images/lumen-beauty/LB-GIFT-0145.jpg,,,,new,Health & Beauty > Personal Care > Cosmetics > Cosmetic Sets,Beauty > Gift Sets,adult,,3 in,3 in,5 in,0.51 lb,LB-GIFT-GRP-005,Gift Sets,,,,unisex,in_stock,,,,234,57.25 USD,,,txcd_99999999,exclusive,,"US:ALL:Standard:3-5:0.00 USD,US:ALL:Expedited:1-2:9.99 USD",US:ALL:Standard:50.00 USD,
LB-GIFT-0146,Trail Skincare Gift Set,"The Trail Skincare Gift Set from Lumen Beauty, thoughtfully made, a ready-to-gift set of favorites, beautifully boxed.",https://livgpt.vercel.app/?merchant=lumen-beauty&product=LB-GIFT-0146,Lumen Skin,,LB-GIFT-0146,https://livgpt.vercel.app/mock-catalog/images/lumen-beauty/LB-GIFT-0146.jpg,,,,new,Health & Beauty > Personal Care > Cosmetics > Cosmetic Sets,Beauty > Gift Sets,adult,,3 in,3 in,5 in,0.54 lb,LB-GIFT-GRP-006,Gift Sets,,,,unisex,in_stock,,,,100,88.40 USD,,,txcd_99999999,exclusive,,"US:ALL:Standard:3-5:0.00 USD,US:ALL:Expedited:1-2:9.99 USD",US:ALL:Standard:50.00 USD,
LB-GIFT-0147,Luxe Self-Care Ritual Box,"The Luxe Self-Care Ritual Box from Lumen Beauty, thoughtfully made, a ready-to-gift set of favorites, beautifully boxed.",https://livgpt.vercel.app/?merchant=lumen-beauty&product=LB-GIFT-0147,Lumen Skin,,LB-GIFT-0147,https://livgpt.vercel.app/mock-catalog/images/lumen-beauty/LB-GIFT-0147.jpg,,,,new,Health & Beauty > Personal Care > Cosmetics > Cosmetic Sets,Beauty > Gift Sets,adult,,3 in,3 in,5 in,0.54 lb,LB-GIFT-GRP-006,Gift Sets,,,,unisex,in_stock,,,,244,89.32 USD,,,txcd_99999999,exclusive,,"US:ALL:Standard:3-5:0.00 USD,US:ALL:Expedited:1-2:9.99 USD",US:ALL:Standard:50.00 USD,
LB-GIFT-0148,Modern Self-Care Ritual Box,"The Modern Self-Care Ritual Box from Lumen Beauty, thoughtfully made, a ready-to-gift set of favorites, beautifully boxed.",https://livgpt.vercel.app/?merchant=lumen-beauty&product=LB-GIFT-0148,Lumen Ritual,,LB-GIFT-0148,https://livgpt.vercel.app/mock-catalog/images/lumen-beauty/LB-GIFT-0148.jpg,,,,new,Health & Beauty > Personal Care > Cosmetics > Cosmetic Sets,Beauty > Gift Sets,adult,,3 in,3 in,5 in,0.54 lb,LB-GIFT-GRP-007,Gift Sets,,,,unisex,in_stock,,,,193,143.74 USD,,,txcd_99999999,exclusive,,"US:ALL:Standard:3-5:0.00 USD,US:ALL:Expedited:1-2:9.99 USD",US:ALL:Standard:50.00 USD,
LB-GIFT-0149,Essential Self-Care Ritual Box,"The Essential Self-Care Ritual Box from Lumen Beauty, thoughtfully made, a ready-to-gift set of favorites, beautifully boxed.",https://livgpt.vercel.app/?merchant=lumen-beauty&product=LB-GIFT-0149,Lumen Skin,,LB-GIFT-0149,https://livgpt.vercel.app/mock-catalog/images/lumen-beauty/LB-GIFT-0149.jpg,,,,new,Health & Beauty > Personal Care > Cosmetics > Cosmetic Sets,Beauty > Gift Sets,adult,,3 in,3 in,5 in,0.55 lb,LB-GIFT-GRP-007,Gift Sets,,,,unisex,in_stock,,,,125,94.60 USD,85.38 USD,2026-07-01/2026-12-31,txcd_99999999,exclusive,,"US:ALL:Standard:3-5:0.00 USD,US:ALL:Expedited:1-2:9.99 USD",US:ALL:Standard:50.00 USD,
LB-GIFT-0150,Modern Travel Beauty Kit,"The Modern Travel Beauty Kit from Lumen Beauty, thoughtfully made, a ready-to-gift set of favorites, beautifully boxed.",https://livgpt.vercel.app/?merchant=lumen-beauty&product=LB-GIFT-0150,Lumen Skin,,LB-GIFT-0150,https://livgpt.vercel.app/mock-catalog/images/lumen-beauty/LB-GIFT-0150.jpg,,,,new,Health & Beauty > Personal Care > Cosmetics > Cosmetic Sets,Beauty > Gift Sets,adult,,3 in,3 in,5 in,0.54 lb,LB-GIFT-GRP-008,Gift Sets,,,,unisex,in_stock,,,,85,140.62 USD,,,txcd_99999999,exclusive,,"US:ALL:Standard:3-5:0.00 USD,US:ALL:Expedited:1-2:9.99 USD",US:ALL:Standard:50.00 USD,
LB-SKIN-0151,Classic Eye Cream,"The Classic Eye Cream from Lumen Beauty, thoughtfully made, a lightweight formula for visibly healthier skin.",https://livgpt.vercel.app/?merchant=lumen-beauty&product=LB-SKIN-0151,Lumen Ritual,,LB-SKIN-0151,https://livgpt.vercel.app/mock-catalog/images/lumen-beauty/LB-SKIN-0151.jpg,,,,new,Health & Beauty > Personal Care > Cosmetics > Skin Care,Beauty > Skincare,adult,,3 in,3 in,5 in,0.52 lb,LB-SKIN-GRP-008,Skincare,,,,unisex,in_stock,,,,225,31.03 USD,23.60 USD,2026-07-01/2026-12-31,txcd_99999999,exclusive,,"US:ALL:Standard:3-5:0.00 USD,US:ALL:Expedited:1-2:9.99 USD",US:ALL:Standard:50.00 USD,
LB-SKIN-0152,Trail Gentle Cleanser,"The Trail Gentle Cleanser from Lumen Beauty, thoughtfully made, a lightweight formula for visibly healthier skin.",https://livgpt.vercel.app/?merchant=lumen-beauty&product=LB-SKIN-0152,Lumen Ritual,,LB-SKIN-0152,https://livgpt.vercel.app/mock-catalog/images/lumen-beauty/LB-SKIN-0152.jpg,,,,new,Health & Beauty > Personal Care > Cosmetics > Skin Care,Beauty > Skincare,adult,,3 in,3 in,5 in,0.46 lb,LB-SKIN-GRP-009,Skincare,,,,unisex,in_stock,,,,152,79.53 USD,,,txcd_99999999,exclusive,,"US:ALL:Standard:3-5:0.00 USD,US:ALL:Expedited:1-2:9.99 USD",US:ALL:Standard:50.00 USD,
LB-SKIN-0153,Aero Hydrating Moisturizer,"The Aero Hydrating Moisturizer from Lumen Beauty, thoughtfully made, a lightweight formula for visibly healthier skin.",https://livgpt.vercel.app/?merchant=lumen-beauty&product=LB-SKIN-0153,Lumen Ritual,,LB-SKIN-0153,https://livgpt.vercel.app/mock-catalog/images/lumen-beauty/LB-SKIN-0153.jpg,,,,new,Health & Beauty > Personal Care > Cosmetics > Skin Care,Beauty > Skincare,adult,,3 in,3 in,5 in,0.51 lb,LB-SKIN-GRP-009,Skincare,,,,unisex,in_stock,,,,248,87.42 USD,,,txcd_99999999,exclusive,,"US:ALL:Standard:3-5:0.00 USD,US:ALL:Expedited:1-2:9.99 USD",US:ALL:Standard:50.00 USD,
LB-SKIN-0154,Terra Eye Cream,"The Terra Eye Cream from Lumen Beauty, thoughtfully made, a lightweight formula for visibly healthier skin.",https://livgpt.vercel.app/?merchant=lumen-beauty&product=LB-SKIN-0154,Lumen Skin,,LB-SKIN-0154,https://livgpt.vercel.app/mock-catalog/images/lumen-beauty/LB-SKIN-0154.jpg,,,,new,Health & Beauty > Personal Care > Cosmetics > Skin Care,Beauty > Skincare,adult,,3 in,3 in,5 in,0.47 lb,LB-SKIN-GRP-010,Skincare,,,,unisex,in_stock,,,,67,65.51 USD,,,txcd_99999999,exclusive,,"US:ALL:Standard:3-5:0.00 USD,US:ALL:Expedited:1-2:9.99 USD",US:ALL:Standard:50.00 USD,
LB-SKIN-0155,Everyday Hydrating Moisturizer,"The Everyday Hydrating Moisturizer from Lumen Beauty, thoughtfully made, a lightweight formula for visibly healthier skin.",https://livgpt.vercel.app/?merchant=lumen-beauty&product=LB-SKIN-0155,Lumen Ritual,,LB-SKIN-0155,https://livgpt.vercel.app/mock-catalog/images/lumen-beauty/LB-SKIN-0155.jpg,,,,new,Health & Beauty > Personal Care > Cosmetics > Skin Care,Beauty > Skincare,adult,,3 in,3 in,5 in,0.54 lb,LB-SKIN-GRP-010,Skincare,,,,unisex,in_stock,,,,50,20.90 USD,,,txcd_99999999,exclusive,,"US:ALL:Standard:3-5:0.00 USD,US:ALL:Expedited:1-2:9.99 USD",US:ALL:Standard:50.00 USD,
LB-SKIN-0156,Terra Gentle Cleanser,"The Terra Gentle Cleanser from Lumen Beauty, thoughtfully made, a lightweight formula for visibly healthier skin.",https://livgpt.vercel.app/?merchant=lumen-beauty&product=LB-SKIN-0156,Lumen Skin,,LB-SKIN-0156,https://livgpt.vercel.app/mock-catalog/images/lumen-beauty/LB-SKIN-0156.jpg,,,,new,Health & Beauty > Personal Care > Cosmetics > Skin Care,Beauty > Skincare,adult,,3 in,3 in,5 in,0.48 lb,LB-SKIN-GRP-011,Skincare,,,,unisex,in_stock,,,,98,27.54 USD,,,txcd_99999999,exclusive,,"US:ALL:Standard:3-5:0.00 USD,US:ALL:Expedited:1-2:9.99 USD",US:ALL:Standard:50.00 USD,
LB-SKIN-0157,Modern Retinol Night Cream,"The Modern Retinol Night Cream from Lumen Beauty, thoughtfully made, a lightweight formula for visibly healthier skin.",https://livgpt.vercel.app/?merchant=lumen-beauty&product=LB-SKIN-0157,Lumen Skin,,LB-SKIN-0157,https://livgpt.vercel.app/mock-catalog/images/lumen-beauty/LB-SKIN-0157.jpg,,,,new,Health & Beauty > Personal Care > Cosmetics > Skin Care,Beauty > Skincare,adult,,3 in,3 in,5 in,0.52 lb,LB-SKIN-GRP-011,Skincare,,,,unisex,in_stock,,,,44,37.11 USD,,,txcd_99999999,exclusive,,"US:ALL:Standard:3-5:0.00 USD,US:ALL:Expedited:1-2:9.99 USD",US:ALL:Standard:50.00 USD,
LB-SKIN-0158,Alpine Hydrating Moisturizer,"The Alpine Hydrating Moisturizer from Lumen Beauty, thoughtfully made, a lightweight formula for visibly healthier skin.",https://livgpt.vercel.app/?merchant=lumen-beauty&product=LB-SKIN-0158,Lumen Skin,,LB-SKIN-0158,https://livgpt.vercel.app/mock-catalog/images/lumen-beauty/LB-SKIN-0158.jpg,,,,new,Health & Beauty > Personal Care > Cosmetics > Skin Care,Beauty > Skincare,adult,,3 in,3 in,5 in,0.46 lb,LB-SKIN-GRP-012,Skincare,,,,unisex,in_stock,,,,187,43.09 USD,33.65 USD,2026-07-01/2026-12-31,txcd_99999999,exclusive,,"US:ALL:Standard:3-5:0.00 USD,US:ALL:Expedited:1-2:9.99 USD",US:ALL:Standard:50.00 USD,
LB-SKIN-0159,Coastal Retinol Night Cream,"The Coastal Retinol Night Cream from Lumen Beauty, thoughtfully made, a lightweight formula for visibly healthier skin.",https://livgpt.vercel.app/?merchant=lumen-beauty&product=LB-SKIN-0159,Lumen Skin,,LB-SKIN-0159,https://livgpt.vercel.app/mock-catalog/images/lumen-beauty/LB-SKIN-0159.jpg,,,,new,Health & Beauty > Personal Care > Cosmetics > Skin Care,Beauty > Skincare,adult,,3 in,3 in,5 in,0.46 lb,LB-SKIN-GRP-012,Skincare,,,,unisex,in_stock,,,,179,89.50 USD,,,txcd_99999999,exclusive,,"US:ALL:Standard:3-5:0.00 USD,US:ALL:Expedited:1-2:9.99 USD",US:ALL:Standard:50.00 USD,
LB-SKIN-0160,Signature Retinol Night Cream,"The Signature Retinol Night Cream from Lumen Beauty, thoughtfully made, a lightweight formula for visibly healthier skin.",https://livgpt.vercel.app/?merchant=lumen-beauty&product=LB-SKIN-0160,Lumen Ritual,,LB-SKIN-0160,https://livgpt.vercel.app/mock-catalog/images/lumen-beauty/LB-SKIN-0160.jpg,,,,new,Health & Beauty > Personal Care > Cosmetics > Skin Care,Beauty > Skincare,adult,,3 in,3 in,5 in,0.49 lb,LB-SKIN-GRP-013,Skincare,,,,unisex,in_stock,,,,197,30.42 USD,22.82 USD,2026-07-01/2026-12-31,txcd_99999999,exclusive,,"US:ALL:Standard:3-5:0.00 USD,US:ALL:Expedited:1-2:9.99 USD",US:ALL:Standard:50.00 USD,
LB-SUNS-0161,Aero Mineral Sunscreen,"The Aero Mineral Sunscreen from Lumen Beauty, thoughtfully made, broad-spectrum protection that wears beautifully.",https://livgpt.vercel.app/?merchant=lumen-beauty&product=LB-SUNS-0161,Lumen,,LB-SUNS-0161,https://livgpt.vercel.app/mock-catalog/images/lumen-beauty/LB-SUNS-0161.jpg,,,,new,Health & Beauty > Personal Care > Cosmetics > Skin Care > Sunscreen,Beauty > Sunscreen,adult,,3 in,3 in,5 in,0.54 lb,LB-SUNS-GRP-008,Sunscreen,,,,unisex,in_stock,,,,232,27.55 USD,22.22 USD,2026-07-01/2026-12-31,txcd_99999999,exclusive,,"US:ALL:Standard:3-5:0.00 USD,US:ALL:Expedited:1-2:9.99 USD",US:ALL:Standard:50.00 USD,
LB-SUNS-0162,Aero Tinted SPF Cream,"The Aero Tinted SPF Cream from Lumen Beauty, thoughtfully made, broad-spectrum protection that wears beautifully.",https://livgpt.vercel.app/?merchant=lumen-beauty&product=LB-SUNS-0162,Lumen Skin,,LB-SUNS-0162,https://livgpt.vercel.app/mock-catalog/images/lumen-beauty/LB-SUNS-0162.jpg,,,,new,Health & Beauty > Personal Care > Cosmetics > Skin Care > Sunscreen,Beauty > Sunscreen,adult,,3 in,3 in,5 in,0.47 lb,LB-SUNS-GRP-009,Sunscreen,,,,unisex,in_stock,,,,31,30.08 USD,,,txcd_99999999,exclusive,,"US:ALL:Standard:3-5:0.00 USD,US:ALL:Expedited:1-2:9.99 USD",US:ALL:Standard:50.00 USD,
LB-SUNS-0163,Studio SPF 50 Daily Fluid,"The Studio SPF 50 Daily Fluid from Lumen Beauty, thoughtfully made, broad-spectrum protection that wears beautifully.",https://livgpt.vercel.app/?merchant=lumen-beauty&product=LB-SUNS-0163,Lumen,,LB-SUNS-0163,https://livgpt.vercel.app/mock-catalog/images/lumen-beauty/LB-SUNS-0163.jpg,,,,new,Health & Beauty > Personal Care > Cosmetics > Skin Care > Sunscreen,Beauty > Sunscreen,adult,,3 in,3 in,5 in,0.46 lb,LB-SUNS-GRP-009,Sunscreen,,,,unisex,in_stock,,,,156,18.25 USD,,,txcd_99999999,exclusive,,"US:ALL:Standard:3-5:0.00 USD,US:ALL:Expedited:1-2:9.99 USD",US:ALL:Standard:50.00 USD,
LB-SUNS-0164,Featherlight SPF 50 Daily Fluid,"The Featherlight SPF 50 Daily Fluid from Lumen Beauty, thoughtfully made, broad-spectrum protection that wears beautifully.",https://livgpt.vercel.app/?merchant=lumen-beauty&product=LB-SUNS-0164,Lumen,,LB-SUNS-0164,https://livgpt.vercel.app/mock-catalog/images/lumen-beauty/LB-SUNS-0164.jpg,,,,new,Health & Beauty > Personal Care > Cosmetics > Skin Care > Sunscreen,Beauty > Sunscreen,adult,,3 in,3 in,5 in,0.48 lb,LB-SUNS-GRP-010,Sunscreen,,,,unisex,in_stock,,,,22,26.88 USD,20.73 USD,2026-07-01/2026-12-31,txcd_99999999,exclusive,,"US:ALL:Standard:3-5:0.00 USD,US:ALL:Expedited:1-2:9.99 USD",US:ALL:Standard:50.00 USD,
LB-SUNS-0165,Nova SPF 50 Daily Fluid,"The Nova SPF 50 Daily Fluid from Lumen Beauty, thoughtfully made, broad-spectrum protection that wears beautifully.",https://livgpt.vercel.app/?merchant=lumen-beauty&product=LB-SUNS-0165,Lumen,,LB-SUNS-0165,https://livgpt.vercel.app/mock-catalog/images/lumen-beauty/LB-SUNS-0165.jpg,,,,new,Health & Beauty > Personal Care > Cosmetics > Skin Care > Sunscreen,Beauty > Sunscreen,adult,,3 in,3 in,5 in,0.48 lb,LB-SUNS-GRP-010,Sunscreen,,,,unisex,in_stock,,,,127,34.94 USD,26.37 USD,2026-07-01/2026-12-31,txcd_99999999,exclusive,,"US:ALL:Standard:3-5:0.00 USD,US:ALL:Expedited:1-2:9.99 USD",US:ALL:Standard:50.00 USD,
LB-SUNS-0166,Urban SPF 50 Daily Fluid,"The Urban SPF 50 Daily Fluid from Lumen Beauty, thoughtfully made, broad-spectrum protection that wears beautifully.",https://livgpt.vercel.app/?merchant=lumen-beauty&product=LB-SUNS-0166,Lumen,,LB-SUNS-0166,https://livgpt.vercel.app/mock-catalog/images/lumen-beauty/LB-SUNS-0166.jpg,,,,new,Health & Beauty > Personal Care > Cosmetics > Skin Care > Sunscreen,Beauty > Sunscreen,adult,,3 in,3 in,5 in,0.47 lb,LB-SUNS-GRP-011,Sunscreen,,,,unisex,in_stock,,,,241,27.26 USD,,,txcd_99999999,exclusive,,"US:ALL:Standard:3-5:0.00 USD,US:ALL:Expedited:1-2:9.99 USD",US:ALL:Standard:50.00 USD,
LB-SUNS-0167,Luxe Sport Sunscreen Stick,"The Luxe Sport Sunscreen Stick from Lumen Beauty, thoughtfully made, broad-spectrum protection that wears beautifully.",https://livgpt.vercel.app/?merchant=lumen-beauty&product=LB-SUNS-0167,Lumen,,LB-SUNS-0167,https://livgpt.vercel.app/mock-catalog/images/lumen-beauty/LB-SUNS-0167.jpg,,,,new,Health & Beauty > Personal Care > Cosmetics > Skin Care > Sunscreen,Beauty > Sunscreen,adult,,3 in,3 in,5 in,0.47 lb,LB-SUNS-GRP-011,Sunscreen,,,,unisex,in_stock,,,,133,21.17 USD,,,txcd_99999999,exclusive,,"US:ALL:Standard:3-5:0.00 USD,US:ALL:Expedited:1-2:9.99 USD",US:ALL:Standard:50.00 USD,
LB-SUNS-0168,Heritage Tinted SPF Cream,"The Heritage Tinted SPF Cream from Lumen Beauty, thoughtfully made, broad-spectrum protection that wears beautifully.",https://livgpt.vercel.app/?merchant=lumen-beauty&product=LB-SUNS-0168,Lumen,,LB-SUNS-0168,https://livgpt.vercel.app/mock-catalog/images/lumen-beauty/LB-SUNS-0168.jpg,,,,new,Health & Beauty > Personal Care > Cosmetics > Skin Care > Sunscreen,Beauty > Sunscreen,adult,,3 in,3 in,5 in,0.47 lb,LB-SUNS-GRP-012,Sunscreen,,,,unisex,in_stock,,,,174,25.20 USD,,,txcd_99999999,exclusive,,"US:ALL:Standard:3-5:0.00 USD,US:ALL:Expedited:1-2:9.99 USD",US:ALL:Standard:50.00 USD,
LB-SUNS-0169,Aero Sport Sunscreen Stick,"The Aero Sport Sunscreen Stick from Lumen Beauty, thoughtfully made, broad-spectrum protection that wears beautifully.",https://livgpt.vercel.app/?merchant=lumen-beauty&product=LB-SUNS-0169,Lumen,,LB-SUNS-0169,https://livgpt.vercel.app/mock-catalog/images/lumen-beauty/LB-SUNS-0169.jpg,,,,new,Health & Beauty > Personal Care > Cosmetics > Skin Care > Sunscreen,Beauty > Sunscreen,adult,,3 in,3 in,5 in,0.47 lb,LB-SUNS-GRP-012,Sunscreen,,,,unisex,in_stock,,,,112,22.95 USD,,,txcd_99999999,exclusive,,"US:ALL:Standard:3-5:0.00 USD,US:ALL:Expedited:1-2:9.99 USD",US:ALL:Standard:50.00 USD,
LB-SUNS-0170,Signature Sport Sunscreen Stick,"The Signature Sport Sunscreen Stick from Lumen Beauty, thoughtfully made, broad-spectrum protection that wears beautifully.",https://livgpt.vercel.app/?merchant=lumen-beauty&product=LB-SUNS-0170,Lumen,,LB-SUNS-0170,https://livgpt.vercel.app/mock-catalog/images/lumen-beauty/LB-SUNS-0170.jpg,,,,new,Health & Beauty > Personal Care > Cosmetics > Skin Care > Sunscreen,Beauty > Sunscreen,adult,,3 in,3 in,5 in,0.49 lb,LB-SUNS-GRP-013,Sunscreen,,,,unisex,in_stock,,,,153,36.83 USD,,,txcd_99999999,exclusive,,"US:ALL:Standard:3-5:0.00 USD,US:ALL:Expedited:1-2:9.99 USD",US:ALL:Standard:50.00 USD,
LB-CAND-0171,Studio Aromatherapy Candle,"The Studio Aromatherapy Candle from Lumen Beauty, crafted in soy wax, a layered, long-lasting scent for calm evenings.",https://livgpt.vercel.app/?merchant=lumen-beauty&product=LB-CAND-0171,Lumen Ritual,,LB-CAND-0171,https://livgpt.vercel.app/mock-catalog/images/lumen-beauty/LB-CAND-0171.jpg,,,,new,Home & Garden > Decor > Home Fragrances > Candles,Home > Fragrance > Candles,adult,Soy Wax,4 in,4 in,5 in,1.26 lb,LB-CAND-GRP-008,Candles,,,,unisex,in_stock,,,,101,31.17 USD,,,txcd_99999999,exclusive,,"US:ALL:Standard:3-5:0.00 USD,US:ALL:Expedited:1-2:9.99 USD",US:ALL:Standard:50.00 USD,
LB-CAND-0172,Coastal Scented Candle,"The Coastal Scented Candle from Lumen Beauty, crafted in soy wax, a layered, long-lasting scent for calm evenings.",https://livgpt.vercel.app/?merchant=lumen-beauty&product=LB-CAND-0172,Lumen Ritual,,LB-CAND-0172,https://livgpt.vercel.app/mock-catalog/images/lumen-beauty/LB-CAND-0172.jpg,,,,new,Home & Garden > Decor > Home Fragrances > Candles,Home > Fragrance > Candles,adult,Soy Wax,4 in,4 in,5 in,1.21 lb,LB-CAND-GRP-009,Candles,,,,unisex,in_stock,,,,27,43.08 USD,33.12 USD,2026-07-01/2026-12-31,txcd_99999999,exclusive,,"US:ALL:Standard:3-5:0.00 USD,US:ALL:Expedited:1-2:9.99 USD",US:ALL:Standard:50.00 USD,
LB-CAND-0173,Trail Massage Candle,"The Trail Massage Candle from Lumen Beauty, crafted in soy wax, a layered, long-lasting scent for calm evenings.",https://livgpt.vercel.app/?merchant=lumen-beauty&product=LB-CAND-0173,Lumen,,LB-CAND-0173,https://livgpt.vercel.app/mock-catalog/images/lumen-beauty/LB-CAND-0173.jpg,,,,new,Home & Garden > Decor > Home Fragrances > Candles,Home > Fragrance > Candles,adult,Soy Wax,4 in,4 in,5 in,1.24 lb,LB-CAND-GRP-009,Candles,,,,unisex,in_stock,,,,236,51.46 USD,,,txcd_99999999,exclusive,,"US:ALL:Standard:3-5:0.00 USD,US:ALL:Expedited:1-2:9.99 USD",US:ALL:Standard:50.00 USD,
LB-CAND-0174,Terra Scented Candle,"The Terra Scented Candle from Lumen Beauty, crafted in soy wax, a layered, long-lasting scent for calm evenings.",https://livgpt.vercel.app/?merchant=lumen-beauty&product=LB-CAND-0174,Lumen Skin,,LB-CAND-0174,https://livgpt.vercel.app/mock-catalog/images/lumen-beauty/LB-CAND-0174.jpg,,,,new,Home & Garden > Decor > Home Fragrances > Candles,Home > Fragrance > Candles,adult,Soy Wax,4 in,4 in,5 in,1.27 lb,LB-CAND-GRP-010,Candles,,,,unisex,in_stock,,,,143,46.02 USD,,,txcd_99999999,exclusive,,"US:ALL:Standard:3-5:0.00 USD,US:ALL:Expedited:1-2:9.99 USD",US:ALL:Standard:50.00 USD,
LB-CAND-0175,Urban Scented Candle,"The Urban Scented Candle from Lumen Beauty, crafted in soy wax, a layered, long-lasting scent for calm evenings.",https://livgpt.vercel.app/?merchant=lumen-beauty&product=LB-CAND-0175,Lumen Skin,,LB-CAND-0175,https://livgpt.vercel.app/mock-catalog/images/lumen-beauty/LB-CAND-0175.jpg,,,,new,Home & Garden > Decor > Home Fragrances > Candles,Home > Fragrance > Candles,adult,Soy Wax,4 in,4 in,5 in,1.2 lb,LB-CAND-GRP-010,Candles,,,,unisex,in_stock,,,,110,51.21 USD,,,txcd_99999999,exclusive,,"US:ALL:Standard:3-5:0.00 USD,US:ALL:Expedited:1-2:9.99 USD",US:ALL:Standard:50.00 USD,
LB-CAND-0176,Coastal Reed Diffuser,"The Coastal Reed Diffuser from Lumen Beauty, crafted in soy wax, a layered, long-lasting scent for calm evenings.",https://livgpt.vercel.app/?merchant=lumen-beauty&product=LB-CAND-0176,Lumen Skin,,LB-CAND-0176,https://livgpt.vercel.app/mock-catalog/images/lumen-beauty/LB-CAND-0176.jpg,,,,new,Home & Garden > Decor > Home Fragrances > Candles,Home > Fragrance > Candles,adult,Soy Wax,4 in,4 in,5 in,1.18 lb,LB-CAND-GRP-011,Candles,,,,unisex,in_stock,,,,64,37.10 USD,,,txcd_99999999,exclusive,,"US:ALL:Standard:3-5:0.00 USD,US:ALL:Expedited:1-2:9.99 USD",US:ALL:Standard:50.00 USD,
LB-CAND-0177,Urban Massage Candle,"The Urban Massage Candle from Lumen Beauty, crafted in soy wax, a layered, long-lasting scent for calm evenings.",https://livgpt.vercel.app/?merchant=lumen-beauty&product=LB-CAND-0177,Lumen Skin,,LB-CAND-0177,https://livgpt.vercel.app/mock-catalog/images/lumen-beauty/LB-CAND-0177.jpg,,,,new,Home & Garden > Decor > Home Fragrances > Candles,Home > Fragrance > Candles,adult,Soy Wax,4 in,4 in,5 in,1.3 lb,LB-CAND-GRP-011,Candles,,,,unisex,in_stock,,,,145,50.33 USD,,,txcd_99999999,exclusive,,"US:ALL:Standard:3-5:0.00 USD,US:ALL:Expedited:1-2:9.99 USD",US:ALL:Standard:50.00 USD,
LB-CAND-0178,Alpine Massage Candle,"The Alpine Massage Candle from Lumen Beauty, crafted in soy wax, a layered, long-lasting scent for calm evenings.",https://livgpt.vercel.app/?merchant=lumen-beauty&product=LB-CAND-0178,Lumen,,LB-CAND-0178,https://livgpt.vercel.app/mock-catalog/images/lumen-beauty/LB-CAND-0178.jpg,,,,new,Home & Garden > Decor > Home Fragrances > Candles,Home > Fragrance > Candles,adult,Soy Wax,4 in,4 in,5 in,1.13 lb,LB-CAND-GRP-012,Candles,,,,unisex,in_stock,,,,68,44.36 USD,,,txcd_99999999,exclusive,,"US:ALL:Standard:3-5:0.00 USD,US:ALL:Expedited:1-2:9.99 USD",US:ALL:Standard:50.00 USD,
LB-CAND-0179,Essential Reed Diffuser,"The Essential Reed Diffuser from Lumen Beauty, crafted in soy wax, a layered, long-lasting scent for calm evenings.",https://livgpt.vercel.app/?merchant=lumen-beauty&product=LB-CAND-0179,Lumen Ritual,,LB-CAND-0179,https://livgpt.vercel.app/mock-catalog/images/lumen-beauty/LB-CAND-0179.jpg,,,,new,Home & Garden > Decor > Home Fragrances > Candles,Home > Fragrance > Candles,adult,Soy Wax,4 in,4 in,5 in,1.24 lb,LB-CAND-GRP-012,Candles,,,,unisex,in_stock,,,,136,27.58 USD,23.61 USD,2026-07-01/2026-12-31,txcd_99999999,exclusive,,"US:ALL:Standard:3-5:0.00 USD,US:ALL:Expedited:1-2:9.99 USD",US:ALL:Standard:50.00 USD,
LB-CAND-0180,Heritage Massage Candle,"The Heritage Massage Candle from Lumen Beauty, crafted in soy wax, a layered, long-lasting scent for calm evenings.",https://livgpt.vercel.app/?merchant=lumen-beauty&product=LB-CAND-0180,Lumen Ritual,,LB-CAND-0180,https://livgpt.vercel.app/mock-catalog/images/lumen-beauty/LB-CAND-0180.jpg,,,,new,Home & Garden > Decor > Home Fragrances > Candles,Home > Fragrance > Candles,adult,Soy Wax,4 in,4 in,5 in,1.28 lb,LB-CAND-GRP-013,Candles,,,,unisex,in_stock,,,,248,29.57 USD,26.01 USD,2026-07-01/2026-12-31,txcd_99999999,exclusive,,"US:ALL:Standard:3-5:0.00 USD,US:ALL:Expedited:1-2:9.99 USD",US:ALL:Standard:50.00 USD,
LB-HAIR-0181,Premium Conditioner – Forest Green,"The Premium Conditioner from Lumen Beauty, crafted in silk, nourishes and strengthens from root to tip. Shown in Forest Green.",https://livgpt.vercel.app/?merchant=lumen-beauty&product=LB-HAIR-0181,Lumen Skin,,LB-HAIR-0181,https://livgpt.vercel.app/mock-catalog/images/lumen-beauty/LB-HAIR-0181.jpg,,,,new,Health & Beauty > Personal Care > Hair Care,Beauty > Hair,adult,Silk,3 in,3 in,5 in,0.52 lb,LB-HAIR-GRP-008,Hair,Forest Green,,,unisex,in_stock,,,,185,56.90 USD,,,txcd_99999999,exclusive,,"US:ALL:Standard:3-5:0.00 USD,US:ALL:Expedited:1-2:9.99 USD",US:ALL:Standard:50.00 USD,
LB-HAIR-0182,Minimalist Conditioner – Terracotta,"The Minimalist Conditioner from Lumen Beauty, thoughtfully made, nourishes and strengthens from root to tip. Shown in Terracotta.",https://livgpt.vercel.app/?merchant=lumen-beauty&product=LB-HAIR-0182,Lumen Ritual,,LB-HAIR-0182,https://livgpt.vercel.app/mock-catalog/images/lumen-beauty/LB-HAIR-0182.jpg,,,,new,Health & Beauty > Personal Care > Hair Care,Beauty > Hair,adult,,3 in,3 in,5 in,0.54 lb,LB-HAIR-GRP-009,Hair,Terracotta,,,unisex,in_stock,,,,9,61.52 USD,,,txcd_99999999,exclusive,,"US:ALL:Standard:3-5:0.00 USD,US:ALL:Expedited:1-2:9.99 USD",US:ALL:Standard:50.00 USD,
LB-HAIR-0183,Everyday Conditioner – Sky Blue,"The Everyday Conditioner from Lumen Beauty, thoughtfully made, nourishes and strengthens from root to tip. Shown in Sky Blue.",https://livgpt.vercel.app/?merchant=lumen-beauty&product=LB-HAIR-0183,Lumen Skin,,LB-HAIR-0183,https://livgpt.vercel.app/mock-catalog/images/lumen-beauty/LB-HAIR-0183.jpg,,,,new,Health & Beauty > Personal Care > Hair Care,Beauty > Hair,adult,,3 in,3 in,5 in,0.49 lb,LB-HAIR-GRP-009,Hair,Sky Blue,,,unisex,in_stock,,,,100,35.21 USD,,,txcd_99999999,exclusive,,"US:ALL:Standard:3-5:0.00 USD,US:ALL:Expedited:1-2:9.99 USD",US:ALL:Standard:50.00 USD,
LB-HAIR-0184,Studio Silk Scrunchie Set – Blush Pink,"The Studio Silk Scrunchie Set from Lumen Beauty, thoughtfully made, nourishes and strengthens from root to tip. Shown in Blush Pink.",https://livgpt.vercel.app/?merchant=lumen-beauty&product=LB-HAIR-0184,Lumen Skin,,LB-HAIR-0184,https://livgpt.vercel.app/mock-catalog/images/lumen-beauty/LB-HAIR-0184.jpg,,,,new,Health & Beauty > Personal Care > Hair Care,Beauty > Hair,adult,,3 in,3 in,5 in,0.48 lb,LB-HAIR-GRP-010,Hair,Blush Pink,,,unisex,in_stock,,,,18,62.66 USD,,,txcd_99999999,exclusive,,"US:ALL:Standard:3-5:0.00 USD,US:ALL:Expedited:1-2:9.99 USD",US:ALL:Standard:50.00 USD,
LB-HAIR-0185,Signature Conditioner – Terracotta,"The Signature Conditioner from Lumen Beauty, thoughtfully made, nourishes and strengthens from root to tip. Shown in Terracotta.",https://livgpt.vercel.app/?merchant=lumen-beauty&product=LB-HAIR-0185,Lumen,,LB-HAIR-0185,https://livgpt.vercel.app/mock-catalog/images/lumen-beauty/LB-HAIR-0185.jpg,,,,new,Health & Beauty > Personal Care > Hair Care,Beauty > Hair,adult,,3 in,3 in,5 in,0.55 lb,LB-HAIR-GRP-010,Hair,Terracotta,,,unisex,in_stock,,,,132,37.91 USD,,,txcd_99999999,exclusive,,"US:ALL:Standard:3-5:0.00 USD,US:ALL:Expedited:1-2:9.99 USD",US:ALL:Standard:50.00 USD,
LB-HAIR-0186,Rugged Repair Shampoo – Sand,"The Rugged Repair Shampoo from Lumen Beauty, thoughtfully made, nourishes and strengthens from root to tip. Shown in Sand.",https://livgpt.vercel.app/?merchant=lumen-beauty&product=LB-HAIR-0186,Lumen,,LB-HAIR-0186,https://livgpt.vercel.app/mock-catalog/images/lumen-beauty/LB-HAIR-0186.jpg,,,,new,Health & Beauty > Personal Care > Hair Care,Beauty > Hair,adult,,3 in,3 in,5 in,0.46 lb,LB-HAIR-GRP-011,Hair,Sand,,,unisex,in_stock,,,,83,49.89 USD,,,txcd_99999999,exclusive,,"US:ALL:Standard:3-5:0.00 USD,US:ALL:Expedited:1-2:9.99 USD",US:ALL:Standard:50.00 USD,
LB-HAIR-0187,Modern Silk Scrunchie Set – White,"The Modern Silk Scrunchie Set from Lumen Beauty, crafted in silk, nourishes and strengthens from root to tip. Shown in White.",https://livgpt.vercel.app/?merchant=lumen-beauty&product=LB-HAIR-0187,Lumen,,LB-HAIR-0187,https://livgpt.vercel.app/mock-catalog/images/lumen-beauty/LB-HAIR-0187.jpg,,,,new,Health & Beauty > Personal Care > Hair Care,Beauty > Hair,adult,Silk,3 in,3 in,5 in,0.46 lb,LB-HAIR-GRP-011,Hair,White,,,unisex,in_stock,,,,142,62.52 USD,,,txcd_99999999,exclusive,,"US:ALL:Standard:3-5:0.00 USD,US:ALL:Expedited:1-2:9.99 USD",US:ALL:Standard:50.00 USD,
LB-HAIR-0188,Pro Repair Shampoo – Cream,"The Pro Repair Shampoo from Lumen Beauty, crafted in silk, nourishes and strengthens from root to tip. Shown in Cream.",https://livgpt.vercel.app/?merchant=lumen-beauty&product=LB-HAIR-0188,Lumen Ritual,,LB-HAIR-0188,https://livgpt.vercel.app/mock-catalog/images/lumen-beauty/LB-HAIR-0188.jpg,,,,new,Health & Beauty > Personal Care > Hair Care,Beauty > Hair,adult,Silk,3 in,3 in,5 in,0.45 lb,LB-HAIR-GRP-012,Hair,Cream,,,unisex,in_stock,,,,15,43.22 USD,35.60 USD,2026-07-01/2026-12-31,txcd_99999999,exclusive,,"US:ALL:Standard:3-5:0.00 USD,US:ALL:Expedited:1-2:9.99 USD",US:ALL:Standard:50.00 USD,
LB-HAIR-0189,Luxe Repair Shampoo – Slate Gray,"The Luxe Repair Shampoo from Lumen Beauty, thoughtfully made, nourishes and strengthens from root to tip. Shown in Slate Gray.",https://livgpt.vercel.app/?merchant=lumen-beauty&product=LB-HAIR-0189,Lumen,,LB-HAIR-0189,https://livgpt.vercel.app/mock-catalog/images/lumen-beauty/LB-HAIR-0189.jpg,,,,new,Health & Beauty > Personal Care > Hair Care,Beauty > Hair,adult,,3 in,3 in,5 in,0.48 lb,LB-HAIR-GRP-012,Hair,Slate Gray,,,unisex,in_stock,,,,205,14.02 USD,12.54 USD,2026-07-01/2026-12-31,txcd_99999999,exclusive,,"US:ALL:Standard:3-5:0.00 USD,US:ALL:Expedited:1-2:9.99 USD",US:ALL:Standard:50.00 USD,
LB-HAIR-0190,Premium Repair Shampoo – Burgundy,"The Premium Repair Shampoo from Lumen Beauty, crafted in silk, nourishes and strengthens from root to tip. Shown in Burgundy.",https://livgpt.vercel.app/?merchant=lumen-beauty&product=LB-HAIR-0190,Lumen,,LB-HAIR-0190,https://livgpt.vercel.app/mock-catalog/images/lumen-beauty/LB-HAIR-0190.jpg,,,,new,Health & Beauty > Personal Care > Hair Care,Beauty > Hair,adult,Silk,3 in,3 in,5 in,0.47 lb,LB-HAIR-GRP-013,Hair,Burgundy,,,unisex,in_stock,,,,61,17.78 USD,,,txcd_99999999,exclusive,,"US:ALL:Standard:3-5:0.00 USD,US:ALL:Expedited:1-2:9.99 USD",US:ALL:Standard:50.00 USD,
LB-BATH-0191,Modern Exfoliating Scrub,"The Modern Exfoliating Scrub from Lumen Beauty, thoughtfully made, leaves skin soft, smooth, and lightly scented.",https://livgpt.vercel.app/?merchant=lumen-beauty&product=LB-BATH-0191,Lumen,,LB-BATH-0191,https://livgpt.vercel.app/mock-catalog/images/lumen-beauty/LB-BATH-0191.jpg,,,,new,Health & Beauty > Personal Care > Bath & Body,Beauty > Bath & Body,adult,,3 in,3 in,5 in,0.49 lb,LB-BATH-GRP-008,Bath & Body,,,,unisex,in_stock,,,,155,44.20 USD,,,txcd_99999999,exclusive,,"US:ALL:Standard:3-5:0.00 USD,US:ALL:Expedited:1-2:9.99 USD",US:ALL:Standard:50.00 USD,
LB-BATH-0192,Studio Body Wash,"The Studio Body Wash from Lumen Beauty, thoughtfully made, leaves skin soft, smooth, and lightly scented.",https://livgpt.vercel.app/?merchant=lumen-beauty&product=LB-BATH-0192,Lumen Ritual,,LB-BATH-0192,https://livgpt.vercel.app/mock-catalog/images/lumen-beauty/LB-BATH-0192.jpg,,,,new,Health & Beauty > Personal Care > Bath & Body,Beauty > Bath & Body,adult,,3 in,3 in,5 in,0.54 lb,LB-BATH-GRP-009,Bath & Body,,,,unisex,in_stock,,,,173,38.07 USD,,,txcd_99999999,exclusive,,"US:ALL:Standard:3-5:0.00 USD,US:ALL:Expedited:1-2:9.99 USD",US:ALL:Standard:50.00 USD,
LB-BATH-0193,Signature Bath Salts,"The Signature Bath Salts from Lumen Beauty, thoughtfully made, leaves skin soft, smooth, and lightly scented.",https://livgpt.vercel.app/?merchant=lumen-beauty&product=LB-BATH-0193,Lumen Skin,,LB-BATH-0193,https://livgpt.vercel.app/mock-catalog/images/lumen-beauty/LB-BATH-0193.jpg,,,,new,Health & Beauty > Personal Care > Bath & Body,Beauty > Bath & Body,adult,,3 in,3 in,5 in,0.54 lb,LB-BATH-GRP-009,Bath & Body,,,,unisex,in_stock,,,,50,49.90 USD,40.04 USD,2026-07-01/2026-12-31,txcd_99999999,exclusive,,"US:ALL:Standard:3-5:0.00 USD,US:ALL:Expedited:1-2:9.99 USD",US:ALL:Standard:50.00 USD,
LB-BATH-0194,Terra Bath Salts,"The Terra Bath Salts from Lumen Beauty, thoughtfully made, leaves skin soft, smooth, and lightly scented.",https://livgpt.vercel.app/?merchant=lumen-beauty&product=LB-BATH-0194,Lumen Ritual,,LB-BATH-0194,https://livgpt.vercel.app/mock-catalog/images/lumen-beauty/LB-BATH-0194.jpg,,,,new,Health & Beauty > Personal Care > Bath & Body,Beauty > Bath & Body,adult,,3 in,3 in,5 in,0.48 lb,LB-BATH-GRP-010,Bath & Body,,,,unisex,in_stock,,,,17,40.66 USD,,,txcd_99999999,exclusive,,"US:ALL:Standard:3-5:0.00 USD,US:ALL:Expedited:1-2:9.99 USD",US:ALL:Standard:50.00 USD,
LB-BATH-0195,Essential Whipped Body Butter,"The Essential Whipped Body Butter from Lumen Beauty, thoughtfully made, leaves skin soft, smooth, and lightly scented.",https://livgpt.vercel.app/?merchant=lumen-beauty&product=LB-BATH-0195,Lumen Ritual,,LB-BATH-0195,https://livgpt.vercel.app/mock-catalog/images/lumen-beauty/LB-BATH-0195.jpg,,,,new,Health & Beauty > Personal Care > Bath & Body,Beauty > Bath & Body,adult,,3 in,3 in,5 in,0.51 lb,LB-BATH-GRP-010,Bath & Body,,,,unisex,in_stock,,,,18,20.75 USD,,,txcd_99999999,exclusive,,"US:ALL:Standard:3-5:0.00 USD,US:ALL:Expedited:1-2:9.99 USD",US:ALL:Standard:50.00 USD,
LB-BATH-0196,Pro Bath Salts,"The Pro Bath Salts from Lumen Beauty, thoughtfully made, leaves skin soft, smooth, and lightly scented.",https://livgpt.vercel.app/?merchant=lumen-beauty&product=LB-BATH-0196,Lumen Skin,,LB-BATH-0196,https://livgpt.vercel.app/mock-catalog/images/lumen-beauty/LB-BATH-0196.jpg,,,,new,Health & Beauty > Personal Care > Bath & Body,Beauty > Bath & Body,adult,,3 in,3 in,5 in,0.55 lb,LB-BATH-GRP-011,Bath & Body,,,,unisex,in_stock,,,,180,43.38 USD,,,txcd_99999999,exclusive,,"US:ALL:Standard:3-5:0.00 USD,US:ALL:Expedited:1-2:9.99 USD",US:ALL:Standard:50.00 USD,
LB-BATH-0197,Studio Exfoliating Scrub,"The Studio Exfoliating Scrub from Lumen Beauty, thoughtfully made, leaves skin soft, smooth, and lightly scented.",https://livgpt.vercel.app/?merchant=lumen-beauty&product=LB-BATH-0197,Lumen,,LB-BATH-0197,https://livgpt.vercel.app/mock-catalog/images/lumen-beauty/LB-BATH-0197.jpg,,,,new,Health & Beauty > Personal Care > Bath & Body,Beauty > Bath & Body,adult,,3 in,3 in,5 in,0.47 lb,LB-BATH-GRP-011,Bath & Body,,,,unisex,in_stock,,,,171,52.24 USD,,,txcd_99999999,exclusive,,"US:ALL:Standard:3-5:0.00 USD,US:ALL:Expedited:1-2:9.99 USD",US:ALL:Standard:50.00 USD,
LB-BATH-0198,Classic Body Wash,"The Classic Body Wash from Lumen Beauty, thoughtfully made, leaves skin soft, smooth, and lightly scented.",https://livgpt.vercel.app/?merchant=lumen-beauty&product=LB-BATH-0198,Lumen Skin,,LB-BATH-0198,https://livgpt.vercel.app/mock-catalog/images/lumen-beauty/LB-BATH-0198.jpg,,,,new,Health & Beauty > Personal Care > Bath & Body,Beauty > Bath & Body,adult,,3 in,3 in,5 in,0.52 lb,LB-BATH-GRP-012,Bath & Body,,,,unisex,in_stock,,,,124,26.61 USD,,,txcd_99999999,exclusive,,"US:ALL:Standard:3-5:0.00 USD,US:ALL:Expedited:1-2:9.99 USD",US:ALL:Standard:50.00 USD,
LB-BATH-0199,Trail Body Wash,"The Trail Body Wash from Lumen Beauty, thoughtfully made, leaves skin soft, smooth, and lightly scented.",https://livgpt.vercel.app/?merchant=lumen-beauty&product=LB-BATH-0199,Lumen Skin,,LB-BATH-0199,https://livgpt.vercel.app/mock-catalog/images/lumen-beauty/LB-BATH-0199.jpg,,,,new,Health & Beauty > Personal Care > Bath & Body,Beauty > Bath & Body,adult,,3 in,3 in,5 in,0.52 lb,LB-BATH-GRP-012,Bath & Body,,,,unisex,in_stock,,,,160,24.11 USD,,,txcd_99999999,exclusive,,"US:ALL:Standard:3-5:0.00 USD,US:ALL:Expedited:1-2:9.99 USD",US:ALL:Standard:50.00 USD,
LB-BATH-0200,Nova Exfoliating Scrub,"The Nova Exfoliating Scrub from Lumen Beauty, thoughtfully made, leaves skin soft, smooth, and lightly scented.",https://livgpt.vercel.app/?merchant=lumen-beauty&product=LB-BATH-0200,Lumen Skin,,LB-BATH-0200,https://livgpt.vercel.app/mock-catalog/images/lumen-beauty/LB-BATH-0200.jpg,,,,new,Health & Beauty > Personal Care > Bath & Body,Beauty > Bath & Body,adult,,3 in,3 in,5 in,0.52 lb,LB-BATH-GRP-013,Bath & Body,,,,unisex,in_stock,,,,46,47.69 USD,,,txcd_99999999,exclusive,,"US:ALL:Standard:3-5:0.00 USD,US:ALL:Expedited:1-2:9.99 USD",US:ALL:Standard:50.00 USD,
LB-MAKE-0201,Heritage Liquid Foundation – Olive,"The Heritage Liquid Foundation from Lumen Beauty, thoughtfully made, a clean, buildable formula for an effortless look. Shown in Olive.",https://livgpt.vercel.app/?merchant=lumen-beauty&product=LB-MAKE-0201,Lumen Skin,,LB-MAKE-0201,https://livgpt.vercel.app/mock-catalog/images/lumen-beauty/LB-MAKE-0201.jpg,,,,new,Health & Beauty > Personal Care > Cosmetics > Makeup,Beauty > Makeup,adult,,3 in,3 in,5 in,0.55 lb,LB-MAKE-GRP-008,Makeup,Olive,,,unisex,in_stock,,,,16,54.35 USD,,,txcd_99999999,exclusive,,"US:ALL:Standard:3-5:0.00 USD,US:ALL:Expedited:1-2:9.99 USD",US:ALL:Standard:50.00 USD,
LB-MAKE-0202,Featherlight Liquid Foundation – Black,"The Featherlight Liquid Foundation from Lumen Beauty, thoughtfully made, a clean, buildable formula for an effortless look. Shown in Black.",https://livgpt.vercel.app/?merchant=lumen-beauty&product=LB-MAKE-0202,Lumen Skin,,LB-MAKE-0202,https://livgpt.vercel.app/mock-catalog/images/lumen-beauty/LB-MAKE-0202.jpg,,,,new,Health & Beauty > Personal Care > Cosmetics > Makeup,Beauty > Makeup,adult,,3 in,3 in,5 in,0.51 lb,LB-MAKE-GRP-009,Makeup,Black,,,unisex,in_stock,,,,242,39.36 USD,,,txcd_99999999,exclusive,,"US:ALL:Standard:3-5:0.00 USD,US:ALL:Expedited:1-2:9.99 USD",US:ALL:Standard:50.00 USD,
LB-MAKE-0203,Premium Mascara – Forest Green,"The Premium Mascara from Lumen Beauty, thoughtfully made, a clean, buildable formula for an effortless look. Shown in Forest Green.",https://livgpt.vercel.app/?merchant=lumen-beauty&product=LB-MAKE-0203,Lumen Skin,,LB-MAKE-0203,https://livgpt.vercel.app/mock-catalog/images/lumen-beauty/LB-MAKE-0203.jpg,,,,new,Health & Beauty > Personal Care > Cosmetics > Makeup,Beauty > Makeup,adult,,3 in,3 in,5 in,0.48 lb,LB-MAKE-GRP-009,Makeup,Forest Green,,,unisex,in_stock,,,,26,20.19 USD,16.87 USD,2026-07-01/2026-12-31,txcd_99999999,exclusive,,"US:ALL:Standard:3-5:0.00 USD,US:ALL:Expedited:1-2:9.99 USD",US:ALL:Standard:50.00 USD,
LB-MAKE-0204,Minimalist Cream Blush – Sky Blue,"The Minimalist Cream Blush from Lumen Beauty, thoughtfully made, a clean, buildable formula for an effortless look. Shown in Sky Blue.",https://livgpt.vercel.app/?merchant=lumen-beauty&product=LB-MAKE-0204,Lumen Ritual,,LB-MAKE-0204,https://livgpt.vercel.app/mock-catalog/images/lumen-beauty/LB-MAKE-0204.jpg,,,,new,Health & Beauty > Personal Care > Cosmetics > Makeup,Beauty > Makeup,adult,,3 in,3 in,5 in,0.47 lb,LB-MAKE-GRP-010,Makeup,Sky Blue,,,unisex,in_stock,,,,222,49.01 USD,,,txcd_99999999,exclusive,,"US:ALL:Standard:3-5:0.00 USD,US:ALL:Expedited:1-2:9.99 USD",US:ALL:Standard:50.00 USD,
LB-MAKE-0205,Urban Tinted Lip Balm – Cream,"The Urban Tinted Lip Balm from Lumen Beauty, thoughtfully made, a clean, buildable formula for an effortless look. Shown in Cream.",https://livgpt.vercel.app/?merchant=lumen-beauty&product=LB-MAKE-0205,Lumen Ritual,,LB-MAKE-0205,https://livgpt.vercel.app/mock-catalog/images/lumen-beauty/LB-MAKE-0205.jpg,,,,new,Health & Beauty > Personal Care > Cosmetics > Makeup,Beauty > Makeup,adult,,3 in,3 in,5 in,0.55 lb,LB-MAKE-GRP-010,Makeup,Cream,,,unisex,in_stock,,,,172,45.34 USD,37.79 USD,2026-07-01/2026-12-31,txcd_99999999,exclusive,,"US:ALL:Standard:3-5:0.00 USD,US:ALL:Expedited:1-2:9.99 USD",US:ALL:Standard:50.00 USD,
LB-MAKE-0206,Essential Liquid Foundation – Blush Pink,"The Essential Liquid Foundation from Lumen Beauty, thoughtfully made, a clean, buildable formula for an effortless look. Shown in Blush Pink.",https://livgpt.vercel.app/?merchant=lumen-beauty&product=LB-MAKE-0206,Lumen Ritual,,LB-MAKE-0206,https://livgpt.vercel.app/mock-catalog/images/lumen-beauty/LB-MAKE-0206.jpg,,,,new,Health & Beauty > Personal Care > Cosmetics > Makeup,Beauty > Makeup,adult,,3 in,3 in,5 in,0.53 lb,LB-MAKE-GRP-011,Makeup,Blush Pink,,,unisex,in_stock,,,,108,60.01 USD,54.49 USD,2026-07-01/2026-12-31,txcd_99999999,exclusive,,"US:ALL:Standard:3-5:0.00 USD,US:ALL:Expedited:1-2:9.99 USD",US:ALL:Standard:50.00 USD,
LB-MAKE-0207,Classic Cream Blush – Slate Gray,"The Classic Cream Blush from Lumen Beauty, thoughtfully made, a clean, buildable formula for an effortless look. Shown in Slate Gray.",https://livgpt.vercel.app/?merchant=lumen-beauty&product=LB-MAKE-0207,Lumen Ritual,,LB-MAKE-0207,https://livgpt.vercel.app/mock-catalog/images/lumen-beauty/LB-MAKE-0207.jpg,,,,new,Health & Beauty > Personal Care > Cosmetics > Makeup,Beauty > Makeup,adult,,3 in,3 in,5 in,0.46 lb,LB-MAKE-GRP-011,Makeup,Slate Gray,,,unisex,in_stock,,,,208,16.48 USD,,,txcd_99999999,exclusive,,"US:ALL:Standard:3-5:0.00 USD,US:ALL:Expedited:1-2:9.99 USD",US:ALL:Standard:50.00 USD,
LB-MAKE-0208,Trail Tinted Lip Balm – Cream,"The Trail Tinted Lip Balm from Lumen Beauty, thoughtfully made, a clean, buildable formula for an effortless look. Shown in Cream.",https://livgpt.vercel.app/?merchant=lumen-beauty&product=LB-MAKE-0208,Lumen Skin,,LB-MAKE-0208,https://livgpt.vercel.app/mock-catalog/images/lumen-beauty/LB-MAKE-0208.jpg,,,,new,Health & Beauty > Personal Care > Cosmetics > Makeup,Beauty > Makeup,adult,,3 in,3 in,5 in,0.54 lb,LB-MAKE-GRP-012,Makeup,Cream,,,unisex,in_stock,,,,70,27.85 USD,,,txcd_99999999,exclusive,,"US:ALL:Standard:3-5:0.00 USD,US:ALL:Expedited:1-2:9.99 USD",US:ALL:Standard:50.00 USD,
LB-MAKE-0209,Studio Brow Gel – Blush Pink,"The Studio Brow Gel from Lumen Beauty, thoughtfully made, a clean, buildable formula for an effortless look. Shown in Blush Pink.",https://livgpt.vercel.app/?merchant=lumen-beauty&product=LB-MAKE-0209,Lumen Ritual,,LB-MAKE-0209,https://livgpt.vercel.app/mock-catalog/images/lumen-beauty/LB-MAKE-0209.jpg,,,,new,Health & Beauty > Personal Care > Cosmetics > Makeup,Beauty > Makeup,adult,,3 in,3 in,5 in,0.54 lb,LB-MAKE-GRP-012,Makeup,Blush Pink,,,unisex,in_stock,,,,106,42.37 USD,,,txcd_99999999,exclusive,,"US:ALL:Standard:3-5:0.00 USD,US:ALL:Expedited:1-2:9.99 USD",US:ALL:Standard:50.00 USD,
LB-MAKE-0210,Classic Liquid Foundation – Burgundy,"The Classic Liquid Foundation from Lumen Beauty, thoughtfully made, a clean, buildable formula for an effortless look. Shown in Burgundy.",https://livgpt.vercel.app/?merchant=lumen-beauty&product=LB-MAKE-0210,Lumen Ritual,,LB-MAKE-0210,https://livgpt.vercel.app/mock-catalog/images/lumen-beauty/LB-MAKE-0210.jpg,,,,new,Health & Beauty > Personal Care > Cosmetics > Makeup,Beauty > Makeup,adult,,3 in,3 in,5 in,0.49 lb,LB-MAKE-GRP-013,Makeup,Burgundy,,,unisex,in_stock,,,,26,45.99 USD,,,txcd_99999999,exclusive,,"US:ALL:Standard:3-5:0.00 USD,US:ALL:Expedited:1-2:9.99 USD",US:ALL:Standard:50.00 USD,
LB-WELL-0211,Terra Collagen Powder,"The Terra Collagen Powder from Lumen Beauty, thoughtfully made, supports glow from the inside out.",https://livgpt.vercel.app/?merchant=lumen-beauty&product=LB-WELL-0211,Lumen Ritual,,LB-WELL-0211,https://livgpt.vercel.app/mock-catalog/images/lumen-beauty/LB-WELL-0211.jpg,,,,new,Health & Beauty > Health Care > Vitamins & Supplements,Wellness > Supplements,adult,,3 in,3 in,5 in,0.47 lb,LB-WELL-GRP-008,Supplements,,,,unisex,in_stock,,,,17,24.39 USD,,,txcd_99999999,exclusive,,"US:ALL:Standard:3-5:0.00 USD,US:ALL:Expedited:1-2:9.99 USD",US:ALL:Standard:50.00 USD,
LB-WELL-0212,Heritage Magnesium Drink Mix,"The Heritage Magnesium Drink Mix from Lumen Beauty, thoughtfully made, supports glow from the inside out.",https://livgpt.vercel.app/?merchant=lumen-beauty&product=LB-WELL-0212,Lumen,,LB-WELL-0212,https://livgpt.vercel.app/mock-catalog/images/lumen-beauty/LB-WELL-0212.jpg,,,,new,Health & Beauty > Health Care > Vitamins & Supplements,Wellness > Supplements,adult,,3 in,3 in,5 in,0.48 lb,LB-WELL-GRP-009,Supplements,,,,unisex,in_stock,,,,71,41.25 USD,35.13 USD,2026-07-01/2026-12-31,txcd_99999999,exclusive,,"US:ALL:Standard:3-5:0.00 USD,US:ALL:Expedited:1-2:9.99 USD",US:ALL:Standard:50.00 USD,
LB-WELL-0213,Minimalist Hair Gummies,"The Minimalist Hair Gummies from Lumen Beauty, thoughtfully made, supports glow from the inside out.",https://livgpt.vercel.app/?merchant=lumen-beauty&product=LB-WELL-0213,Lumen,,LB-WELL-0213,https://livgpt.vercel.app/mock-catalog/images/lumen-beauty/LB-WELL-0213.jpg,,,,new,Health & Beauty > Health Care > Vitamins & Supplements,Wellness > Supplements,adult,,3 in,3 in,5 in,0.53 lb,LB-WELL-GRP-009,Supplements,,,,unisex,in_stock,,,,84,61.84 USD,,,txcd_99999999,exclusive,,"US:ALL:Standard:3-5:0.00 USD,US:ALL:Expedited:1-2:9.99 USD",US:ALL:Standard:50.00 USD,
LB-WELL-0214,Rugged Collagen Powder,"The Rugged Collagen Powder from Lumen Beauty, thoughtfully made, supports glow from the inside out.",https://livgpt.vercel.app/?merchant=lumen-beauty&product=LB-WELL-0214,Lumen Skin,,LB-WELL-0214,https://livgpt.vercel.app/mock-catalog/images/lumen-beauty/LB-WELL-0214.jpg,,,,new,Health & Beauty > Health Care > Vitamins & Supplements,Wellness > Supplements,adult,,3 in,3 in,5 in,0.54 lb,LB-WELL-GRP-010,Supplements,,,,unisex,in_stock,,,,117,53.45 USD,40.90 USD,2026-07-01/2026-12-31,txcd_99999999,exclusive,,"US:ALL:Standard:3-5:0.00 USD,US:ALL:Expedited:1-2:9.99 USD",US:ALL:Standard:50.00 USD,
LB-WELL-0215,Urban Beauty Sleep Tea,"The Urban Beauty Sleep Tea from Lumen Beauty, thoughtfully made, supports glow from the inside out.",https://livgpt.vercel.app/?merchant=lumen-beauty&product=LB-WELL-0215,Lumen,,LB-WELL-0215,https://livgpt.vercel.app/mock-catalog/images/lumen-beauty/LB-WELL-0215.jpg,,,,new,Health & Beauty > Health Care > Vitamins & Supplements,Wellness > Supplements,adult,,3 in,3 in,5 in,0.54 lb,LB-WELL-GRP-010,Supplements,,,,unisex,in_stock,,,,21,18.60 USD,,,txcd_99999999,exclusive,,"US:ALL:Standard:3-5:0.00 USD,US:ALL:Expedited:1-2:9.99 USD",US:ALL:Standard:50.00 USD,
LB-WELL-0216,Premium Beauty Sleep Tea,"The Premium Beauty Sleep Tea from Lumen Beauty, thoughtfully made, supports glow from the inside out.",https://livgpt.vercel.app/?merchant=lumen-beauty&product=LB-WELL-0216,Lumen Ritual,,LB-WELL-0216,https://livgpt.vercel.app/mock-catalog/images/lumen-beauty/LB-WELL-0216.jpg,,,,new,Health & Beauty > Health Care > Vitamins & Supplements,Wellness > Supplements,adult,,3 in,3 in,5 in,0.5 lb,LB-WELL-GRP-011,Supplements,,,,unisex,in_stock,,,,225,51.42 USD,,,txcd_99999999,exclusive,,"US:ALL:Standard:3-5:0.00 USD,US:ALL:Expedited:1-2:9.99 USD",US:ALL:Standard:50.00 USD,
LB-WELL-0217,Essential Hair Gummies,"The Essential Hair Gummies from Lumen Beauty, thoughtfully made, supports glow from the inside out.",https://livgpt.vercel.app/?merchant=lumen-beauty&product=LB-WELL-0217,Lumen Skin,,LB-WELL-0217,https://livgpt.vercel.app/mock-catalog/images/lumen-beauty/LB-WELL-0217.jpg,,,,new,Health & Beauty > Health Care > Vitamins & Supplements,Wellness > Supplements,adult,,3 in,3 in,5 in,0.48 lb,LB-WELL-GRP-011,Supplements,,,,unisex,in_stock,,,,97,32.23 USD,,,txcd_99999999,exclusive,,"US:ALL:Standard:3-5:0.00 USD,US:ALL:Expedited:1-2:9.99 USD",US:ALL:Standard:50.00 USD,
LB-WELL-0218,Rugged Hair Gummies,"The Rugged Hair Gummies from Lumen Beauty, thoughtfully made, supports glow from the inside out.",https://livgpt.vercel.app/?merchant=lumen-beauty&product=LB-WELL-0218,Lumen,,LB-WELL-0218,https://livgpt.vercel.app/mock-catalog/images/lumen-beauty/LB-WELL-0218.jpg,,,,new,Health & Beauty > Health Care > Vitamins & Supplements,Wellness > Supplements,adult,,3 in,3 in,5 in,0.47 lb,LB-WELL-GRP-012,Supplements,,,,unisex,in_stock,,,,209,70.91 USD,,,txcd_99999999,exclusive,,"US:ALL:Standard:3-5:0.00 USD,US:ALL:Expedited:1-2:9.99 USD",US:ALL:Standard:50.00 USD,
LB-WELL-0219,Pro Beauty Sleep Tea,"The Pro Beauty Sleep Tea from Lumen Beauty, thoughtfully made, supports glow from the inside out.",https://livgpt.vercel.app/?merchant=lumen-beauty&product=LB-WELL-0219,Lumen Ritual,,LB-WELL-0219,https://livgpt.vercel.app/mock-catalog/images/lumen-beauty/LB-WELL-0219.jpg,,,,new,Health & Beauty > Health Care > Vitamins & Supplements,Wellness > Supplements,adult,,3 in,3 in,5 in,0.5 lb,LB-WELL-GRP-012,Supplements,,,,unisex,in_stock,,,,28,65.59 USD,52.55 USD,2026-07-01/2026-12-31,txcd_99999999,exclusive,,"US:ALL:Standard:3-5:0.00 USD,US:ALL:Expedited:1-2:9.99 USD",US:ALL:Standard:50.00 USD,
LB-WELL-0220,Pro Magnesium Drink Mix,"The Pro Magnesium Drink Mix from Lumen Beauty, thoughtfully made, supports glow from the inside out.",https://livgpt.vercel.app/?merchant=lumen-beauty&product=LB-WELL-0220,Lumen Ritual,,LB-WELL-0220,https://livgpt.vercel.app/mock-catalog/images/lumen-beauty/LB-WELL-0220.jpg,,,,new,Health & Beauty > Health Care > Vitamins & Supplements,Wellness > Supplements,adult,,3 in,3 in,5 in,0.53 lb,LB-WELL-GRP-013,Supplements,,,,unisex,in_stock,,,,8,41.66 USD,,,txcd_99999999,exclusive,,"US:ALL:Standard:3-5:0.00 USD,US:ALL:Expedited:1-2:9.99 USD",US:ALL:Standard:50.00 USD,
LB-FRAG-0221,Rugged Eau de Parfum,"The Rugged Eau de Parfum from Lumen Beauty, thoughtfully made, a signature scent that lasts through the day.",https://livgpt.vercel.app/?merchant=lumen-beauty&product=LB-FRAG-0221,Lumen,,LB-FRAG-0221,https://livgpt.vercel.app/mock-catalog/images/lumen-beauty/LB-FRAG-0221.jpg,,,,new,Health & Beauty > Personal Care > Cosmetics > Perfume & Cologne,Beauty > Fragrance,adult,,4 in,4 in,5 in,0.93 lb,LB-FRAG-GRP-008,Fragrance,,,,unisex,in_stock,,,,133,118.01 USD,,,txcd_99999999,exclusive,,"US:ALL:Standard:3-5:0.00 USD,US:ALL:Expedited:1-2:9.99 USD",US:ALL:Standard:50.00 USD,
LB-FRAG-0222,Everyday Body Mist,"The Everyday Body Mist from Lumen Beauty, thoughtfully made, a signature scent that lasts through the day.",https://livgpt.vercel.app/?merchant=lumen-beauty&product=LB-FRAG-0222,Lumen Skin,,LB-FRAG-0222,https://livgpt.vercel.app/mock-catalog/images/lumen-beauty/LB-FRAG-0222.jpg,,,,new,Health & Beauty > Personal Care > Cosmetics > Perfume & Cologne,Beauty > Fragrance,adult,,4 in,4 in,5 in,0.92 lb,LB-FRAG-GRP-009,Fragrance,,,,unisex,in_stock,,,,112,97.04 USD,,,txcd_99999999,exclusive,,"US:ALL:Standard:3-5:0.00 USD,US:ALL:Expedited:1-2:9.99 USD",US:ALL:Standard:50.00 USD,
LB-FRAG-0223,Studio Eau de Parfum,"The Studio Eau de Parfum from Lumen Beauty, thoughtfully made, a signature scent that lasts through the day.",https://livgpt.vercel.app/?merchant=lumen-beauty&product=LB-FRAG-0223,Lumen Ritual,,LB-FRAG-0223,https://livgpt.vercel.app/mock-catalog/images/lumen-beauty/LB-FRAG-0223.jpg,,,,new,Health & Beauty > Personal Care > Cosmetics > Perfume & Cologne,Beauty > Fragrance,adult,,4 in,4 in,5 in,1.01 lb,LB-FRAG-GRP-009,Fragrance,,,,unisex,in_stock,,,,209,100.76 USD,,,txcd_99999999,exclusive,,"US:ALL:Standard:3-5:0.00 USD,US:ALL:Expedited:1-2:9.99 USD",US:ALL:Standard:50.00 USD,
LB-FRAG-0224,Classic Rollerball Perfume,"The Classic Rollerball Perfume from Lumen Beauty, thoughtfully made, a signature scent that lasts through the day.",https://livgpt.vercel.app/?merchant=lumen-beauty&product=LB-FRAG-0224,Lumen,,LB-FRAG-0224,https://livgpt.vercel.app/mock-catalog/images/lumen-beauty/LB-FRAG-0224.jpg,,,,new,Health & Beauty > Personal Care > Cosmetics > Perfume & Cologne,Beauty > Fragrance,adult,,4 in,4 in,5 in,0.93 lb,LB-FRAG-GRP-010,Fragrance,,,,unisex,in_stock,,,,31,118.69 USD,,,txcd_99999999,exclusive,,"US:ALL:Standard:3-5:0.00 USD,US:ALL:Expedited:1-2:9.99 USD",US:ALL:Standard:50.00 USD,
LB-FRAG-0225,Coastal Rollerball Perfume,"The Coastal Rollerball Perfume from Lumen Beauty, thoughtfully made, a signature scent that lasts through the day.",https://livgpt.vercel.app/?merchant=lumen-beauty&product=LB-FRAG-0225,Lumen,,LB-FRAG-0225,https://livgpt.vercel.app/mock-catalog/images/lumen-beauty/LB-FRAG-0225.jpg,,,,new,Health & Beauty > Personal Care > Cosmetics > Perfume & Cologne,Beauty > Fragrance,adult,,4 in,4 in,5 in,0.96 lb,LB-FRAG-GRP-010,Fragrance,,,,unisex,in_stock,,,,7,97.05 USD,87.78 USD,2026-07-01/2026-12-31,txcd_99999999,exclusive,,"US:ALL:Standard:3-5:0.00 USD,US:ALL:Expedited:1-2:9.99 USD",US:ALL:Standard:50.00 USD,
LB-FRAG-0226,Terra Body Mist,"The Terra Body Mist from Lumen Beauty, thoughtfully made, a signature scent that lasts through the day.",https://livgpt.vercel.app/?merchant=lumen-beauty&product=LB-FRAG-0226,Lumen Skin,,LB-FRAG-0226,https://livgpt.vercel.app/mock-catalog/images/lumen-beauty/LB-FRAG-0226.jpg,,,,new,Health & Beauty > Personal Care > Cosmetics > Perfume & Cologne,Beauty > Fragrance,adult,,4 in,4 in,5 in,0.95 lb,LB-FRAG-GRP-011,Fragrance,,,,unisex,in_stock,,,,28,46.48 USD,,,txcd_99999999,exclusive,,"US:ALL:Standard:3-5:0.00 USD,US:ALL:Expedited:1-2:9.99 USD",US:ALL:Standard:50.00 USD,
LB-FRAG-0227,Modern Rollerball Perfume,"The Modern Rollerball Perfume from Lumen Beauty, thoughtfully made, a signature scent that lasts through the day.",https://livgpt.vercel.app/?merchant=lumen-beauty&product=LB-FRAG-0227,Lumen Ritual,,LB-FRAG-0227,https://livgpt.vercel.app/mock-catalog/images/lumen-beauty/LB-FRAG-0227.jpg,,,,new,Health & Beauty > Personal Care > Cosmetics > Perfume & Cologne,Beauty > Fragrance,adult,,4 in,4 in,5 in,0.92 lb,LB-FRAG-GRP-011,Fragrance,,,,unisex,in_stock,,,,63,100.10 USD,,,txcd_99999999,exclusive,,"US:ALL:Standard:3-5:0.00 USD,US:ALL:Expedited:1-2:9.99 USD",US:ALL:Standard:50.00 USD,
LB-FRAG-0228,Modern Solid Perfume,"The Modern Solid Perfume from Lumen Beauty, thoughtfully made, a signature scent that lasts through the day.",https://livgpt.vercel.app/?merchant=lumen-beauty&product=LB-FRAG-0228,Lumen,,LB-FRAG-0228,https://livgpt.vercel.app/mock-catalog/images/lumen-beauty/LB-FRAG-0228.jpg,,,,new,Health & Beauty > Personal Care > Cosmetics > Perfume & Cologne,Beauty > Fragrance,adult,,4 in,4 in,5 in,0.98 lb,LB-FRAG-GRP-012,Fragrance,,,,unisex,in_stock,,,,149,63.27 USD,,,txcd_99999999,exclusive,,"US:ALL:Standard:3-5:0.00 USD,US:ALL:Expedited:1-2:9.99 USD",US:ALL:Standard:50.00 USD,
LB-FRAG-0229,Featherlight Eau de Parfum,"The Featherlight Eau de Parfum from Lumen Beauty, thoughtfully made, a signature scent that lasts through the day.",https://livgpt.vercel.app/?merchant=lumen-beauty&product=LB-FRAG-0229,Lumen,,LB-FRAG-0229,https://livgpt.vercel.app/mock-catalog/images/lumen-beauty/LB-FRAG-0229.jpg,,,,new,Health & Beauty > Personal Care > Cosmetics > Perfume & Cologne,Beauty > Fragrance,adult,,4 in,4 in,5 in,0.91 lb,LB-FRAG-GRP-012,Fragrance,,,,unisex,in_stock,,,,1,61.17 USD,54.22 USD,2026-07-01/2026-12-31,txcd_99999999,exclusive,,"US:ALL:Standard:3-5:0.00 USD,US:ALL:Expedited:1-2:9.99 USD",US:ALL:Standard:50.00 USD,
LB-FRAG-0230,Nova Solid Perfume,"The Nova Solid Perfume from Lumen Beauty, thoughtfully made, a signature scent that lasts through the day.",https://livgpt.vercel.app/?merchant=lumen-beauty&product=LB-FRAG-0230,Lumen,,LB-FRAG-0230,https://livgpt.vercel.app/mock-catalog/images/lumen-beauty/LB-FRAG-0230.jpg,,,,new,Health & Beauty > Personal Care > Cosmetics > Perfume & Cologne,Beauty > Fragrance,adult,,4 in,4 in,5 in,1.02 lb,LB-FRAG-GRP-013,Fragrance,,,,unisex,in_stock,,,,163,68.84 USD,,,txcd_99999999,exclusive,,"US:ALL:Standard:3-5:0.00 USD,US:ALL:Expedited:1-2:9.99 USD",US:ALL:Standard:50.00 USD,
LB-TOOL-0231,Heritage Gua Sha Stone – Forest Green,"The Heritage Gua Sha Stone from Lumen Beauty, crafted in synthetic, a spa-quality ritual you can do at home. Shown in Forest Green.",https://livgpt.vercel.app/?merchant=lumen-beauty&product=LB-TOOL-0231,Lumen Skin,,LB-TOOL-0231,https://livgpt.vercel.app/mock-catalog/images/lumen-beauty/LB-TOOL-0231.jpg,,,,new,Health & Beauty > Personal Care > Cosmetics > Cosmetic Tools,Beauty > Tools,adult,Synthetic,3 in,3 in,5 in,0.46 lb,LB-TOOL-GRP-008,Tools,Forest Green,,,unisex,in_stock,,,,147,42.51 USD,,,txcd_99999999,exclusive,,"US:ALL:Standard:3-5:0.00 USD,US:ALL:Expedited:1-2:9.99 USD",US:ALL:Standard:50.00 USD,
LB-TOOL-0232,Everyday Gua Sha Stone – Navy,"The Everyday Gua Sha Stone from Lumen Beauty, crafted in rose quartz, a spa-quality ritual you can do at home. Shown in Navy.",https://livgpt.vercel.app/?merchant=lumen-beauty&product=LB-TOOL-0232,Lumen,,LB-TOOL-0232,https://livgpt.vercel.app/mock-catalog/images/lumen-beauty/LB-TOOL-0232.jpg,,,,new,Health & Beauty > Personal Care > Cosmetics > Cosmetic Tools,Beauty > Tools,adult,Rose Quartz,3 in,3 in,5 in,0.54 lb,LB-TOOL-GRP-009,Tools,Navy,,,unisex,in_stock,,,,188,40.98 USD,,,txcd_99999999,exclusive,,"US:ALL:Standard:3-5:0.00 USD,US:ALL:Expedited:1-2:9.99 USD",US:ALL:Standard:50.00 USD,
LB-TOOL-0233,Trail Jade Roller – Forest Green,"The Trail Jade Roller from Lumen Beauty, crafted in rose quartz, a spa-quality ritual you can do at home. Shown in Forest Green.",https://livgpt.vercel.app/?merchant=lumen-beauty&product=LB-TOOL-0233,Lumen Skin,,LB-TOOL-0233,https://livgpt.vercel.app/mock-catalog/images/lumen-beauty/LB-TOOL-0233.jpg,,,,new,Health & Beauty > Personal Care > Cosmetics > Cosmetic Tools,Beauty > Tools,adult,Rose Quartz,3 in,3 in,5 in,0.5 lb,LB-TOOL-GRP-009,Tools,Forest Green,,,unisex,in_stock,,,,61,43.30 USD,,,txcd_99999999,exclusive,,"US:ALL:Standard:3-5:0.00 USD,US:ALL:Expedited:1-2:9.99 USD",US:ALL:Standard:50.00 USD,
LB-TOOL-0234,Coastal Makeup Brush Set – White,"The Coastal Makeup Brush Set from Lumen Beauty, crafted in synthetic, a spa-quality ritual you can do at home. Shown in White.",https://livgpt.vercel.app/?merchant=lumen-beauty&product=LB-TOOL-0234,Lumen Ritual,,LB-TOOL-0234,https://livgpt.vercel.app/mock-catalog/images/lumen-beauty/LB-TOOL-0234.jpg,,,,new,Health & Beauty > Personal Care > Cosmetics > Cosmetic Tools,Beauty > Tools,adult,Synthetic,3 in,3 in,5 in,0.55 lb,LB-TOOL-GRP-010,Tools,White,,,unisex,in_stock,,,,222,40.94 USD,,,txcd_99999999,exclusive,,"US:ALL:Standard:3-5:0.00 USD,US:ALL:Expedited:1-2:9.99 USD",US:ALL:Standard:50.00 USD,
LB-TOOL-0235,Classic Jade Roller – Sand,"The Classic Jade Roller from Lumen Beauty, crafted in rose quartz, a spa-quality ritual you can do at home. Shown in Sand.",https://livgpt.vercel.app/?merchant=lumen-beauty&product=LB-TOOL-0235,Lumen,,LB-TOOL-0235,https://livgpt.vercel.app/mock-catalog/images/lumen-beauty/LB-TOOL-0235.jpg,,,,new,Health & Beauty > Personal Care > Cosmetics > Cosmetic Tools,Beauty > Tools,adult,Rose Quartz,3 in,3 in,5 in,0.53 lb,LB-TOOL-GRP-010,Tools,Sand,,,unisex,in_stock,,,,70,19.70 USD,,,txcd_99999999,exclusive,,"US:ALL:Standard:3-5:0.00 USD,US:ALL:Expedited:1-2:9.99 USD",US:ALL:Standard:50.00 USD,
LB-TOOL-0236,Aero Jade Roller – Terracotta,"The Aero Jade Roller from Lumen Beauty, crafted in rose quartz, a spa-quality ritual you can do at home. Shown in Terracotta.",https://livgpt.vercel.app/?merchant=lumen-beauty&product=LB-TOOL-0236,Lumen,,LB-TOOL-0236,https://livgpt.vercel.app/mock-catalog/images/lumen-beauty/LB-TOOL-0236.jpg,,,,new,Health & Beauty > Personal Care > Cosmetics > Cosmetic Tools,Beauty > Tools,adult,Rose Quartz,3 in,3 in,5 in,0.51 lb,LB-TOOL-GRP-011,Tools,Terracotta,,,unisex,in_stock,,,,162,56.54 USD,,,txcd_99999999,exclusive,,"US:ALL:Standard:3-5:0.00 USD,US:ALL:Expedited:1-2:9.99 USD",US:ALL:Standard:50.00 USD,
LB-TOOL-0237,Terra Makeup Brush Set – Black,"The Terra Makeup Brush Set from Lumen Beauty, crafted in rose quartz, a spa-quality ritual you can do at home. Shown in Black.",https://livgpt.vercel.app/?merchant=lumen-beauty&product=LB-TOOL-0237,Lumen,,LB-TOOL-0237,https://livgpt.vercel.app/mock-catalog/images/lumen-beauty/LB-TOOL-0237.jpg,,,,new,Health & Beauty > Personal Care > Cosmetics > Cosmetic Tools,Beauty > Tools,adult,Rose Quartz,3 in,3 in,5 in,0.51 lb,LB-TOOL-GRP-011,Tools,Black,,,unisex,in_stock,,,,113,46.13 USD,,,txcd_99999999,exclusive,,"US:ALL:Standard:3-5:0.00 USD,US:ALL:Expedited:1-2:9.99 USD",US:ALL:Standard:50.00 USD,
LB-TOOL-0238,Pro Jade Roller – Black,"The Pro Jade Roller from Lumen Beauty, crafted in rose quartz, a spa-quality ritual you can do at home. Shown in Black.",https://livgpt.vercel.app/?merchant=lumen-beauty&product=LB-TOOL-0238,Lumen Ritual,,LB-TOOL-0238,https://livgpt.vercel.app/mock-catalog/images/lumen-beauty/LB-TOOL-0238.jpg,,,,new,Health & Beauty > Personal Care > Cosmetics > Cosmetic Tools,Beauty > Tools,adult,Rose Quartz,3 in,3 in,5 in,0.52 lb,LB-TOOL-GRP-012,Tools,Black,,,unisex,in_stock,,,,110,27.32 USD,,,txcd_99999999,exclusive,,"US:ALL:Standard:3-5:0.00 USD,US:ALL:Expedited:1-2:9.99 USD",US:ALL:Standard:50.00 USD,
LB-TOOL-0239,Premium Gua Sha Stone – Charcoal,"The Premium Gua Sha Stone from Lumen Beauty, crafted in synthetic, a spa-quality ritual you can do at home. Shown in Charcoal.",https://livgpt.vercel.app/?merchant=lumen-beauty&product=LB-TOOL-0239,Lumen Skin,,LB-TOOL-0239,https://livgpt.vercel.app/mock-catalog/images/lumen-beauty/LB-TOOL-0239.jpg,,,,new,Health & Beauty > Personal Care > Cosmetics > Cosmetic Tools,Beauty > Tools,adult,Synthetic,3 in,3 in,5 in,0.5 lb,LB-TOOL-GRP-012,Tools,Charcoal,,,unisex,in_stock,,,,62,26.52 USD,,,txcd_99999999,exclusive,,"US:ALL:Standard:3-5:0.00 USD,US:ALL:Expedited:1-2:9.99 USD",US:ALL:Standard:50.00 USD,
LB-TOOL-0240,Coastal Jade Roller – Burgundy,"The Coastal Jade Roller from Lumen Beauty, crafted in rose quartz, a spa-quality ritual you can do at home. Shown in Burgundy.",https://livgpt.vercel.app/?merchant=lumen-beauty&product=LB-TOOL-0240,Lumen,,LB-TOOL-0240,https://livgpt.vercel.app/mock-catalog/images/lumen-beauty/LB-TOOL-0240.jpg,,,,new,Health & Beauty > Personal Care > Cosmetics > Cosmetic Tools,Beauty > Tools,adult,Rose Quartz,3 in,3 in,5 in,0.53 lb,LB-TOOL-GRP-013,Tools,Burgundy,,,unisex,in_stock,,,,159,54.86 USD,,,txcd_99999999,exclusive,,"US:ALL:Standard:3-5:0.00 USD,US:ALL:Expedited:1-2:9.99 USD",US:ALL:Standard:50.00 USD,
LB-GIFT-0241,Essential Skincare Gift Set,"The Essential Skincare Gift Set from Lumen Beauty, thoughtfully made, a ready-to-gift set of favorites, beautifully boxed.",https://livgpt.vercel.app/?merchant=lumen-beauty&product=LB-GIFT-0241,Lumen,,LB-GIFT-0241,https://livgpt.vercel.app/mock-catalog/images/lumen-beauty/LB-GIFT-0241.jpg,,,,new,Health & Beauty > Personal Care > Cosmetics > Cosmetic Sets,Beauty > Gift Sets,adult,,3 in,3 in,5 in,0.52 lb,LB-GIFT-GRP-008,Gift Sets,,,,unisex,in_stock,,,,140,144.17 USD,120.33 USD,2026-07-01/2026-12-31,txcd_99999999,exclusive,,"US:ALL:Standard:3-5:0.00 USD,US:ALL:Expedited:1-2:9.99 USD",US:ALL:Standard:50.00 USD,
LB-GIFT-0242,Terra Travel Beauty Kit,"The Terra Travel Beauty Kit from Lumen Beauty, thoughtfully made, a ready-to-gift set of favorites, beautifully boxed.",https://livgpt.vercel.app/?merchant=lumen-beauty&product=LB-GIFT-0242,Lumen,,LB-GIFT-0242,https://livgpt.vercel.app/mock-catalog/images/lumen-beauty/LB-GIFT-0242.jpg,,,,new,Health & Beauty > Personal Care > Cosmetics > Cosmetic Sets,Beauty > Gift Sets,adult,,3 in,3 in,5 in,0.54 lb,LB-GIFT-GRP-009,Gift Sets,,,,unisex,in_stock,,,,250,145.46 USD,129.08 USD,2026-07-01/2026-12-31,txcd_99999999,exclusive,,"US:ALL:Standard:3-5:0.00 USD,US:ALL:Expedited:1-2:9.99 USD",US:ALL:Standard:50.00 USD,
LB-GIFT-0243,Coastal Self-Care Ritual Box,"The Coastal Self-Care Ritual Box from Lumen Beauty, thoughtfully made, a ready-to-gift set of favorites, beautifully boxed.",https://livgpt.vercel.app/?merchant=lumen-beauty&product=LB-GIFT-0243,Lumen Skin,,LB-GIFT-0243,https://livgpt.vercel.app/mock-catalog/images/lumen-beauty/LB-GIFT-0243.jpg,,,,new,Health & Beauty > Personal Care > Cosmetics > Cosmetic Sets,Beauty > Gift Sets,adult,,3 in,3 in,5 in,0.51 lb,LB-GIFT-GRP-009,Gift Sets,,,,unisex,in_stock,,,,113,81.15 USD,,,txcd_99999999,exclusive,,"US:ALL:Standard:3-5:0.00 USD,US:ALL:Expedited:1-2:9.99 USD",US:ALL:Standard:50.00 USD,
LB-GIFT-0244,Premium Spa Night Set,"The Premium Spa Night Set from Lumen Beauty, thoughtfully made, a ready-to-gift set of favorites, beautifully boxed.",https://livgpt.vercel.app/?merchant=lumen-beauty&product=LB-GIFT-0244,Lumen Skin,,LB-GIFT-0244,https://livgpt.vercel.app/mock-catalog/images/lumen-beauty/LB-GIFT-0244.jpg,,,,new,Health & Beauty > Personal Care > Cosmetics > Cosmetic Sets,Beauty > Gift Sets,adult,,3 in,3 in,5 in,0.53 lb,LB-GIFT-GRP-010,Gift Sets,,,,unisex,in_stock,,,,64,54.17 USD,,,txcd_99999999,exclusive,,"US:ALL:Standard:3-5:0.00 USD,US:ALL:Expedited:1-2:9.99 USD",US:ALL:Standard:50.00 USD,
LB-GIFT-0245,Featherlight Self-Care Ritual Box,"The Featherlight Self-Care Ritual Box from Lumen Beauty, thoughtfully made, a ready-to-gift set of favorites, beautifully boxed.",https://livgpt.vercel.app/?merchant=lumen-beauty&product=LB-GIFT-0245,Lumen,,LB-GIFT-0245,https://livgpt.vercel.app/mock-catalog/images/lumen-beauty/LB-GIFT-0245.jpg,,,,new,Health & Beauty > Personal Care > Cosmetics > Cosmetic Sets,Beauty > Gift Sets,adult,,3 in,3 in,5 in,0.51 lb,LB-GIFT-GRP-010,Gift Sets,,,,unisex,in_stock,,,,229,125.15 USD,106.58 USD,2026-07-01/2026-12-31,txcd_99999999,exclusive,,"US:ALL:Standard:3-5:0.00 USD,US:ALL:Expedited:1-2:9.99 USD",US:ALL:Standard:50.00 USD,
LB-GIFT-0246,Modern Skincare Gift Set,"The Modern Skincare Gift Set from Lumen Beauty, thoughtfully made, a ready-to-gift set of favorites, beautifully boxed.",https://livgpt.vercel.app/?merchant=lumen-beauty&product=LB-GIFT-0246,Lumen,,LB-GIFT-0246,https://livgpt.vercel.app/mock-catalog/images/lumen-beauty/LB-GIFT-0246.jpg,,,,new,Health & Beauty > Personal Care > Cosmetics > Cosmetic Sets,Beauty > Gift Sets,adult,,3 in,3 in,5 in,0.47 lb,LB-GIFT-GRP-011,Gift Sets,,,,unisex,in_stock,,,,27,69.39 USD,54.07 USD,2026-07-01/2026-12-31,txcd_99999999,exclusive,,"US:ALL:Standard:3-5:0.00 USD,US:ALL:Expedited:1-2:9.99 USD",US:ALL:Standard:50.00 USD,
LB-GIFT-0247,Nova Self-Care Ritual Box,"The Nova Self-Care Ritual Box from Lumen Beauty, thoughtfully made, a ready-to-gift set of favorites, beautifully boxed.",https://livgpt.vercel.app/?merchant=lumen-beauty&product=LB-GIFT-0247,Lumen Ritual,,LB-GIFT-0247,https://livgpt.vercel.app/mock-catalog/images/lumen-beauty/LB-GIFT-0247.jpg,,,,new,Health & Beauty > Personal Care > Cosmetics > Cosmetic Sets,Beauty > Gift Sets,adult,,3 in,3 in,5 in,0.54 lb,LB-GIFT-GRP-011,Gift Sets,,,,unisex,in_stock,,,,180,113.96 USD,,,txcd_99999999,exclusive,,"US:ALL:Standard:3-5:0.00 USD,US:ALL:Expedited:1-2:9.99 USD",US:ALL:Standard:50.00 USD,
LB-GIFT-0248,Rugged Travel Beauty Kit,"The Rugged Travel Beauty Kit from Lumen Beauty, thoughtfully made, a ready-to-gift set of favorites, beautifully boxed.",https://livgpt.vercel.app/?merchant=lumen-beauty&product=LB-GIFT-0248,Lumen Ritual,,LB-GIFT-0248,https://livgpt.vercel.app/mock-catalog/images/lumen-beauty/LB-GIFT-0248.jpg,,,,new,Health & Beauty > Personal Care > Cosmetics > Cosmetic Sets,Beauty > Gift Sets,adult,,3 in,3 in,5 in,0.5 lb,LB-GIFT-GRP-012,Gift Sets,,,,unisex,in_stock,,,,163,34.55 USD,,,txcd_99999999,exclusive,,"US:ALL:Standard:3-5:0.00 USD,US:ALL:Expedited:1-2:9.99 USD",US:ALL:Standard:50.00 USD,
LB-GIFT-0249,Pro Spa Night Set,"The Pro Spa Night Set from Lumen Beauty, thoughtfully made, a ready-to-gift set of favorites, beautifully boxed.",https://livgpt.vercel.app/?merchant=lumen-beauty&product=LB-GIFT-0249,Lumen Skin,,LB-GIFT-0249,https://livgpt.vercel.app/mock-catalog/images/lumen-beauty/LB-GIFT-0249.jpg,,,,new,Health & Beauty > Personal Care > Cosmetics > Cosmetic Sets,Beauty > Gift Sets,adult,,3 in,3 in,5 in,0.53 lb,LB-GIFT-GRP-012,Gift Sets,,,,unisex,in_stock,,,,21,107.69 USD,,,txcd_99999999,exclusive,,"US:ALL:Standard:3-5:0.00 USD,US:ALL:Expedited:1-2:9.99 USD",US:ALL:Standard:50.00 USD,
LB-GIFT-0250,Alpine Travel Beauty Kit,"The Alpine Travel Beauty Kit from Lumen Beauty, thoughtfully made, a ready-to-gift set of favorites, beautifully boxed.",https://livgpt.vercel.app/?merchant=lumen-beauty&product=LB-GIFT-0250,Lumen,,LB-GIFT-0250,https://livgpt.vercel.app/mock-catalog/images/lumen-beauty/LB-GIFT-0250.jpg,,,,new,Health & Beauty > Personal Care > Cosmetics > Cosmetic Sets,Beauty > Gift Sets,adult,,3 in,3 in,5 in,0.54 lb,LB-GIFT-GRP-013,Gift Sets,,,,unisex,in_stock,,,,115,78.83 USD,,,txcd_99999999,exclusive,,"US:ALL:Standard:3-5:0.00 USD,US:ALL:Expedited:1-2:9.99 USD",US:ALL:Standard:50.00 USD,
