id,title,description,link,image_link,additional_image_link,availability,price,sale_price,brand,gtin,mpn,condition,google_product_category,product_type,item_group_id,color,size,material,quantity
LB-SKIN-0001,Rugged Eye Cream,"The Rugged Eye Cream from Lumen Beauty, thoughtfully made, a lightweight formula for visibly healthier skin.",https://lumen-beauty.example.com/products/lb-skin-0001,/mock-catalog/images/lumen-beauty/LB-SKIN-0001.jpg,,in_stock,33.13 USD,,Lumen,,LB-SKIN-0001,new,Health & Beauty > Personal Care > Cosmetics > Skin Care,Beauty > Skincare,LB-SKIN-GRP-001,,,,71
LB-SKIN-0002,Alpine Gentle Cleanser,"The Alpine Gentle Cleanser from Lumen Beauty, thoughtfully made, a lightweight formula for visibly healthier skin.",https://lumen-beauty.example.com/products/lb-skin-0002,/mock-catalog/images/lumen-beauty/LB-SKIN-0002.jpg,,in_stock,34.72 USD,,Lumen Skin,,LB-SKIN-0002,new,Health & Beauty > Personal Care > Cosmetics > Skin Care,Beauty > Skincare,LB-SKIN-GRP-001,,,,144
LB-SKIN-0003,Essential Vitamin C Serum,"The Essential Vitamin C Serum from Lumen Beauty, thoughtfully made, a lightweight formula for visibly healthier skin.",https://lumen-beauty.example.com/products/lb-skin-0003,/mock-catalog/images/lumen-beauty/LB-SKIN-0003.jpg,,in_stock,20.69 USD,,Lumen Ritual,,LB-SKIN-0003,new,Health & Beauty > Personal Care > Cosmetics > Skin Care,Beauty > Skincare,LB-SKIN-GRP-002,,,,236
LB-SKIN-0004,Heritage Retinol Night Cream,"The Heritage Retinol Night Cream from Lumen Beauty, thoughtfully made, a lightweight formula for visibly healthier skin.",https://lumen-beauty.example.com/products/lb-skin-0004,/mock-catalog/images/lumen-beauty/LB-SKIN-0004.jpg,,in_stock,18.04 USD,,Lumen Skin,,LB-SKIN-0004,new,Health & Beauty > Personal Care > Cosmetics > Skin Care,Beauty > Skincare,LB-SKIN-GRP-002,,,,104
LB-SKIN-0005,Essential Hydrating Moisturizer,"The Essential Hydrating Moisturizer from Lumen Beauty, thoughtfully made, a lightweight formula for visibly healthier skin.",https://lumen-beauty.example.com/products/lb-skin-0005,/mock-catalog/images/lumen-beauty/LB-SKIN-0005.jpg,,in_stock,65.72 USD,,Lumen,,LB-SKIN-0005,new,Health & Beauty > Personal Care > Cosmetics > Skin Care,Beauty > Skincare,LB-SKIN-GRP-003,,,,121
LB-SKIN-0006,Classic Vitamin C Serum,"The Classic Vitamin C Serum from Lumen Beauty, thoughtfully made, a lightweight formula for visibly healthier skin.",https://lumen-beauty.example.com/products/lb-skin-0006,/mock-catalog/images/lumen-beauty/LB-SKIN-0006.jpg,,in_stock,49.50 USD,,Lumen Skin,,LB-SKIN-0006,new,Health & Beauty > Personal Care > Cosmetics > Skin Care,Beauty > Skincare,LB-SKIN-GRP-003,,,,91
LB-SKIN-0007,Essential Eye Cream,"The Essential Eye Cream from Lumen Beauty, thoughtfully made, a lightweight formula for visibly healthier skin.",https://lumen-beauty.example.com/products/lb-skin-0007,/mock-catalog/images/lumen-beauty/LB-SKIN-0007.jpg,,in_stock,29.82 USD,25.41 USD,Lumen Skin,,LB-SKIN-0007,new,Health & Beauty > Personal Care > Cosmetics > Skin Care,Beauty > Skincare,LB-SKIN-GRP-004,,,,109
LB-SKIN-0008,Luxe Retinol Night Cream,"The Luxe Retinol Night Cream from Lumen Beauty, thoughtfully made, a lightweight formula for visibly healthier skin.",https://lumen-beauty.example.com/products/lb-skin-0008,/mock-catalog/images/lumen-beauty/LB-SKIN-0008.jpg,,in_stock,83.46 USD,,Lumen,,LB-SKIN-0008,new,Health & Beauty > Personal Care > Cosmetics > Skin Care,Beauty > Skincare,LB-SKIN-GRP-004,,,,125
LB-SKIN-0009,Aero Vitamin C Serum,"The Aero Vitamin C Serum from Lumen Beauty, thoughtfully made, a lightweight formula for visibly healthier skin.",https://lumen-beauty.example.com/products/lb-skin-0009,/mock-catalog/images/lumen-beauty/LB-SKIN-0009.jpg,,in_stock,74.96 USD,,Lumen Skin,,LB-SKIN-0009,new,Health & Beauty > Personal Care > Cosmetics > Skin Care,Beauty > Skincare,LB-SKIN-GRP-005,,,,95
LB-SKIN-0010,Essential Retinol Night Cream,"The Essential Retinol Night Cream from Lumen Beauty, thoughtfully made, a lightweight formula for visibly healthier skin.",https://lumen-beauty.example.com/products/lb-skin-0010,/mock-catalog/images/lumen-beauty/LB-SKIN-0010.jpg,,in_stock,22.30 USD,,Lumen Skin,,LB-SKIN-0010,new,Health & Beauty > Personal Care > Cosmetics > Skin Care,Beauty > Skincare,LB-SKIN-GRP-005,,,,3
LB-SKIN-0011,Rugged Retinol Night Cream,"The Rugged Retinol Night Cream from Lumen Beauty, thoughtfully made, a lightweight formula for visibly healthier skin.",https://lumen-beauty.example.com/products/lb-skin-0011,/mock-catalog/images/lumen-beauty/LB-SKIN-0011.jpg,,in_stock,39.56 USD,,Lumen Skin,,LB-SKIN-0011,new,Health & Beauty > Personal Care > Cosmetics > Skin Care,Beauty > Skincare,LB-SKIN-GRP-006,,,,82
LB-SKIN-0012,Modern Eye Cream,"The Modern Eye Cream from Lumen Beauty, thoughtfully made, a lightweight formula for visibly healthier skin.",https://lumen-beauty.example.com/products/lb-skin-0012,/mock-catalog/images/lumen-beauty/LB-SKIN-0012.jpg,,in_stock,86.07 USD,,Lumen,,LB-SKIN-0012,new,Health & Beauty > Personal Care > Cosmetics > Skin Care,Beauty > Skincare,LB-SKIN-GRP-006,,,,243
LB-SKIN-0013,Coastal Vitamin C Serum,"The Coastal Vitamin C Serum from Lumen Beauty, thoughtfully made, a lightweight formula for visibly healthier skin.",https://lumen-beauty.example.com/products/lb-skin-0013,/mock-catalog/images/lumen-beauty/LB-SKIN-0013.jpg,,in_stock,45.01 USD,40.61 USD,Lumen,,LB-SKIN-0013,new,Health & Beauty > Personal Care > Cosmetics > Skin Care,Beauty > Skincare,LB-SKIN-GRP-007,,,,65
LB-SKIN-0014,Luxe Vitamin C Serum,"The Luxe Vitamin C Serum from Lumen Beauty, thoughtfully made, a lightweight formula for visibly healthier skin.",https://lumen-beauty.example.com/products/lb-skin-0014,/mock-catalog/images/lumen-beauty/LB-SKIN-0014.jpg,,in_stock,84.83 USD,,Lumen Skin,,LB-SKIN-0014,new,Health & Beauty > Personal Care > Cosmetics > Skin Care,Beauty > Skincare,LB-SKIN-GRP-007,,,,138
LB-SKIN-0015,Featherlight Retinol Night Cream,"The Featherlight Retinol Night Cream from Lumen Beauty, thoughtfully made, a lightweight formula for visibly healthier skin.",https://lumen-beauty.example.com/products/lb-skin-0015,/mock-catalog/images/lumen-beauty/LB-SKIN-0015.jpg,,in_stock,84.11 USD,,Lumen,,LB-SKIN-0015,new,Health & Beauty > Personal Care > Cosmetics > Skin Care,Beauty > Skincare,LB-SKIN-GRP-008,,,,149
LB-SUNS-0016,Studio Tinted SPF Cream,"The Studio Tinted SPF Cream from Lumen Beauty, thoughtfully made, broad-spectrum protection that wears beautifully.",https://lumen-beauty.example.com/products/lb-suns-0016,/mock-catalog/images/lumen-beauty/LB-SUNS-0016.jpg,,in_stock,16.03 USD,,Lumen,,LB-SUNS-0016,new,Health & Beauty > Personal Care > Cosmetics > Skin Care > Sunscreen,Beauty > Sunscreen,LB-SUNS-GRP-001,,,,247
LB-SUNS-0017,Signature Tinted SPF Cream,"The Signature Tinted SPF Cream from Lumen Beauty, thoughtfully made, broad-spectrum protection that wears beautifully.",https://lumen-beauty.example.com/products/lb-suns-0017,/mock-catalog/images/lumen-beauty/LB-SUNS-0017.jpg,,in_stock,18.75 USD,,Lumen Skin,,LB-SUNS-0017,new,Health & Beauty > Personal Care > Cosmetics > Skin Care > Sunscreen,Beauty > Sunscreen,LB-SUNS-GRP-001,,,,247
LB-SUNS-0018,Modern Mineral Sunscreen,"The Modern Mineral Sunscreen from Lumen Beauty, thoughtfully made, broad-spectrum protection that wears beautifully.",https://lumen-beauty.example.com/products/lb-suns-0018,/mock-catalog/images/lumen-beauty/LB-SUNS-0018.jpg,,in_stock,22.23 USD,19.88 USD,Lumen Skin,,LB-SUNS-0018,new,Health & Beauty > Personal Care > Cosmetics > Skin Care > Sunscreen,Beauty > Sunscreen,LB-SUNS-GRP-002,,,,29
LB-SUNS-0019,Coastal Sport Sunscreen Stick,"The Coastal Sport Sunscreen Stick from Lumen Beauty, thoughtfully made, broad-spectrum protection that wears beautifully.",https://lumen-beauty.example.com/products/lb-suns-0019,/mock-catalog/images/lumen-beauty/LB-SUNS-0019.jpg,,in_stock,43.46 USD,,Lumen,,LB-SUNS-0019,new,Health & Beauty > Personal Care > Cosmetics > Skin Care > Sunscreen,Beauty > Sunscreen,LB-SUNS-GRP-002,,,,134
LB-SUNS-0020,Trail Tinted SPF Cream,"The Trail Tinted SPF Cream from Lumen Beauty, thoughtfully made, broad-spectrum protection that wears beautifully.",https://lumen-beauty.example.com/products/lb-suns-0020,/mock-catalog/images/lumen-beauty/LB-SUNS-0020.jpg,,in_stock,38.32 USD,,Lumen Ritual,,LB-SUNS-0020,new,Health & Beauty > Personal Care > Cosmetics > Skin Care > Sunscreen,Beauty > Sunscreen,LB-SUNS-GRP-003,,,,8
LB-SUNS-0021,Alpine Tinted SPF Cream,"The Alpine Tinted SPF Cream from Lumen Beauty, thoughtfully made, broad-spectrum protection that wears beautifully.",https://lumen-beauty.example.com/products/lb-suns-0021,/mock-catalog/images/lumen-beauty/LB-SUNS-0021.jpg,,in_stock,31.53 USD,,Lumen Ritual,,LB-SUNS-0021,new,Health & Beauty > Personal Care > Cosmetics > Skin Care > Sunscreen,Beauty > Sunscreen,LB-SUNS-GRP-003,,,,79
LB-SUNS-0022,Essential Mineral Sunscreen,"The Essential Mineral Sunscreen from Lumen Beauty, thoughtfully made, broad-spectrum protection that wears beautifully.",https://lumen-beauty.example.com/products/lb-suns-0022,/mock-catalog/images/lumen-beauty/LB-SUNS-0022.jpg,,in_stock,25.74 USD,,Lumen Ritual,,LB-SUNS-0022,new,Health & Beauty > Personal Care > Cosmetics > Skin Care > Sunscreen,Beauty > Sunscreen,LB-SUNS-GRP-004,,,,190
LB-SUNS-0023,Trail Mineral Sunscreen,"The Trail Mineral Sunscreen from Lumen Beauty, thoughtfully made, broad-spectrum protection that wears beautifully.",https://lumen-beauty.example.com/products/lb-suns-0023,/mock-catalog/images/lumen-beauty/LB-SUNS-0023.jpg,,in_stock,32.23 USD,,Lumen Ritual,,LB-SUNS-0023,new,Health & Beauty > Personal Care > Cosmetics > Skin Care > Sunscreen,Beauty > Sunscreen,LB-SUNS-GRP-004,,,,198
LB-SUNS-0024,Urban Mineral Sunscreen,"The Urban Mineral Sunscreen from Lumen Beauty, thoughtfully made, broad-spectrum protection that wears beautifully.",https://lumen-beauty.example.com/products/lb-suns-0024,/mock-catalog/images/lumen-beauty/LB-SUNS-0024.jpg,,in_stock,34.03 USD,,Lumen Ritual,,LB-SUNS-0024,new,Health & Beauty > Personal Care > Cosmetics > Skin Care > Sunscreen,Beauty > Sunscreen,LB-SUNS-GRP-005,,,,38
LB-SUNS-0025,Aero SPF 50 Daily Fluid,"The Aero SPF 50 Daily Fluid from Lumen Beauty, thoughtfully made, broad-spectrum protection that wears beautifully.",https://lumen-beauty.example.com/products/lb-suns-0025,/mock-catalog/images/lumen-beauty/LB-SUNS-0025.jpg,,in_stock,31.86 USD,24.09 USD,Lumen,,LB-SUNS-0025,new,Health & Beauty > Personal Care > Cosmetics > Skin Care > Sunscreen,Beauty > Sunscreen,LB-SUNS-GRP-005,,,,226
LB-SUNS-0026,Premium Tinted SPF Cream,"The Premium Tinted SPF Cream from Lumen Beauty, thoughtfully made, broad-spectrum protection that wears beautifully.",https://lumen-beauty.example.com/products/lb-suns-0026,/mock-catalog/images/lumen-beauty/LB-SUNS-0026.jpg,,in_stock,18.92 USD,16.55 USD,Lumen Ritual,,LB-SUNS-0026,new,Health & Beauty > Personal Care > Cosmetics > Skin Care > Sunscreen,Beauty > Sunscreen,LB-SUNS-GRP-006,,,,243
LB-SUNS-0027,Featherlight Tinted SPF Cream,"The Featherlight Tinted SPF Cream from Lumen Beauty, thoughtfully made, broad-spectrum protection that wears beautifully.",https://lumen-beauty.example.com/products/lb-suns-0027,/mock-catalog/images/lumen-beauty/LB-SUNS-0027.jpg,,in_stock,36.94 USD,,Lumen Skin,,LB-SUNS-0027,new,Health & Beauty > Personal Care > Cosmetics > Skin Care > Sunscreen,Beauty > Sunscreen,LB-SUNS-GRP-006,,,,125
LB-SUNS-0028,Urban Tinted SPF Cream,"The Urban Tinted SPF Cream from Lumen Beauty, thoughtfully made, broad-spectrum protection that wears beautifully.",https://lumen-beauty.example.com/products/lb-suns-0028,/mock-catalog/images/lumen-beauty/LB-SUNS-0028.jpg,,in_stock,23.77 USD,,Lumen Ritual,,LB-SUNS-0028,new,Health & Beauty > Personal Care > Cosmetics > Skin Care > Sunscreen,Beauty > Sunscreen,LB-SUNS-GRP-007,,,,230
LB-SUNS-0029,Pro Mineral Sunscreen,"The Pro Mineral Sunscreen from Lumen Beauty, thoughtfully made, broad-spectrum protection that wears beautifully.",https://lumen-beauty.example.com/products/lb-suns-0029,/mock-catalog/images/lumen-beauty/LB-SUNS-0029.jpg,,in_stock,35.54 USD,,Lumen,,LB-SUNS-0029,new,Health & Beauty > Personal Care > Cosmetics > Skin Care > Sunscreen,Beauty > Sunscreen,LB-SUNS-GRP-007,,,,10
LB-SUNS-0030,Essential Tinted SPF Cream,"The Essential Tinted SPF Cream from Lumen Beauty, thoughtfully made, broad-spectrum protection that wears beautifully.",https://lumen-beauty.example.com/products/lb-suns-0030,/mock-catalog/images/lumen-beauty/LB-SUNS-0030.jpg,,in_stock,25.50 USD,,Lumen Skin,,LB-SUNS-0030,new,Health & Beauty > Personal Care > Cosmetics > Skin Care > Sunscreen,Beauty > Sunscreen,LB-SUNS-GRP-008,,,,26
LB-CAND-0031,Alpine Aromatherapy Candle,"The Alpine Aromatherapy Candle from Lumen Beauty, crafted in soy wax, a layered, long-lasting scent for calm evenings.",https://lumen-beauty.example.com/products/lb-cand-0031,/mock-catalog/images/lumen-beauty/LB-CAND-0031.jpg,,in_stock,43.50 USD,,Lumen Ritual,,LB-CAND-0031,new,Home & Garden > Decor > Home Fragrances > Candles,Home > Fragrance > Candles,LB-CAND-GRP-001,,,Soy Wax,205
LB-CAND-0032,Terra Aromatherapy Candle,"The Terra Aromatherapy Candle from Lumen Beauty, crafted in soy wax, a layered, long-lasting scent for calm evenings.",https://lumen-beauty.example.com/products/lb-cand-0032,/mock-catalog/images/lumen-beauty/LB-CAND-0032.jpg,,in_stock,32.38 USD,,Lumen Skin,,LB-CAND-0032,new,Home & Garden > Decor > Home Fragrances > Candles,Home > Fragrance > Candles,LB-CAND-GRP-001,,,Soy Wax,240
LB-CAND-0033,Premium Massage Candle,"The Premium Massage Candle from Lumen Beauty, crafted in soy wax, a layered, long-lasting scent for calm evenings.",https://lumen-beauty.example.com/products/lb-cand-0033,/mock-catalog/images/lumen-beauty/LB-CAND-0033.jpg,,in_stock,51.32 USD,,Lumen Skin,,LB-CAND-0033,new,Home & Garden > Decor > Home Fragrances > Candles,Home > Fragrance > Candles,LB-CAND-GRP-002,,,Soy Wax,210
LB-CAND-0034,Rugged Massage Candle,"The Rugged Massage Candle from Lumen Beauty, crafted in soy wax, a layered, long-lasting scent for calm evenings.",https://lumen-beauty.example.com/products/lb-cand-0034,/mock-catalog/images/lumen-beauty/LB-CAND-0034.jpg,,in_stock,39.15 USD,29.81 USD,Lumen,,LB-CAND-0034,new,Home & Garden > Decor > Home Fragrances > Candles,Home > Fragrance > Candles,LB-CAND-GRP-002,,,Soy Wax,183
LB-CAND-0035,Everyday Massage Candle,"The Everyday Massage Candle from Lumen Beauty, crafted in soy wax, a layered, long-lasting scent for calm evenings.",https://lumen-beauty.example.com/products/lb-cand-0035,/mock-catalog/images/lumen-beauty/LB-CAND-0035.jpg,,in_stock,44.93 USD,41.22 USD,Lumen,,LB-CAND-0035,new,Home & Garden > Decor > Home Fragrances > Candles,Home > Fragrance > Candles,LB-CAND-GRP-003,,,Soy Wax,12
LB-CAND-0036,Luxe Reed Diffuser,"The Luxe Reed Diffuser from Lumen Beauty, crafted in soy wax, a layered, long-lasting scent for calm evenings.",https://lumen-beauty.example.com/products/lb-cand-0036,/mock-catalog/images/lumen-beauty/LB-CAND-0036.jpg,,in_stock,30.75 USD,,Lumen Skin,,LB-CAND-0036,new,Home & Garden > Decor > Home Fragrances > Candles,Home > Fragrance > Candles,LB-CAND-GRP-003,,,Soy Wax,19
LB-CAND-0037,Aero Massage Candle,"The Aero Massage Candle from Lumen Beauty, crafted in soy wax, a layered, long-lasting scent for calm evenings.",https://lumen-beauty.example.com/products/lb-cand-0037,/mock-catalog/images/lumen-beauty/LB-CAND-0037.jpg,,in_stock,23.18 USD,21.27 USD,Lumen Skin,,LB-CAND-0037,new,Home & Garden > Decor > Home Fragrances > Candles,Home > Fragrance > Candles,LB-CAND-GRP-004,,,Soy Wax,217
LB-CAND-0038,Heritage Reed Diffuser,"The Heritage Reed Diffuser from Lumen Beauty, crafted in soy wax, a layered, long-lasting scent for calm evenings.",https://lumen-beauty.example.com/products/lb-cand-0038,/mock-catalog/images/lumen-beauty/LB-CAND-0038.jpg,,in_stock,48.24 USD,40.92 USD,Lumen,,LB-CAND-0038,new,Home & Garden > Decor > Home Fragrances > Candles,Home > Fragrance > Candles,LB-CAND-GRP-004,,,Soy Wax,1
LB-CAND-0039,Featherlight Massage Candle,"The Featherlight Massage Candle from Lumen Beauty, crafted in soy wax, a layered, long-lasting scent for calm evenings.",https://lumen-beauty.example.com/products/lb-cand-0039,/mock-catalog/images/lumen-beauty/LB-CAND-0039.jpg,,in_stock,29.09 USD,,Lumen Skin,,LB-CAND-0039,new,Home & Garden > Decor > Home Fragrances > Candles,Home > Fragrance > Candles,LB-CAND-GRP-005,,,Soy Wax,40
LB-CAND-0040,Modern Aromatherapy Candle,"The Modern Aromatherapy Candle from Lumen Beauty, crafted in soy wax, a layered, long-lasting scent for calm evenings.",https://lumen-beauty.example.com/products/lb-cand-0040,/mock-catalog/images/lumen-beauty/LB-CAND-0040.jpg,,in_stock,24.84 USD,,Lumen Skin,,LB-CAND-0040,new,Home & Garden > Decor > Home Fragrances > Candles,Home > Fragrance > Candles,LB-CAND-GRP-005,,,Soy Wax,223
LB-CAND-0041,Rugged Reed Diffuser,"The Rugged Reed Diffuser from Lumen Beauty, crafted in soy wax, a layered, long-lasting scent for calm evenings.",https://lumen-beauty.example.com/products/lb-cand-0041,/mock-catalog/images/lumen-beauty/LB-CAND-0041.jpg,,in_stock,33.14 USD,,Lumen Skin,,LB-CAND-0041,new,Home & Garden > Decor > Home Fragrances > Candles,Home > Fragrance > Candles,LB-CAND-GRP-006,,,Soy Wax,189
LB-CAND-0042,Classic Scented Candle,"The Classic Scented Candle from Lumen Beauty, crafted in soy wax, a layered, long-lasting scent for calm evenings.",https://lumen-beauty.example.com/products/lb-cand-0042,/mock-catalog/images/lumen-beauty/LB-CAND-0042.jpg,,in_stock,47.77 USD,,Lumen Ritual,,LB-CAND-0042,new,Home & Garden > Decor > Home Fragrances > Candles,Home > Fragrance > Candles,LB-CAND-GRP-006,,,Soy Wax,166
LB-CAND-0043,Urban Reed Diffuser,"The Urban Reed Diffuser from Lumen Beauty, crafted in soy wax, a layered, long-lasting scent for calm evenings.",https://lumen-beauty.example.com/products/lb-cand-0043,/mock-catalog/images/lumen-beauty/LB-CAND-0043.jpg,,in_stock,39.36 USD,30.12 USD,Lumen Ritual,,LB-CAND-0043,new,Home & Garden > Decor > Home Fragrances > Candles,Home > Fragrance > Candles,LB-CAND-GRP-007,,,Soy Wax,142
LB-CAND-0044,Aero Aromatherapy Candle,"The Aero Aromatherapy Candle from Lumen Beauty, crafted in soy wax, a layered, long-lasting scent for calm evenings.",https://lumen-beauty.example.com/products/lb-cand-0044,/mock-catalog/images/lumen-beauty/LB-CAND-0044.jpg,,in_stock,51.05 USD,44.69 USD,Lumen Ritual,,LB-CAND-0044,new,Home & Garden > Decor > Home Fragrances > Candles,Home > Fragrance > Candles,LB-CAND-GRP-007,,,Soy Wax,55
LB-CAND-0045,Rugged Scented Candle,"The Rugged Scented Candle from Lumen Beauty, crafted in soy wax, a layered, long-lasting scent for calm evenings.",https://lumen-beauty.example.com/products/lb-cand-0045,/mock-catalog/images/lumen-beauty/LB-CAND-0045.jpg,,in_stock,33.36 USD,30.01 USD,Lumen Ritual,,LB-CAND-0045,new,Home & Garden > Decor > Home Fragrances > Candles,Home > Fragrance > Candles,LB-CAND-GRP-008,,,Soy Wax,244
LB-HAIR-0046,Rugged Wide-Tooth Comb – Sky Blue,"The Rugged Wide-Tooth Comb from Lumen Beauty, thoughtfully made, nourishes and strengthens from root to tip. Shown in Sky Blue.",https://lumen-beauty.example.com/products/lb-hair-0046,/mock-catalog/images/lumen-beauty/LB-HAIR-0046.jpg,,in_stock,44.16 USD,,Lumen Skin,,LB-HAIR-0046,new,Health & Beauty > Personal Care > Hair Care,Beauty > Hair,LB-HAIR-GRP-001,Sky Blue,,,227
LB-HAIR-0047,Minimalist Hair Oil – Forest Green,"The Minimalist Hair Oil from Lumen Beauty, crafted in silk, nourishes and strengthens from root to tip. Shown in Forest Green.",https://lumen-beauty.example.com/products/lb-hair-0047,/mock-catalog/images/lumen-beauty/LB-HAIR-0047.jpg,,in_stock,65.29 USD,,Lumen Ritual,,LB-HAIR-0047,new,Health & Beauty > Personal Care > Hair Care,Beauty > Hair,LB-HAIR-GRP-001,Forest Green,,Silk,232
LB-HAIR-0048,Trail Hair Oil – White,"The Trail Hair Oil from Lumen Beauty, thoughtfully made, nourishes and strengthens from root to tip. Shown in White.",https://lumen-beauty.example.com/products/lb-hair-0048,/mock-catalog/images/lumen-beauty/LB-HAIR-0048.jpg,,in_stock,29.11 USD,,Lumen Skin,,LB-HAIR-0048,new,Health & Beauty > Personal Care > Hair Care,Beauty > Hair,LB-HAIR-GRP-002,White,,,202
LB-HAIR-0049,Luxe Hair Oil – White,"The Luxe Hair Oil from Lumen Beauty, crafted in silk, nourishes and strengthens from root to tip. Shown in White.",https://lumen-beauty.example.com/products/lb-hair-0049,/mock-catalog/images/lumen-beauty/LB-HAIR-0049.jpg,,in_stock,67.65 USD,,Lumen,,LB-HAIR-0049,new,Health & Beauty > Personal Care > Hair Care,Beauty > Hair,LB-HAIR-GRP-002,White,,Silk,157
LB-HAIR-0050,Modern Wide-Tooth Comb – White,"The Modern Wide-Tooth Comb from Lumen Beauty, crafted in silk, nourishes and strengthens from root to tip. Shown in White.",https://lumen-beauty.example.com/products/lb-hair-0050,/mock-catalog/images/lumen-beauty/LB-HAIR-0050.jpg,,in_stock,25.28 USD,,Lumen Skin,,LB-HAIR-0050,new,Health & Beauty > Personal Care > Hair Care,Beauty > Hair,LB-HAIR-GRP-003,White,,Silk,163
LB-HAIR-0051,Signature Repair Shampoo – Navy,"The Signature Repair Shampoo from Lumen Beauty, crafted in silk, nourishes and strengthens from root to tip. Shown in Navy.",https://lumen-beauty.example.com/products/lb-hair-0051,/mock-catalog/images/lumen-beauty/LB-HAIR-0051.jpg,,in_stock,65.10 USD,,Lumen,,LB-HAIR-0051,new,Health & Beauty > Personal Care > Hair Care,Beauty > Hair,LB-HAIR-GRP-003,Navy,,Silk,247
LB-HAIR-0052,Studio Wide-Tooth Comb – Sand,"The Studio Wide-Tooth Comb from Lumen Beauty, thoughtfully made, nourishes and strengthens from root to tip. Shown in Sand.",https://lumen-beauty.example.com/products/lb-hair-0052,/mock-catalog/images/lumen-beauty/LB-HAIR-0052.jpg,,in_stock,53.84 USD,,Lumen Skin,,LB-HAIR-0052,new,Health & Beauty > Personal Care > Hair Care,Beauty > Hair,LB-HAIR-GRP-004,Sand,,,2
LB-HAIR-0053,Trail Conditioner – Terracotta,"The Trail Conditioner from Lumen Beauty, thoughtfully made, nourishes and strengthens from root to tip. Shown in Terracotta.",https://lumen-beauty.example.com/products/lb-hair-0053,/mock-catalog/images/lumen-beauty/LB-HAIR-0053.jpg,,in_stock,64.39 USD,,Lumen,,LB-HAIR-0053,new,Health & Beauty > Personal Care > Hair Care,Beauty > Hair,LB-HAIR-GRP-004,Terracotta,,,90
LB-HAIR-0054,Aero Hair Oil – Slate Gray,"The Aero Hair Oil from Lumen Beauty, crafted in silk, nourishes and strengthens from root to tip. Shown in Slate Gray.",https://lumen-beauty.example.com/products/lb-hair-0054,/mock-catalog/images/lumen-beauty/LB-HAIR-0054.jpg,,in_stock,18.14 USD,,Lumen Skin,,LB-HAIR-0054,new,Health & Beauty > Personal Care > Hair Care,Beauty > Hair,LB-HAIR-GRP-005,Slate Gray,,Silk,248
LB-HAIR-0055,Pro Conditioner – Sky Blue,"The Pro Conditioner from Lumen Beauty, thoughtfully made, nourishes and strengthens from root to tip. Shown in Sky Blue.",https://lumen-beauty.example.com/products/lb-hair-0055,/mock-catalog/images/lumen-beauty/LB-HAIR-0055.jpg,,in_stock,42.11 USD,35.70 USD,Lumen,,LB-HAIR-0055,new,Health & Beauty > Personal Care > Hair Care,Beauty > Hair,LB-HAIR-GRP-005,Sky Blue,,,50
LB-HAIR-0056,Alpine Silk Scrunchie Set – Olive,"The Alpine Silk Scrunchie Set from Lumen Beauty, thoughtfully made, nourishes and strengthens from root to tip. Shown in Olive.",https://lumen-beauty.example.com/products/lb-hair-0056,/mock-catalog/images/lumen-beauty/LB-HAIR-0056.jpg,,in_stock,38.78 USD,,Lumen Ritual,,LB-HAIR-0056,new,Health & Beauty > Personal Care > Hair Care,Beauty > Hair,LB-HAIR-GRP-006,Olive,,,105
LB-HAIR-0057,Pro Hair Oil – Burgundy,"The Pro Hair Oil from Lumen Beauty, crafted in silk, nourishes and strengthens from root to tip. Shown in Burgundy.",https://lumen-beauty.example.com/products/lb-hair-0057,/mock-catalog/images/lumen-beauty/LB-HAIR-0057.jpg,,in_stock,37.95 USD,,Lumen Ritual,,LB-HAIR-0057,new,Health & Beauty > Personal Care > Hair Care,Beauty > Hair,LB-HAIR-GRP-006,Burgundy,,Silk,22
LB-HAIR-0058,Heritage Wide-Tooth Comb – Forest Green,"The Heritage Wide-Tooth Comb from Lumen Beauty, crafted in silk, nourishes and strengthens from root to tip. Shown in Forest Green.",https://lumen-beauty.example.com/products/lb-hair-0058,/mock-catalog/images/lumen-beauty/LB-HAIR-0058.jpg,,in_stock,14.06 USD,,Lumen Skin,,LB-HAIR-0058,new,Health & Beauty > Personal Care > Hair Care,Beauty > Hair,LB-HAIR-GRP-007,Forest Green,,Silk,56
LB-HAIR-0059,Modern Repair Shampoo – Forest Green,"The Modern Repair Shampoo from Lumen Beauty, thoughtfully made, nourishes and strengthens from root to tip. Shown in Forest Green.",https://lumen-beauty.example.com/products/lb-hair-0059,/mock-catalog/images/lumen-beauty/LB-HAIR-0059.jpg,,in_stock,49.25 USD,,Lumen Skin,,LB-HAIR-0059,new,Health & Beauty > Personal Care > Hair Care,Beauty > Hair,LB-HAIR-GRP-007,Forest Green,,,187
LB-HAIR-0060,Terra Conditioner – Navy,"The Terra Conditioner from Lumen Beauty, thoughtfully made, nourishes and strengthens from root to tip. Shown in Navy.",https://lumen-beauty.example.com/products/lb-hair-0060,/mock-catalog/images/lumen-beauty/LB-HAIR-0060.jpg,,in_stock,31.38 USD,28.52 USD,Lumen Ritual,,LB-HAIR-0060,new,Health & Beauty > Personal Care > Hair Care,Beauty > Hair,LB-HAIR-GRP-008,Navy,,,220
LB-BATH-0061,Modern Whipped Body Butter,"The Modern Whipped Body Butter from Lumen Beauty, thoughtfully made, leaves skin soft, smooth, and lightly scented.",https://lumen-beauty.example.com/products/lb-bath-0061,/mock-catalog/images/lumen-beauty/LB-BATH-0061.jpg,,in_stock,21.40 USD,,Lumen,,LB-BATH-0061,new,Health & Beauty > Personal Care > Bath & Body,Beauty > Bath & Body,LB-BATH-GRP-001,,,,17
LB-BATH-0062,Pro Whipped Body Butter,"The Pro Whipped Body Butter from Lumen Beauty, thoughtfully made, leaves skin soft, smooth, and lightly scented.",https://lumen-beauty.example.com/products/lb-bath-0062,/mock-catalog/images/lumen-beauty/LB-BATH-0062.jpg,,in_stock,29.22 USD,,Lumen,,LB-BATH-0062,new,Health & Beauty > Personal Care > Bath & Body,Beauty > Bath & Body,LB-BATH-GRP-001,,,,27
LB-BATH-0063,Studio Whipped Body Butter,"The Studio Whipped Body Butter from Lumen Beauty, thoughtfully made, leaves skin soft, smooth, and lightly scented.",https://lumen-beauty.example.com/products/lb-bath-0063,/mock-catalog/images/lumen-beauty/LB-BATH-0063.jpg,,in_stock,29.16 USD,24.86 USD,Lumen,,LB-BATH-0063,new,Health & Beauty > Personal Care > Bath & Body,Beauty > Bath & Body,LB-BATH-GRP-002,,,,123
LB-BATH-0064,Everyday Exfoliating Scrub,"The Everyday Exfoliating Scrub from Lumen Beauty, thoughtfully made, leaves skin soft, smooth, and lightly scented.",https://lumen-beauty.example.com/products/lb-bath-0064,/mock-catalog/images/lumen-beauty/LB-BATH-0064.jpg,,in_stock,17.14 USD,,Lumen,,LB-BATH-0064,new,Health & Beauty > Personal Care > Bath & Body,Beauty > Bath & Body,LB-BATH-GRP-002,,,,92
LB-BATH-0065,Modern Bath Salts,"The Modern Bath Salts from Lumen Beauty, thoughtfully made, leaves skin soft, smooth, and lightly scented.",https://lumen-beauty.example.com/products/lb-bath-0065,/mock-catalog/images/lumen-beauty/LB-BATH-0065.jpg,,in_stock,20.57 USD,,Lumen,,LB-BATH-0065,new,Health & Beauty > Personal Care > Bath & Body,Beauty > Bath & Body,LB-BATH-GRP-003,,,,195
LB-BATH-0066,Rugged Whipped Body Butter,"The Rugged Whipped Body Butter from Lumen Beauty, thoughtfully made, leaves skin soft, smooth, and lightly scented.",https://lumen-beauty.example.com/products/lb-bath-0066,/mock-catalog/images/lumen-beauty/LB-BATH-0066.jpg,,in_stock,27.55 USD,,Lumen,,LB-BATH-0066,new,Health & Beauty > Personal Care > Bath & Body,Beauty > Bath & Body,LB-BATH-GRP-003,,,,111
LB-BATH-0067,Aero Body Wash,"The Aero Body Wash from Lumen Beauty, thoughtfully made, leaves skin soft, smooth, and lightly scented.",https://lumen-beauty.example.com/products/lb-bath-0067,/mock-catalog/images/lumen-beauty/LB-BATH-0067.jpg,,in_stock,38.91 USD,35.44 USD,Lumen,,LB-BATH-0067,new,Health & Beauty > Personal Care > Bath & Body,Beauty > Bath & Body,LB-BATH-GRP-004,,,,3
LB-BATH-0068,Featherlight Exfoliating Scrub,"The Featherlight Exfoliating Scrub from Lumen Beauty, thoughtfully made, leaves skin soft, smooth, and lightly scented.",https://lumen-beauty.example.com/products/lb-bath-0068,/mock-catalog/images/lumen-beauty/LB-BATH-0068.jpg,,in_stock,30.37 USD,24.77 USD,Lumen Ritual,,LB-BATH-0068,new,Health & Beauty > Personal Care > Bath & Body,Beauty > Bath & Body,LB-BATH-GRP-004,,,,6
LB-BATH-0069,Minimalist Bath Salts,"The Minimalist Bath Salts from Lumen Beauty, thoughtfully made, leaves skin soft, smooth, and lightly scented.",https://lumen-beauty.example.com/products/lb-bath-0069,/mock-catalog/images/lumen-beauty/LB-BATH-0069.jpg,,in_stock,19.12 USD,,Lumen,,LB-BATH-0069,new,Health & Beauty > Personal Care > Bath & Body,Beauty > Bath & Body,LB-BATH-GRP-005,,,,215
LB-BATH-0070,Aero Exfoliating Scrub,"The Aero Exfoliating Scrub from Lumen Beauty, thoughtfully made, leaves skin soft, smooth, and lightly scented.",https://lumen-beauty.example.com/products/lb-bath-0070,/mock-catalog/images/lumen-beauty/LB-BATH-0070.jpg,,in_stock,32.21 USD,,Lumen Skin,,LB-BATH-0070,new,Health & Beauty > Personal Care > Bath & Body,Beauty > Bath & Body,LB-BATH-GRP-005,,,,108
LB-BATH-0071,Rugged Body Wash,"The Rugged Body Wash from Lumen Beauty, thoughtfully made, leaves skin soft, smooth, and lightly scented.",https://lumen-beauty.example.com/products/lb-bath-0071,/mock-catalog/images/lumen-beauty/LB-BATH-0071.jpg,,in_stock,24.32 USD,,Lumen Ritual,,LB-BATH-0071,new,Health & Beauty > Personal Care > Bath & Body,Beauty > Bath & Body,LB-BATH-GRP-006,,,,197
LB-BATH-0072,Urban Bath Salts,"The Urban Bath Salts from Lumen Beauty, thoughtfully made, leaves skin soft, smooth, and lightly scented.",https://lumen-beauty.example.com/products/lb-bath-0072,/mock-catalog/images/lumen-beauty/LB-BATH-0072.jpg,,in_stock,17.77 USD,,Lumen,,LB-BATH-0072,new,Health & Beauty > Personal Care > Bath & Body,Beauty > Bath & Body,LB-BATH-GRP-006,,,,134
LB-BATH-0073,Signature Whipped Body Butter,"The Signature Whipped Body Butter from Lumen Beauty, thoughtfully made, leaves skin soft, smooth, and lightly scented.",https://lumen-beauty.example.com/products/lb-bath-0073,/mock-catalog/images/lumen-beauty/LB-BATH-0073.jpg,,in_stock,48.35 USD,,Lumen Ritual,,LB-BATH-0073,new,Health & Beauty > Personal Care > Bath & Body,Beauty > Bath & Body,LB-BATH-GRP-007,,,,178
LB-BATH-0074,Classic Whipped Body Butter,"The Classic Whipped Body Butter from Lumen Beauty, thoughtfully made, leaves skin soft, smooth, and lightly scented.",https://lumen-beauty.example.com/products/lb-bath-0074,/mock-catalog/images/lumen-beauty/LB-BATH-0074.jpg,,in_stock,37.70 USD,,Lumen Skin,,LB-BATH-0074,new,Health & Beauty > Personal Care > Bath & Body,Beauty > Bath & Body,LB-BATH-GRP-007,,,,64
LB-BATH-0075,Premium Whipped Body Butter,"The Premium Whipped Body Butter from Lumen Beauty, thoughtfully made, leaves skin soft, smooth, and lightly scented.",https://lumen-beauty.example.com/products/lb-bath-0075,/mock-catalog/images/lumen-beauty/LB-BATH-0075.jpg,,in_stock,13.74 USD,,Lumen Skin,,LB-BATH-0075,new,Health & Beauty > Personal Care > Bath & Body,Beauty > Bath & Body,LB-BATH-GRP-008,,,,154
LB-MAKE-0076,Minimalist Tinted Lip Balm – Cream,"The Minimalist Tinted Lip Balm from Lumen Beauty, thoughtfully made, a clean, buildable formula for an effortless look. Shown in Cream.",https://lumen-beauty.example.com/products/lb-make-0076,/mock-catalog/images/lumen-beauty/LB-MAKE-0076.jpg,,in_stock,57.26 USD,,Lumen Skin,,LB-MAKE-0076,new,Health & Beauty > Personal Care > Cosmetics > Makeup,Beauty > Makeup,LB-MAKE-GRP-001,Cream,,,218
LB-MAKE-0077,Trail Cream Blush – Terracotta,"The Trail Cream Blush from Lumen Beauty, thoughtfully made, a clean, buildable formula for an effortless look. Shown in Terracotta.",https://lumen-beauty.example.com/products/lb-make-0077,/mock-catalog/images/lumen-beauty/LB-MAKE-0077.jpg,,in_stock,58.92 USD,,Lumen Skin,,LB-MAKE-0077,new,Health & Beauty > Personal Care > Cosmetics > Makeup,Beauty > Makeup,LB-MAKE-GRP-001,Terracotta,,,135
LB-MAKE-0078,Everyday Liquid Foundation – Blush Pink,"The Everyday Liquid Foundation from Lumen Beauty, thoughtfully made, a clean, buildable formula for an effortless look. Shown in Blush Pink.",https://lumen-beauty.example.com/products/lb-make-0078,/mock-catalog/images/lumen-beauty/LB-MAKE-0078.jpg,,in_stock,33.02 USD,,Lumen,,LB-MAKE-0078,new,Health & Beauty > Personal Care > Cosmetics > Makeup,Beauty > Makeup,LB-MAKE-GRP-002,Blush Pink,,,149
LB-MAKE-0079,Modern Brow Gel – Sand,"The Modern Brow Gel from Lumen Beauty, thoughtfully made, a clean, buildable formula for an effortless look. Shown in Sand.",https://lumen-beauty.example.com/products/lb-make-0079,/mock-catalog/images/lumen-beauty/LB-MAKE-0079.jpg,,in_stock,35.07 USD,,Lumen Ritual,,LB-MAKE-0079,new,Health & Beauty > Personal Care > Cosmetics > Makeup,Beauty > Makeup,LB-MAKE-GRP-002,Sand,,,83
LB-MAKE-0080,Studio Cream Blush – Black,"The Studio Cream Blush from Lumen Beauty, thoughtfully made, a clean, buildable formula for an effortless look. Shown in Black.",https://lumen-beauty.example.com/products/lb-make-0080,/mock-catalog/images/lumen-beauty/LB-MAKE-0080.jpg,,in_stock,24.72 USD,,Lumen Ritual,,LB-MAKE-0080,new,Health & Beauty > Personal Care > Cosmetics > Makeup,Beauty > Makeup,LB-MAKE-GRP-003,Black,,,61
LB-MAKE-0081,Essential Brow Gel – Terracotta,"The Essential Brow Gel from Lumen Beauty, thoughtfully made, a clean, buildable formula for an effortless look. Shown in Terracotta.",https://lumen-beauty.example.com/products/lb-make-0081,/mock-catalog/images/lumen-beauty/LB-MAKE-0081.jpg,,in_stock,37.14 USD,,Lumen Ritual,,LB-MAKE-0081,new,Health & Beauty > Personal Care > Cosmetics > Makeup,Beauty > Makeup,LB-MAKE-GRP-003,Terracotta,,,54
LB-MAKE-0082,Alpine Liquid Foundation – Cream,"The Alpine Liquid Foundation from Lumen Beauty, thoughtfully made, a clean, buildable formula for an effortless look. Shown in Cream.",https://lumen-beauty.example.com/products/lb-make-0082,/mock-catalog/images/lumen-beauty/LB-MAKE-0082.jpg,,in_stock,51.94 USD,,Lumen Ritual,,LB-MAKE-0082,new,Health & Beauty > Personal Care > Cosmetics > Makeup,Beauty > Makeup,LB-MAKE-GRP-004,Cream,,,216
LB-MAKE-0083,Signature Tinted Lip Balm – Sky Blue,"The Signature Tinted Lip Balm from Lumen Beauty, thoughtfully made, a clean, buildable formula for an effortless look. Shown in Sky Blue.",https://lumen-beauty.example.com/products/lb-make-0083,/mock-catalog/images/lumen-beauty/LB-MAKE-0083.jpg,,in_stock,46.01 USD,,Lumen Skin,,LB-MAKE-0083,new,Health & Beauty > Personal Care > Cosmetics > Makeup,Beauty > Makeup,LB-MAKE-GRP-004,Sky Blue,,,35
LB-MAKE-0084,Coastal Tinted Lip Balm – Blush Pink,"The Coastal Tinted Lip Balm from Lumen Beauty, thoughtfully made, a clean, buildable formula for an effortless look. Shown in Blush Pink.",https://lumen-beauty.example.com/products/lb-make-0084,/mock-catalog/images/lumen-beauty/LB-MAKE-0084.jpg,,in_stock,14.96 USD,12.74 USD,Lumen,,LB-MAKE-0084,new,Health & Beauty > Personal Care > Cosmetics > Makeup,Beauty > Makeup,LB-MAKE-GRP-005,Blush Pink,,,241
LB-MAKE-0085,Modern Cream Blush – Sand,"The Modern Cream Blush from Lumen Beauty, thoughtfully made, a clean, buildable formula for an effortless look. Shown in Sand.",https://lumen-beauty.example.com/products/lb-make-0085,/mock-catalog/images/lumen-beauty/LB-MAKE-0085.jpg,,in_stock,28.51 USD,,Lumen Ritual,,LB-MAKE-0085,new,Health & Beauty > Personal Care > Cosmetics > Makeup,Beauty > Makeup,LB-MAKE-GRP-005,Sand,,,227
LB-MAKE-0086,Heritage Tinted Lip Balm – Forest Green,"The Heritage Tinted Lip Balm from Lumen Beauty, thoughtfully made, a clean, buildable formula for an effortless look. Shown in Forest Green.",https://lumen-beauty.example.com/products/lb-make-0086,/mock-catalog/images/lumen-beauty/LB-MAKE-0086.jpg,,in_stock,30.04 USD,,Lumen Ritual,,LB-MAKE-0086,new,Health & Beauty > Personal Care > Cosmetics > Makeup,Beauty > Makeup,LB-MAKE-GRP-006,Forest Green,,,243
LB-MAKE-0087,Premium Liquid Foundation – Black,"The Premium Liquid Foundation from Lumen Beauty, thoughtfully made, a clean, buildable formula for an effortless look. Shown in Black.",https://lumen-beauty.example.com/products/lb-make-0087,/mock-catalog/images/lumen-beauty/LB-MAKE-0087.jpg,,in_stock,52.34 USD,40.75 USD,Lumen Skin,,LB-MAKE-0087,new,Health & Beauty > Personal Care > Cosmetics > Makeup,Beauty > Makeup,LB-MAKE-GRP-006,Black,,,48
LB-MAKE-0088,Everyday Brow Gel – Slate Gray,"The Everyday Brow Gel from Lumen Beauty, thoughtfully made, a clean, buildable formula for an effortless look. Shown in Slate Gray.",https://lumen-beauty.example.com/products/lb-make-0088,/mock-catalog/images/lumen-beauty/LB-MAKE-0088.jpg,,in_stock,47.25 USD,,Lumen Ritual,,LB-MAKE-0088,new,Health & Beauty > Personal Care > Cosmetics > Makeup,Beauty > Makeup,LB-MAKE-GRP-007,Slate Gray,,,227
LB-MAKE-0089,Trail Mascara – Cream,"The Trail Mascara from Lumen Beauty, thoughtfully made, a clean, buildable formula for an effortless look. Shown in Cream.",https://lumen-beauty.example.com/products/lb-make-0089,/mock-catalog/images/lumen-beauty/LB-MAKE-0089.jpg,,in_stock,45.07 USD,,Lumen Ritual,,LB-MAKE-0089,new,Health & Beauty > Personal Care > Cosmetics > Makeup,Beauty > Makeup,LB-MAKE-GRP-007,Cream,,,125
LB-MAKE-0090,Nova Cream Blush – Cream,"The Nova Cream Blush from Lumen Beauty, thoughtfully made, a clean, buildable formula for an effortless look. Shown in Cream.",https://lumen-beauty.example.com/products/lb-make-0090,/mock-catalog/images/lumen-beauty/LB-MAKE-0090.jpg,,in_stock,20.33 USD,,Lumen Skin,,LB-MAKE-0090,new,Health & Beauty > Personal Care > Cosmetics > Makeup,Beauty > Makeup,LB-MAKE-GRP-008,Cream,,,182
LB-WELL-0091,Studio Collagen Powder,"The Studio Collagen Powder from Lumen Beauty, thoughtfully made, supports glow from the inside out.",https://lumen-beauty.example.com/products/lb-well-0091,/mock-catalog/images/lumen-beauty/LB-WELL-0091.jpg,,in_stock,31.11 USD,,Lumen Ritual,,LB-WELL-0091,new,Health & Beauty > Health Care > Vitamins & Supplements,Wellness > Supplements,LB-WELL-GRP-001,,,,9
LB-WELL-0092,Luxe Beauty Sleep Tea,"The Luxe Beauty Sleep Tea from Lumen Beauty, thoughtfully made, supports glow from the inside out.",https://lumen-beauty.example.com/products/lb-well-0092,/mock-catalog/images/lumen-beauty/LB-WELL-0092.jpg,,in_stock,29.72 USD,,Lumen Ritual,,LB-WELL-0092,new,Health & Beauty > Health Care > Vitamins & Supplements,Wellness > Supplements,LB-WELL-GRP-001,,,,40
LB-WELL-0093,Featherlight Hair Gummies,"The Featherlight Hair Gummies from Lumen Beauty, thoughtfully made, supports glow from the inside out.",https://lumen-beauty.example.com/products/lb-well-0093,/mock-catalog/images/lumen-beauty/LB-WELL-0093.jpg,,in_stock,55.14 USD,,Lumen,,LB-WELL-0093,new,Health & Beauty > Health Care > Vitamins & Supplements,Wellness > Supplements,LB-WELL-GRP-002,,,,220
LB-WELL-0094,Nova Collagen Powder,"The Nova Collagen Powder from Lumen Beauty, thoughtfully made, supports glow from the inside out.",https://lumen-beauty.example.com/products/lb-well-0094,/mock-catalog/images/lumen-beauty/LB-WELL-0094.jpg,,in_stock,19.23 USD,,Lumen Ritual,,LB-WELL-0094,new,Health & Beauty > Health Care > Vitamins & Supplements,Wellness > Supplements,LB-WELL-GRP-002,,,,39
LB-WELL-0095,Minimalist Collagen Powder,"The Minimalist Collagen Powder from Lumen Beauty, thoughtfully made, supports glow from the inside out.",https://lumen-beauty.example.com/products/lb-well-0095,/mock-catalog/images/lumen-beauty/LB-WELL-0095.jpg,,in_stock,30.18 USD,,Lumen Skin,,LB-WELL-0095,new,Health & Beauty > Health Care > Vitamins & Supplements,Wellness > Supplements,LB-WELL-GRP-003,,,,153
LB-WELL-0096,Rugged Beauty Sleep Tea,"The Rugged Beauty Sleep Tea from Lumen Beauty, thoughtfully made, supports glow from the inside out.",https://lumen-beauty.example.com/products/lb-well-0096,/mock-catalog/images/lumen-beauty/LB-WELL-0096.jpg,,in_stock,18.73 USD,,Lumen Skin,,LB-WELL-0096,new,Health & Beauty > Health Care > Vitamins & Supplements,Wellness > Supplements,LB-WELL-GRP-003,,,,158
LB-WELL-0097,Heritage Collagen Powder,"The Heritage Collagen Powder from Lumen Beauty, thoughtfully made, supports glow from the inside out.",https://lumen-beauty.example.com/products/lb-well-0097,/mock-catalog/images/lumen-beauty/LB-WELL-0097.jpg,,in_stock,43.52 USD,,Lumen,,LB-WELL-0097,new,Health & Beauty > Health Care > Vitamins & Supplements,Wellness > Supplements,LB-WELL-GRP-004,,,,108
LB-WELL-0098,Premium Hair Gummies,"The Premium Hair Gummies from Lumen Beauty, thoughtfully made, supports glow from the inside out.",https://lumen-beauty.example.com/products/lb-well-0098,/mock-catalog/images/lumen-beauty/LB-WELL-0098.jpg,,in_stock,41.23 USD,31.37 USD,Lumen,,LB-WELL-0098,new,Health & Beauty > Health Care > Vitamins & Supplements,Wellness > Supplements,LB-WELL-GRP-004,,,,88
LB-WELL-0099,Essential Magnesium Drink Mix,"The Essential Magnesium Drink Mix from Lumen Beauty, thoughtfully made, supports glow from the inside out.",https://lumen-beauty.example.com/products/lb-well-0099,/mock-catalog/images/lumen-beauty/LB-WELL-0099.jpg,,in_stock,32.44 USD,,Lumen,,LB-WELL-0099,new,Health & Beauty > Health Care > Vitamins & Supplements,Wellness > Supplements,LB-WELL-GRP-005,,,,93
LB-WELL-0100,Pro Collagen Powder,"The Pro Collagen Powder from Lumen Beauty, thoughtfully made, supports glow from the inside out.",https://lumen-beauty.example.com/products/lb-well-0100,/mock-catalog/images/lumen-beauty/LB-WELL-0100.jpg,,in_stock,57.22 USD,,Lumen Ritual,,LB-WELL-0100,new,Health & Beauty > Health Care > Vitamins & Supplements,Wellness > Supplements,LB-WELL-GRP-005,,,,4
LB-WELL-0101,Minimalist Magnesium Drink Mix,"The Minimalist Magnesium Drink Mix from Lumen Beauty, thoughtfully made, supports glow from the inside out.",https://lumen-beauty.example.com/products/lb-well-0101,/mock-catalog/images/lumen-beauty/LB-WELL-0101.jpg,,in_stock,59.27 USD,,Lumen Skin,,LB-WELL-0101,new,Health & Beauty > Health Care > Vitamins & Supplements,Wellness > Supplements,LB-WELL-GRP-006,,,,177
LB-WELL-0102,Featherlight Collagen Powder,"The Featherlight Collagen Powder from Lumen Beauty, thoughtfully made, supports glow from the inside out.",https://lumen-beauty.example.com/products/lb-well-0102,/mock-catalog/images/lumen-beauty/LB-WELL-0102.jpg,,in_stock,19.00 USD,,Lumen Skin,,LB-WELL-0102,new,Health & Beauty > Health Care > Vitamins & Supplements,Wellness > Supplements,LB-WELL-GRP-006,,,,86
LB-WELL-0103,Coastal Magnesium Drink Mix,"The Coastal Magnesium Drink Mix from Lumen Beauty, thoughtfully made, supports glow from the inside out.",https://lumen-beauty.example.com/products/lb-well-0103,/mock-catalog/images/lumen-beauty/LB-WELL-0103.jpg,,in_stock,61.72 USD,,Lumen Ritual,,LB-WELL-0103,new,Health & Beauty > Health Care > Vitamins & Supplements,Wellness > Supplements,LB-WELL-GRP-007,,,,23
LB-WELL-0104,Pro Hair Gummies,"The Pro Hair Gummies from Lumen Beauty, thoughtfully made, supports glow from the inside out.",https://lumen-beauty.example.com/products/lb-well-0104,/mock-catalog/images/lumen-beauty/LB-WELL-0104.jpg,,in_stock,19.95 USD,,Lumen Ritual,,LB-WELL-0104,new,Health & Beauty > Health Care > Vitamins & Supplements,Wellness > Supplements,LB-WELL-GRP-007,,,,227
LB-WELL-0105,Signature Hair Gummies,"The Signature Hair Gummies from Lumen Beauty, thoughtfully made, supports glow from the inside out.",https://lumen-beauty.example.com/products/lb-well-0105,/mock-catalog/images/lumen-beauty/LB-WELL-0105.jpg,,in_stock,50.77 USD,,Lumen Skin,,LB-WELL-0105,new,Health & Beauty > Health Care > Vitamins & Supplements,Wellness > Supplements,LB-WELL-GRP-008,,,,178
LB-FRAG-0106,Pro Eau de Parfum,"The Pro Eau de Parfum from Lumen Beauty, thoughtfully made, a signature scent that lasts through the day.",https://lumen-beauty.example.com/products/lb-frag-0106,/mock-catalog/images/lumen-beauty/LB-FRAG-0106.jpg,,in_stock,95.66 USD,,Lumen,,LB-FRAG-0106,new,Health & Beauty > Personal Care > Cosmetics > Perfume & Cologne,Beauty > Fragrance,LB-FRAG-GRP-001,,,,78
LB-FRAG-0107,Luxe Body Mist,"The Luxe Body Mist from Lumen Beauty, thoughtfully made, a signature scent that lasts through the day.",https://lumen-beauty.example.com/products/lb-frag-0107,/mock-catalog/images/lumen-beauty/LB-FRAG-0107.jpg,,in_stock,59.44 USD,,Lumen,,LB-FRAG-0107,new,Health & Beauty > Personal Care > Cosmetics > Perfume & Cologne,Beauty > Fragrance,LB-FRAG-GRP-001,,,,209
LB-FRAG-0108,Luxe Solid Perfume,"The Luxe Solid Perfume from Lumen Beauty, thoughtfully made, a signature scent that lasts through the day.",https://lumen-beauty.example.com/products/lb-frag-0108,/mock-catalog/images/lumen-beauty/LB-FRAG-0108.jpg,,in_stock,111.11 USD,,Lumen Skin,,LB-FRAG-0108,new,Health & Beauty > Personal Care > Cosmetics > Perfume & Cologne,Beauty > Fragrance,LB-FRAG-GRP-002,,,,99
LB-FRAG-0109,Nova Eau de Parfum,"The Nova Eau de Parfum from Lumen Beauty, thoughtfully made, a signature scent that lasts through the day.",https://lumen-beauty.example.com/products/lb-frag-0109,/mock-catalog/images/lumen-beauty/LB-FRAG-0109.jpg,,in_stock,109.27 USD,,Lumen Ritual,,LB-FRAG-0109,new,Health & Beauty > Personal Care > Cosmetics > Perfume & Cologne,Beauty > Fragrance,LB-FRAG-GRP-002,,,,105
LB-FRAG-0110,Minimalist Solid Perfume,"The Minimalist Solid Perfume from Lumen Beauty, thoughtfully made, a signature scent that lasts through the day.",https://lumen-beauty.example.com/products/lb-frag-0110,/mock-catalog/images/lumen-beauty/LB-FRAG-0110.jpg,,in_stock,82.47 USD,,Lumen,,LB-FRAG-0110,new,Health & Beauty > Personal Care > Cosmetics > Perfume & Cologne,Beauty > Fragrance,LB-FRAG-GRP-003,,,,214
LB-FRAG-0111,Modern Eau de Parfum,"The Modern Eau de Parfum from Lumen Beauty, thoughtfully made, a signature scent that lasts through the day.",https://lumen-beauty.example.com/products/lb-frag-0111,/mock-catalog/images/lumen-beauty/LB-FRAG-0111.jpg,,in_stock,67.05 USD,,Lumen,,LB-FRAG-0111,new,Health & Beauty > Personal Care > Cosmetics > Perfume & Cologne,Beauty > Fragrance,LB-FRAG-GRP-003,,,,125
LB-FRAG-0112,Studio Body Mist,"The Studio Body Mist from Lumen Beauty, thoughtfully made, a signature scent that lasts through the day.",https://lumen-beauty.example.com/products/lb-frag-0112,/mock-catalog/images/lumen-beauty/LB-FRAG-0112.jpg,,in_stock,54.22 USD,,Lumen Skin,,LB-FRAG-0112,new,Health & Beauty > Personal Care > Cosmetics > Perfume & Cologne,Beauty > Fragrance,LB-FRAG-GRP-004,,,,228
LB-FRAG-0113,Featherlight Rollerball Perfume,"The Featherlight Rollerball Perfume from Lumen Beauty, thoughtfully made, a signature scent that lasts through the day.",https://lumen-beauty.example.com/products/lb-frag-0113,/mock-catalog/images/lumen-beauty/LB-FRAG-0113.jpg,,in_stock,101.83 USD,,Lumen Ritual,,LB-FRAG-0113,new,Health & Beauty > Personal Care > Cosmetics > Perfume & Cologne,Beauty > Fragrance,LB-FRAG-GRP-004,,,,159
LB-FRAG-0114,Featherlight Body Mist,"The Featherlight Body Mist from Lumen Beauty, thoughtfully made, a signature scent that lasts through the day.",https://lumen-beauty.example.com/products/lb-frag-0114,/mock-catalog/images/lumen-beauty/LB-FRAG-0114.jpg,,in_stock,125.80 USD,,Lumen Skin,,LB-FRAG-0114,new,Health & Beauty > Personal Care > Cosmetics > Perfume & Cologne,Beauty > Fragrance,LB-FRAG-GRP-005,,,,147
LB-FRAG-0115,Premium Body Mist,"The Premium Body Mist from Lumen Beauty, thoughtfully made, a signature scent that lasts through the day.",https://lumen-beauty.example.com/products/lb-frag-0115,/mock-catalog/images/lumen-beauty/LB-FRAG-0115.jpg,,in_stock,121.01 USD,105.92 USD,Lumen Ritual,,LB-FRAG-0115,new,Health & Beauty > Personal Care > Cosmetics > Perfume & Cologne,Beauty > Fragrance,LB-FRAG-GRP-005,,,,179
LB-FRAG-0116,Premium Rollerball Perfume,"The Premium Rollerball Perfume from Lumen Beauty, thoughtfully made, a signature scent that lasts through the day.",https://lumen-beauty.example.com/products/lb-frag-0116,/mock-catalog/images/lumen-beauty/LB-FRAG-0116.jpg,,in_stock,56.43 USD,,Lumen,,LB-FRAG-0116,new,Health & Beauty > Personal Care > Cosmetics > Perfume & Cologne,Beauty > Fragrance,LB-FRAG-GRP-006,,,,205
LB-FRAG-0117,Minimalist Body Mist,"The Minimalist Body Mist from Lumen Beauty, thoughtfully made, a signature scent that lasts through the day.",https://lumen-beauty.example.com/products/lb-frag-0117,/mock-catalog/images/lumen-beauty/LB-FRAG-0117.jpg,,in_stock,120.85 USD,,Lumen,,LB-FRAG-0117,new,Health & Beauty > Personal Care > Cosmetics > Perfume & Cologne,Beauty > Fragrance,LB-FRAG-GRP-006,,,,231
LB-FRAG-0118,Terra Solid Perfume,"The Terra Solid Perfume from Lumen Beauty, thoughtfully made, a signature scent that lasts through the day.",https://lumen-beauty.example.com/products/lb-frag-0118,/mock-catalog/images/lumen-beauty/LB-FRAG-0118.jpg,,in_stock,77.35 USD,,Lumen Ritual,,LB-FRAG-0118,new,Health & Beauty > Personal Care > Cosmetics > Perfume & Cologne,Beauty > Fragrance,LB-FRAG-GRP-007,,,,246
LB-FRAG-0119,Alpine Solid Perfume,"The Alpine Solid Perfume from Lumen Beauty, thoughtfully made, a signature scent that lasts through the day.",https://lumen-beauty.example.com/products/lb-frag-0119,/mock-catalog/images/lumen-beauty/LB-FRAG-0119.jpg,,in_stock,54.49 USD,50.10 USD,Lumen Ritual,,LB-FRAG-0119,new,Health & Beauty > Personal Care > Cosmetics > Perfume & Cologne,Beauty > Fragrance,LB-FRAG-GRP-007,,,,186
LB-FRAG-0120,Aero Solid Perfume,"The Aero Solid Perfume from Lumen Beauty, thoughtfully made, a signature scent that lasts through the day.",https://lumen-beauty.example.com/products/lb-frag-0120,/mock-catalog/images/lumen-beauty/LB-FRAG-0120.jpg,,in_stock,50.59 USD,,Lumen Ritual,,LB-FRAG-0120,new,Health & Beauty > Personal Care > Cosmetics > Perfume & Cologne,Beauty > Fragrance,LB-FRAG-GRP-008,,,,176
LB-TOOL-0121,Studio Jade Roller – Burgundy,"The Studio Jade Roller from Lumen Beauty, crafted in synthetic, a spa-quality ritual you can do at home. Shown in Burgundy.",https://lumen-beauty.example.com/products/lb-tool-0121,/mock-catalog/images/lumen-beauty/LB-TOOL-0121.jpg,,in_stock,49.04 USD,,Lumen Ritual,,LB-TOOL-0121,new,Health & Beauty > Personal Care > Cosmetics > Cosmetic Tools,Beauty > Tools,LB-TOOL-GRP-001,Burgundy,,Synthetic,219
LB-TOOL-0122,Coastal Facial Steamer – White,"The Coastal Facial Steamer from Lumen Beauty, crafted in synthetic, a spa-quality ritual you can do at home. Shown in White.",https://lumen-beauty.example.com/products/lb-tool-0122,/mock-catalog/images/lumen-beauty/LB-TOOL-0122.jpg,,in_stock,52.08 USD,39.54 USD,Lumen Skin,,LB-TOOL-0122,new,Health & Beauty > Personal Care > Cosmetics > Cosmetic Tools,Beauty > Tools,LB-TOOL-GRP-001,White,,Synthetic,17
LB-TOOL-0123,Premium Facial Steamer – Charcoal,"The Premium Facial Steamer from Lumen Beauty, crafted in synthetic, a spa-quality ritual you can do at home. Shown in Charcoal.",https://lumen-beauty.example.com/products/lb-tool-0123,/mock-catalog/images/lumen-beauty/LB-TOOL-0123.jpg,,in_stock,52.26 USD,,Lumen Ritual,,LB-TOOL-0123,new,Health & Beauty > Personal Care > Cosmetics > Cosmetic Tools,Beauty > Tools,LB-TOOL-GRP-002,Charcoal,,Synthetic,181
LB-TOOL-0124,Nova Facial Steamer – Terracotta,"The Nova Facial Steamer from Lumen Beauty, crafted in synthetic, a spa-quality ritual you can do at home. Shown in Terracotta.",https://lumen-beauty.example.com/products/lb-tool-0124,/mock-catalog/images/lumen-beauty/LB-TOOL-0124.jpg,,in_stock,51.19 USD,,Lumen Skin,,LB-TOOL-0124,new,Health & Beauty > Personal Care > Cosmetics > Cosmetic Tools,Beauty > Tools,LB-TOOL-GRP-002,Terracotta,,Synthetic,249
LB-TOOL-0125,Essential Jade Roller – Slate Gray,"The Essential Jade Roller from Lumen Beauty, crafted in synthetic, a spa-quality ritual you can do at home. Shown in Slate Gray.",https://lumen-beauty.example.com/products/lb-tool-0125,/mock-catalog/images/lumen-beauty/LB-TOOL-0125.jpg,,in_stock,56.84 USD,,Lumen,,LB-TOOL-0125,new,Health & Beauty > Personal Care > Cosmetics > Cosmetic Tools,Beauty > Tools,LB-TOOL-GRP-003,Slate Gray,,Synthetic,234
LB-TOOL-0126,Rugged Makeup Brush Set – Blush Pink,"The Rugged Makeup Brush Set from Lumen Beauty, crafted in synthetic, a spa-quality ritual you can do at home. Shown in Blush Pink.",https://lumen-beauty.example.com/products/lb-tool-0126,/mock-catalog/images/lumen-beauty/LB-TOOL-0126.jpg,,in_stock,52.53 USD,,Lumen Ritual,,LB-TOOL-0126,new,Health & Beauty > Personal Care > Cosmetics > Cosmetic Tools,Beauty > Tools,LB-TOOL-GRP-003,Blush Pink,,Synthetic,80
LB-TOOL-0127,Essential Makeup Brush Set – White,"The Essential Makeup Brush Set from Lumen Beauty, crafted in rose quartz, a spa-quality ritual you can do at home. Shown in White.",https://lumen-beauty.example.com/products/lb-tool-0127,/mock-catalog/images/lumen-beauty/LB-TOOL-0127.jpg,,in_stock,47.18 USD,,Lumen Skin,,LB-TOOL-0127,new,Health & Beauty > Personal Care > Cosmetics > Cosmetic Tools,Beauty > Tools,LB-TOOL-GRP-004,White,,Rose Quartz,232
LB-TOOL-0128,Urban Facial Steamer – Sand,"The Urban Facial Steamer from Lumen Beauty, crafted in synthetic, a spa-quality ritual you can do at home. Shown in Sand.",https://lumen-beauty.example.com/products/lb-tool-0128,/mock-catalog/images/lumen-beauty/LB-TOOL-0128.jpg,,in_stock,13.48 USD,,Lumen Skin,,LB-TOOL-0128,new,Health & Beauty > Personal Care > Cosmetics > Cosmetic Tools,Beauty > Tools,LB-TOOL-GRP-004,Sand,,Synthetic,193
LB-TOOL-0129,Trail Makeup Brush Set – Sand,"The Trail Makeup Brush Set from Lumen Beauty, crafted in rose quartz, a spa-quality ritual you can do at home. Shown in Sand.",https://lumen-beauty.example.com/products/lb-tool-0129,/mock-catalog/images/lumen-beauty/LB-TOOL-0129.jpg,,in_stock,24.65 USD,,Lumen,,LB-TOOL-0129,new,Health & Beauty > Personal Care > Cosmetics > Cosmetic Tools,Beauty > Tools,LB-TOOL-GRP-005,Sand,,Rose Quartz,70
LB-TOOL-0130,Classic Makeup Brush Set – Terracotta,"The Classic Makeup Brush Set from Lumen Beauty, crafted in synthetic, a spa-quality ritual you can do at home. Shown in Terracotta.",https://lumen-beauty.example.com/products/lb-tool-0130,/mock-catalog/images/lumen-beauty/LB-TOOL-0130.jpg,,in_stock,57.81 USD,,Lumen Ritual,,LB-TOOL-0130,new,Health & Beauty > Personal Care > Cosmetics > Cosmetic Tools,Beauty > Tools,LB-TOOL-GRP-005,Terracotta,,Synthetic,63
LB-TOOL-0131,Trail Gua Sha Stone – Forest Green,"The Trail Gua Sha Stone from Lumen Beauty, crafted in rose quartz, a spa-quality ritual you can do at home. Shown in Forest Green.",https://lumen-beauty.example.com/products/lb-tool-0131,/mock-catalog/images/lumen-beauty/LB-TOOL-0131.jpg,,in_stock,14.98 USD,,Lumen Ritual,,LB-TOOL-0131,new,Health & Beauty > Personal Care > Cosmetics > Cosmetic Tools,Beauty > Tools,LB-TOOL-GRP-006,Forest Green,,Rose Quartz,241
LB-TOOL-0132,Classic Facial Steamer – White,"The Classic Facial Steamer from Lumen Beauty, crafted in rose quartz, a spa-quality ritual you can do at home. Shown in White.",https://lumen-beauty.example.com/products/lb-tool-0132,/mock-catalog/images/lumen-beauty/LB-TOOL-0132.jpg,,in_stock,47.74 USD,,Lumen Skin,,LB-TOOL-0132,new,Health & Beauty > Personal Care > Cosmetics > Cosmetic Tools,Beauty > Tools,LB-TOOL-GRP-006,White,,Rose Quartz,67
LB-TOOL-0133,Aero Facial Steamer – Olive,"The Aero Facial Steamer from Lumen Beauty, crafted in rose quartz, a spa-quality ritual you can do at home. Shown in Olive.",https://lumen-beauty.example.com/products/lb-tool-0133,/mock-catalog/images/lumen-beauty/LB-TOOL-0133.jpg,,in_stock,43.14 USD,,Lumen Ritual,,LB-TOOL-0133,new,Health & Beauty > Personal Care > Cosmetics > Cosmetic Tools,Beauty > Tools,LB-TOOL-GRP-007,Olive,,Rose Quartz,70
LB-TOOL-0134,Signature Facial Steamer – Cream,"The Signature Facial Steamer from Lumen Beauty, crafted in synthetic, a spa-quality ritual you can do at home. Shown in Cream.",https://lumen-beauty.example.com/products/lb-tool-0134,/mock-catalog/images/lumen-beauty/LB-TOOL-0134.jpg,,in_stock,55.71 USD,43.97 USD,Lumen,,LB-TOOL-0134,new,Health & Beauty > Personal Care > Cosmetics > Cosmetic Tools,Beauty > Tools,LB-TOOL-GRP-007,Cream,,Synthetic,91
LB-TOOL-0135,Terra Jade Roller – Sand,"The Terra Jade Roller from Lumen Beauty, crafted in rose quartz, a spa-quality ritual you can do at home. Shown in Sand.",https://lumen-beauty.example.com/products/lb-tool-0135,/mock-catalog/images/lumen-beauty/LB-TOOL-0135.jpg,,in_stock,56.19 USD,,Lumen Skin,,LB-TOOL-0135,new,Health & Beauty > Personal Care > Cosmetics > Cosmetic Tools,Beauty > Tools,LB-TOOL-GRP-008,Sand,,Rose Quartz,110
LB-GIFT-0136,Nova Travel Beauty Kit,"The Nova Travel Beauty Kit from Lumen Beauty, thoughtfully made, a ready-to-gift set of favorites, beautifully boxed.",https://lumen-beauty.example.com/products/lb-gift-0136,/mock-catalog/images/lumen-beauty/LB-GIFT-0136.jpg,,in_stock,110.38 USD,,Lumen Ritual,,LB-GIFT-0136,new,Health & Beauty > Personal Care > Cosmetics > Cosmetic Sets,Beauty > Gift Sets,LB-GIFT-GRP-001,,,,69
LB-GIFT-0137,Rugged Skincare Gift Set,"The Rugged Skincare Gift Set from Lumen Beauty, thoughtfully made, a ready-to-gift set of favorites, beautifully boxed.",https://lumen-beauty.example.com/products/lb-gift-0137,/mock-catalog/images/lumen-beauty/LB-GIFT-0137.jpg,,in_stock,85.58 USD,,Lumen Skin,,LB-GIFT-0137,new,Health & Beauty > Personal Care > Cosmetics > Cosmetic Sets,Beauty > Gift Sets,LB-GIFT-GRP-001,,,,196
LB-GIFT-0138,Urban Self-Care Ritual Box,"The Urban Self-Care Ritual Box from Lumen Beauty, thoughtfully made, a ready-to-gift set of favorites, beautifully boxed.",https://lumen-beauty.example.com/products/lb-gift-0138,/mock-catalog/images/lumen-beauty/LB-GIFT-0138.jpg,,in_stock,97.15 USD,,Lumen Ritual,,LB-GIFT-0138,new,Health & Beauty > Personal Care > Cosmetics > Cosmetic Sets,Beauty > Gift Sets,LB-GIFT-GRP-002,,,,246
LB-GIFT-0139,Luxe Travel Beauty Kit,"The Luxe Travel Beauty Kit from Lumen Beauty, thoughtfully made, a ready-to-gift set of favorites, beautifully boxed.",https://lumen-beauty.example.com/products/lb-gift-0139,/mock-catalog/images/lumen-beauty/LB-GIFT-0139.jpg,,in_stock,137.29 USD,,Lumen,,LB-GIFT-0139,new,Health & Beauty > Personal Care > Cosmetics > Cosmetic Sets,Beauty > Gift Sets,LB-GIFT-GRP-002,,,,49
LB-GIFT-0140,Premium Self-Care Ritual Box,"The Premium Self-Care Ritual Box from Lumen Beauty, thoughtfully made, a ready-to-gift set of favorites, beautifully boxed.",https://lumen-beauty.example.com/products/lb-gift-0140,/mock-catalog/images/lumen-beauty/LB-GIFT-0140.jpg,,in_stock,60.94 USD,,Lumen Ritual,,LB-GIFT-0140,new,Health & Beauty > Personal Care > Cosmetics > Cosmetic Sets,Beauty > Gift Sets,LB-GIFT-GRP-003,,,,245
LB-GIFT-0141,Classic Travel Beauty Kit,"The Classic Travel Beauty Kit from Lumen Beauty, thoughtfully made, a ready-to-gift set of favorites, beautifully boxed.",https://lumen-beauty.example.com/products/lb-gift-0141,/mock-catalog/images/lumen-beauty/LB-GIFT-0141.jpg,,in_stock,71.88 USD,,Lumen Skin,,LB-GIFT-0141,new,Health & Beauty > Personal Care > Cosmetics > Cosmetic Sets,Beauty > Gift Sets,LB-GIFT-GRP-003,,,,95
LB-GIFT-0142,Premium Travel Beauty Kit,"The Premium Travel Beauty Kit from Lumen Beauty, thoughtfully made, a ready-to-gift set of favorites, beautifully boxed.",https://lumen-beauty.example.com/products/lb-gift-0142,/mock-catalog/images/lumen-beauty/LB-GIFT-0142.jpg,,in_stock,41.12 USD,,Lumen,,LB-GIFT-0142,new,Health & Beauty > Personal Care > Cosmetics > Cosmetic Sets,Beauty > Gift Sets,LB-GIFT-GRP-004,,,,247
LB-GIFT-0143,Everyday Travel Beauty Kit,"The Everyday Travel Beauty Kit from Lumen Beauty, thoughtfully made, a ready-to-gift set of favorites, beautifully boxed.",https://lumen-beauty.example.com/products/lb-gift-0143,/mock-catalog/images/lumen-beauty/LB-GIFT-0143.jpg,,in_stock,92.41 USD,71.71 USD,Lumen Ritual,,LB-GIFT-0143,new,Health & Beauty > Personal Care > Cosmetics > Cosmetic Sets,Beauty > Gift Sets,LB-GIFT-GRP-004,,,,121
LB-GIFT-0144,Everyday Spa Night Set,"The Everyday Spa Night Set from Lumen Beauty, thoughtfully made, a ready-to-gift set of favorites, beautifully boxed.",https://lumen-beauty.example.com/products/lb-gift-0144,/mock-catalog/images/lumen-beauty/LB-GIFT-0144.jpg,,in_stock,52.05 USD,,Lumen,,LB-GIFT-0144,new,Health & Beauty > Personal Care > Cosmetics > Cosmetic Sets,Beauty > Gift Sets,LB-GIFT-GRP-005,,,,155
LB-GIFT-0145,Studio Self-Care Ritual Box,"The Studio Self-Care Ritual Box from Lumen Beauty, thoughtfully made, a ready-to-gift set of favorites, beautifully boxed.",https://lumen-beauty.example.com/products/lb-gift-0145,/mock-catalog/images/lumen-beauty/LB-GIFT-0145.jpg,,in_stock,57.25 USD,,Lumen Ritual,,LB-GIFT-0145,new,Health & Beauty > Personal Care > Cosmetics > Cosmetic Sets,Beauty > Gift Sets,LB-GIFT-GRP-005,,,,234
LB-GIFT-0146,Trail Skincare Gift Set,"The Trail Skincare Gift Set from Lumen Beauty, thoughtfully made, a ready-to-gift set of favorites, beautifully boxed.",https://lumen-beauty.example.com/products/lb-gift-0146,/mock-catalog/images/lumen-beauty/LB-GIFT-0146.jpg,,in_stock,88.40 USD,,Lumen Skin,,LB-GIFT-0146,new,Health & Beauty > Personal Care > Cosmetics > Cosmetic Sets,Beauty > Gift Sets,LB-GIFT-GRP-006,,,,100
LB-GIFT-0147,Luxe Self-Care Ritual Box,"The Luxe Self-Care Ritual Box from Lumen Beauty, thoughtfully made, a ready-to-gift set of favorites, beautifully boxed.",https://lumen-beauty.example.com/products/lb-gift-0147,/mock-catalog/images/lumen-beauty/LB-GIFT-0147.jpg,,in_stock,89.32 USD,,Lumen Skin,,LB-GIFT-0147,new,Health & Beauty > Personal Care > Cosmetics > Cosmetic Sets,Beauty > Gift Sets,LB-GIFT-GRP-006,,,,244
LB-GIFT-0148,Modern Self-Care Ritual Box,"The Modern Self-Care Ritual Box from Lumen Beauty, thoughtfully made, a ready-to-gift set of favorites, beautifully boxed.",https://lumen-beauty.example.com/products/lb-gift-0148,/mock-catalog/images/lumen-beauty/LB-GIFT-0148.jpg,,in_stock,143.74 USD,,Lumen Ritual,,LB-GIFT-0148,new,Health & Beauty > Personal Care > Cosmetics > Cosmetic Sets,Beauty > Gift Sets,LB-GIFT-GRP-007,,,,193
LB-GIFT-0149,Essential Self-Care Ritual Box,"The Essential Self-Care Ritual Box from Lumen Beauty, thoughtfully made, a ready-to-gift set of favorites, beautifully boxed.",https://lumen-beauty.example.com/products/lb-gift-0149,/mock-catalog/images/lumen-beauty/LB-GIFT-0149.jpg,,in_stock,94.60 USD,85.38 USD,Lumen Skin,,LB-GIFT-0149,new,Health & Beauty > Personal Care > Cosmetics > Cosmetic Sets,Beauty > Gift Sets,LB-GIFT-GRP-007,,,,125
LB-GIFT-0150,Modern Travel Beauty Kit,"The Modern Travel Beauty Kit from Lumen Beauty, thoughtfully made, a ready-to-gift set of favorites, beautifully boxed.",https://lumen-beauty.example.com/products/lb-gift-0150,/mock-catalog/images/lumen-beauty/LB-GIFT-0150.jpg,,in_stock,140.62 USD,,Lumen Skin,,LB-GIFT-0150,new,Health & Beauty > Personal Care > Cosmetics > Cosmetic Sets,Beauty > Gift Sets,LB-GIFT-GRP-008,,,,85
LB-SKIN-0151,Classic Eye Cream,"The Classic Eye Cream from Lumen Beauty, thoughtfully made, a lightweight formula for visibly healthier skin.",https://lumen-beauty.example.com/products/lb-skin-0151,/mock-catalog/images/lumen-beauty/LB-SKIN-0151.jpg,,in_stock,31.03 USD,23.60 USD,Lumen Ritual,,LB-SKIN-0151,new,Health & Beauty > Personal Care > Cosmetics > Skin Care,Beauty > Skincare,LB-SKIN-GRP-008,,,,225
LB-SKIN-0152,Trail Gentle Cleanser,"The Trail Gentle Cleanser from Lumen Beauty, thoughtfully made, a lightweight formula for visibly healthier skin.",https://lumen-beauty.example.com/products/lb-skin-0152,/mock-catalog/images/lumen-beauty/LB-SKIN-0152.jpg,,in_stock,79.53 USD,,Lumen Ritual,,LB-SKIN-0152,new,Health & Beauty > Personal Care > Cosmetics > Skin Care,Beauty > Skincare,LB-SKIN-GRP-009,,,,152
LB-SKIN-0153,Aero Hydrating Moisturizer,"The Aero Hydrating Moisturizer from Lumen Beauty, thoughtfully made, a lightweight formula for visibly healthier skin.",https://lumen-beauty.example.com/products/lb-skin-0153,/mock-catalog/images/lumen-beauty/LB-SKIN-0153.jpg,,in_stock,87.42 USD,,Lumen Ritual,,LB-SKIN-0153,new,Health & Beauty > Personal Care > Cosmetics > Skin Care,Beauty > Skincare,LB-SKIN-GRP-009,,,,248
LB-SKIN-0154,Terra Eye Cream,"The Terra Eye Cream from Lumen Beauty, thoughtfully made, a lightweight formula for visibly healthier skin.",https://lumen-beauty.example.com/products/lb-skin-0154,/mock-catalog/images/lumen-beauty/LB-SKIN-0154.jpg,,in_stock,65.51 USD,,Lumen Skin,,LB-SKIN-0154,new,Health & Beauty > Personal Care > Cosmetics > Skin Care,Beauty > Skincare,LB-SKIN-GRP-010,,,,67
LB-SKIN-0155,Everyday Hydrating Moisturizer,"The Everyday Hydrating Moisturizer from Lumen Beauty, thoughtfully made, a lightweight formula for visibly healthier skin.",https://lumen-beauty.example.com/products/lb-skin-0155,/mock-catalog/images/lumen-beauty/LB-SKIN-0155.jpg,,in_stock,20.90 USD,,Lumen Ritual,,LB-SKIN-0155,new,Health & Beauty > Personal Care > Cosmetics > Skin Care,Beauty > Skincare,LB-SKIN-GRP-010,,,,50
LB-SKIN-0156,Terra Gentle Cleanser,"The Terra Gentle Cleanser from Lumen Beauty, thoughtfully made, a lightweight formula for visibly healthier skin.",https://lumen-beauty.example.com/products/lb-skin-0156,/mock-catalog/images/lumen-beauty/LB-SKIN-0156.jpg,,in_stock,27.54 USD,,Lumen Skin,,LB-SKIN-0156,new,Health & Beauty > Personal Care > Cosmetics > Skin Care,Beauty > Skincare,LB-SKIN-GRP-011,,,,98
LB-SKIN-0157,Modern Retinol Night Cream,"The Modern Retinol Night Cream from Lumen Beauty, thoughtfully made, a lightweight formula for visibly healthier skin.",https://lumen-beauty.example.com/products/lb-skin-0157,/mock-catalog/images/lumen-beauty/LB-SKIN-0157.jpg,,in_stock,37.11 USD,,Lumen Skin,,LB-SKIN-0157,new,Health & Beauty > Personal Care > Cosmetics > Skin Care,Beauty > Skincare,LB-SKIN-GRP-011,,,,44
LB-SKIN-0158,Alpine Hydrating Moisturizer,"The Alpine Hydrating Moisturizer from Lumen Beauty, thoughtfully made, a lightweight formula for visibly healthier skin.",https://lumen-beauty.example.com/products/lb-skin-0158,/mock-catalog/images/lumen-beauty/LB-SKIN-0158.jpg,,in_stock,43.09 USD,33.65 USD,Lumen Skin,,LB-SKIN-0158,new,Health & Beauty > Personal Care > Cosmetics > Skin Care,Beauty > Skincare,LB-SKIN-GRP-012,,,,187
LB-SKIN-0159,Coastal Retinol Night Cream,"The Coastal Retinol Night Cream from Lumen Beauty, thoughtfully made, a lightweight formula for visibly healthier skin.",https://lumen-beauty.example.com/products/lb-skin-0159,/mock-catalog/images/lumen-beauty/LB-SKIN-0159.jpg,,in_stock,89.50 USD,,Lumen Skin,,LB-SKIN-0159,new,Health & Beauty > Personal Care > Cosmetics > Skin Care,Beauty > Skincare,LB-SKIN-GRP-012,,,,179
LB-SKIN-0160,Signature Retinol Night Cream,"The Signature Retinol Night Cream from Lumen Beauty, thoughtfully made, a lightweight formula for visibly healthier skin.",https://lumen-beauty.example.com/products/lb-skin-0160,/mock-catalog/images/lumen-beauty/LB-SKIN-0160.jpg,,in_stock,30.42 USD,22.82 USD,Lumen Ritual,,LB-SKIN-0160,new,Health & Beauty > Personal Care > Cosmetics > Skin Care,Beauty > Skincare,LB-SKIN-GRP-013,,,,197
LB-SUNS-0161,Aero Mineral Sunscreen,"The Aero Mineral Sunscreen from Lumen Beauty, thoughtfully made, broad-spectrum protection that wears beautifully.",https://lumen-beauty.example.com/products/lb-suns-0161,/mock-catalog/images/lumen-beauty/LB-SUNS-0161.jpg,,in_stock,27.55 USD,22.22 USD,Lumen,,LB-SUNS-0161,new,Health & Beauty > Personal Care > Cosmetics > Skin Care > Sunscreen,Beauty > Sunscreen,LB-SUNS-GRP-008,,,,232
LB-SUNS-0162,Aero Tinted SPF Cream,"The Aero Tinted SPF Cream from Lumen Beauty, thoughtfully made, broad-spectrum protection that wears beautifully.",https://lumen-beauty.example.com/products/lb-suns-0162,/mock-catalog/images/lumen-beauty/LB-SUNS-0162.jpg,,in_stock,30.08 USD,,Lumen Skin,,LB-SUNS-0162,new,Health & Beauty > Personal Care > Cosmetics > Skin Care > Sunscreen,Beauty > Sunscreen,LB-SUNS-GRP-009,,,,31
LB-SUNS-0163,Studio SPF 50 Daily Fluid,"The Studio SPF 50 Daily Fluid from Lumen Beauty, thoughtfully made, broad-spectrum protection that wears beautifully.",https://lumen-beauty.example.com/products/lb-suns-0163,/mock-catalog/images/lumen-beauty/LB-SUNS-0163.jpg,,in_stock,18.25 USD,,Lumen,,LB-SUNS-0163,new,Health & Beauty > Personal Care > Cosmetics > Skin Care > Sunscreen,Beauty > Sunscreen,LB-SUNS-GRP-009,,,,156
LB-SUNS-0164,Featherlight SPF 50 Daily Fluid,"The Featherlight SPF 50 Daily Fluid from Lumen Beauty, thoughtfully made, broad-spectrum protection that wears beautifully.",https://lumen-beauty.example.com/products/lb-suns-0164,/mock-catalog/images/lumen-beauty/LB-SUNS-0164.jpg,,in_stock,26.88 USD,20.73 USD,Lumen,,LB-SUNS-0164,new,Health & Beauty > Personal Care > Cosmetics > Skin Care > Sunscreen,Beauty > Sunscreen,LB-SUNS-GRP-010,,,,22
LB-SUNS-0165,Nova SPF 50 Daily Fluid,"The Nova SPF 50 Daily Fluid from Lumen Beauty, thoughtfully made, broad-spectrum protection that wears beautifully.",https://lumen-beauty.example.com/products/lb-suns-0165,/mock-catalog/images/lumen-beauty/LB-SUNS-0165.jpg,,in_stock,34.94 USD,26.37 USD,Lumen,,LB-SUNS-0165,new,Health & Beauty > Personal Care > Cosmetics > Skin Care > Sunscreen,Beauty > Sunscreen,LB-SUNS-GRP-010,,,,127
LB-SUNS-0166,Urban SPF 50 Daily Fluid,"The Urban SPF 50 Daily Fluid from Lumen Beauty, thoughtfully made, broad-spectrum protection that wears beautifully.",https://lumen-beauty.example.com/products/lb-suns-0166,/mock-catalog/images/lumen-beauty/LB-SUNS-0166.jpg,,in_stock,27.26 USD,,Lumen,,LB-SUNS-0166,new,Health & Beauty > Personal Care > Cosmetics > Skin Care > Sunscreen,Beauty > Sunscreen,LB-SUNS-GRP-011,,,,241
LB-SUNS-0167,Luxe Sport Sunscreen Stick,"The Luxe Sport Sunscreen Stick from Lumen Beauty, thoughtfully made, broad-spectrum protection that wears beautifully.",https://lumen-beauty.example.com/products/lb-suns-0167,/mock-catalog/images/lumen-beauty/LB-SUNS-0167.jpg,,in_stock,21.17 USD,,Lumen,,LB-SUNS-0167,new,Health & Beauty > Personal Care > Cosmetics > Skin Care > Sunscreen,Beauty > Sunscreen,LB-SUNS-GRP-011,,,,133
LB-SUNS-0168,Heritage Tinted SPF Cream,"The Heritage Tinted SPF Cream from Lumen Beauty, thoughtfully made, broad-spectrum protection that wears beautifully.",https://lumen-beauty.example.com/products/lb-suns-0168,/mock-catalog/images/lumen-beauty/LB-SUNS-0168.jpg,,in_stock,25.20 USD,,Lumen,,LB-SUNS-0168,new,Health & Beauty > Personal Care > Cosmetics > Skin Care > Sunscreen,Beauty > Sunscreen,LB-SUNS-GRP-012,,,,174
LB-SUNS-0169,Aero Sport Sunscreen Stick,"The Aero Sport Sunscreen Stick from Lumen Beauty, thoughtfully made, broad-spectrum protection that wears beautifully.",https://lumen-beauty.example.com/products/lb-suns-0169,/mock-catalog/images/lumen-beauty/LB-SUNS-0169.jpg,,in_stock,22.95 USD,,Lumen,,LB-SUNS-0169,new,Health & Beauty > Personal Care > Cosmetics > Skin Care > Sunscreen,Beauty > Sunscreen,LB-SUNS-GRP-012,,,,112
LB-SUNS-0170,Signature Sport Sunscreen Stick,"The Signature Sport Sunscreen Stick from Lumen Beauty, thoughtfully made, broad-spectrum protection that wears beautifully.",https://lumen-beauty.example.com/products/lb-suns-0170,/mock-catalog/images/lumen-beauty/LB-SUNS-0170.jpg,,in_stock,36.83 USD,,Lumen,,LB-SUNS-0170,new,Health & Beauty > Personal Care > Cosmetics > Skin Care > Sunscreen,Beauty > Sunscreen,LB-SUNS-GRP-013,,,,153
LB-CAND-0171,Studio Aromatherapy Candle,"The Studio Aromatherapy Candle from Lumen Beauty, crafted in soy wax, a layered, long-lasting scent for calm evenings.",https://lumen-beauty.example.com/products/lb-cand-0171,/mock-catalog/images/lumen-beauty/LB-CAND-0171.jpg,,in_stock,31.17 USD,,Lumen Ritual,,LB-CAND-0171,new,Home & Garden > Decor > Home Fragrances > Candles,Home > Fragrance > Candles,LB-CAND-GRP-008,,,Soy Wax,101
LB-CAND-0172,Coastal Scented Candle,"The Coastal Scented Candle from Lumen Beauty, crafted in soy wax, a layered, long-lasting scent for calm evenings.",https://lumen-beauty.example.com/products/lb-cand-0172,/mock-catalog/images/lumen-beauty/LB-CAND-0172.jpg,,in_stock,43.08 USD,33.12 USD,Lumen Ritual,,LB-CAND-0172,new,Home & Garden > Decor > Home Fragrances > Candles,Home > Fragrance > Candles,LB-CAND-GRP-009,,,Soy Wax,27
LB-CAND-0173,Trail Massage Candle,"The Trail Massage Candle from Lumen Beauty, crafted in soy wax, a layered, long-lasting scent for calm evenings.",https://lumen-beauty.example.com/products/lb-cand-0173,/mock-catalog/images/lumen-beauty/LB-CAND-0173.jpg,,in_stock,51.46 USD,,Lumen,,LB-CAND-0173,new,Home & Garden > Decor > Home Fragrances > Candles,Home > Fragrance > Candles,LB-CAND-GRP-009,,,Soy Wax,236
LB-CAND-0174,Terra Scented Candle,"The Terra Scented Candle from Lumen Beauty, crafted in soy wax, a layered, long-lasting scent for calm evenings.",https://lumen-beauty.example.com/products/lb-cand-0174,/mock-catalog/images/lumen-beauty/LB-CAND-0174.jpg,,in_stock,46.02 USD,,Lumen Skin,,LB-CAND-0174,new,Home & Garden > Decor > Home Fragrances > Candles,Home > Fragrance > Candles,LB-CAND-GRP-010,,,Soy Wax,143
LB-CAND-0175,Urban Scented Candle,"The Urban Scented Candle from Lumen Beauty, crafted in soy wax, a layered, long-lasting scent for calm evenings.",https://lumen-beauty.example.com/products/lb-cand-0175,/mock-catalog/images/lumen-beauty/LB-CAND-0175.jpg,,in_stock,51.21 USD,,Lumen Skin,,LB-CAND-0175,new,Home & Garden > Decor > Home Fragrances > Candles,Home > Fragrance > Candles,LB-CAND-GRP-010,,,Soy Wax,110
LB-CAND-0176,Coastal Reed Diffuser,"The Coastal Reed Diffuser from Lumen Beauty, crafted in soy wax, a layered, long-lasting scent for calm evenings.",https://lumen-beauty.example.com/products/lb-cand-0176,/mock-catalog/images/lumen-beauty/LB-CAND-0176.jpg,,in_stock,37.10 USD,,Lumen Skin,,LB-CAND-0176,new,Home & Garden > Decor > Home Fragrances > Candles,Home > Fragrance > Candles,LB-CAND-GRP-011,,,Soy Wax,64
LB-CAND-0177,Urban Massage Candle,"The Urban Massage Candle from Lumen Beauty, crafted in soy wax, a layered, long-lasting scent for calm evenings.",https://lumen-beauty.example.com/products/lb-cand-0177,/mock-catalog/images/lumen-beauty/LB-CAND-0177.jpg,,in_stock,50.33 USD,,Lumen Skin,,LB-CAND-0177,new,Home & Garden > Decor > Home Fragrances > Candles,Home > Fragrance > Candles,LB-CAND-GRP-011,,,Soy Wax,145
LB-CAND-0178,Alpine Massage Candle,"The Alpine Massage Candle from Lumen Beauty, crafted in soy wax, a layered, long-lasting scent for calm evenings.",https://lumen-beauty.example.com/products/lb-cand-0178,/mock-catalog/images/lumen-beauty/LB-CAND-0178.jpg,,in_stock,44.36 USD,,Lumen,,LB-CAND-0178,new,Home & Garden > Decor > Home Fragrances > Candles,Home > Fragrance > Candles,LB-CAND-GRP-012,,,Soy Wax,68
LB-CAND-0179,Essential Reed Diffuser,"The Essential Reed Diffuser from Lumen Beauty, crafted in soy wax, a layered, long-lasting scent for calm evenings.",https://lumen-beauty.example.com/products/lb-cand-0179,/mock-catalog/images/lumen-beauty/LB-CAND-0179.jpg,,in_stock,27.58 USD,23.61 USD,Lumen Ritual,,LB-CAND-0179,new,Home & Garden > Decor > Home Fragrances > Candles,Home > Fragrance > Candles,LB-CAND-GRP-012,,,Soy Wax,136
LB-CAND-0180,Heritage Massage Candle,"The Heritage Massage Candle from Lumen Beauty, crafted in soy wax, a layered, long-lasting scent for calm evenings.",https://lumen-beauty.example.com/products/lb-cand-0180,/mock-catalog/images/lumen-beauty/LB-CAND-0180.jpg,,in_stock,29.57 USD,26.01 USD,Lumen Ritual,,LB-CAND-0180,new,Home & Garden > Decor > Home Fragrances > Candles,Home > Fragrance > Candles,LB-CAND-GRP-013,,,Soy Wax,248
LB-HAIR-0181,Premium Conditioner – Forest Green,"The Premium Conditioner from Lumen Beauty, crafted in silk, nourishes and strengthens from root to tip. Shown in Forest Green.",https://lumen-beauty.example.com/products/lb-hair-0181,/mock-catalog/images/lumen-beauty/LB-HAIR-0181.jpg,,in_stock,56.90 USD,,Lumen Skin,,LB-HAIR-0181,new,Health & Beauty > Personal Care > Hair Care,Beauty > Hair,LB-HAIR-GRP-008,Forest Green,,Silk,185
LB-HAIR-0182,Minimalist Conditioner – Terracotta,"The Minimalist Conditioner from Lumen Beauty, thoughtfully made, nourishes and strengthens from root to tip. Shown in Terracotta.",https://lumen-beauty.example.com/products/lb-hair-0182,/mock-catalog/images/lumen-beauty/LB-HAIR-0182.jpg,,in_stock,61.52 USD,,Lumen Ritual,,LB-HAIR-0182,new,Health & Beauty > Personal Care > Hair Care,Beauty > Hair,LB-HAIR-GRP-009,Terracotta,,,9
LB-HAIR-0183,Everyday Conditioner – Sky Blue,"The Everyday Conditioner from Lumen Beauty, thoughtfully made, nourishes and strengthens from root to tip. Shown in Sky Blue.",https://lumen-beauty.example.com/products/lb-hair-0183,/mock-catalog/images/lumen-beauty/LB-HAIR-0183.jpg,,in_stock,35.21 USD,,Lumen Skin,,LB-HAIR-0183,new,Health & Beauty > Personal Care > Hair Care,Beauty > Hair,LB-HAIR-GRP-009,Sky Blue,,,100
LB-HAIR-0184,Studio Silk Scrunchie Set – Blush Pink,"The Studio Silk Scrunchie Set from Lumen Beauty, thoughtfully made, nourishes and strengthens from root to tip. Shown in Blush Pink.",https://lumen-beauty.example.com/products/lb-hair-0184,/mock-catalog/images/lumen-beauty/LB-HAIR-0184.jpg,,in_stock,62.66 USD,,Lumen Skin,,LB-HAIR-0184,new,Health & Beauty > Personal Care > Hair Care,Beauty > Hair,LB-HAIR-GRP-010,Blush Pink,,,18
LB-HAIR-0185,Signature Conditioner – Terracotta,"The Signature Conditioner from Lumen Beauty, thoughtfully made, nourishes and strengthens from root to tip. Shown in Terracotta.",https://lumen-beauty.example.com/products/lb-hair-0185,/mock-catalog/images/lumen-beauty/LB-HAIR-0185.jpg,,in_stock,37.91 USD,,Lumen,,LB-HAIR-0185,new,Health & Beauty > Personal Care > Hair Care,Beauty > Hair,LB-HAIR-GRP-010,Terracotta,,,132
LB-HAIR-0186,Rugged Repair Shampoo – Sand,"The Rugged Repair Shampoo from Lumen Beauty, thoughtfully made, nourishes and strengthens from root to tip. Shown in Sand.",https://lumen-beauty.example.com/products/lb-hair-0186,/mock-catalog/images/lumen-beauty/LB-HAIR-0186.jpg,,in_stock,49.89 USD,,Lumen,,LB-HAIR-0186,new,Health & Beauty > Personal Care > Hair Care,Beauty > Hair,LB-HAIR-GRP-011,Sand,,,83
LB-HAIR-0187,Modern Silk Scrunchie Set – White,"The Modern Silk Scrunchie Set from Lumen Beauty, crafted in silk, nourishes and strengthens from root to tip. Shown in White.",https://lumen-beauty.example.com/products/lb-hair-0187,/mock-catalog/images/lumen-beauty/LB-HAIR-0187.jpg,,in_stock,62.52 USD,,Lumen,,LB-HAIR-0187,new,Health & Beauty > Personal Care > Hair Care,Beauty > Hair,LB-HAIR-GRP-011,White,,Silk,142
LB-HAIR-0188,Pro Repair Shampoo – Cream,"The Pro Repair Shampoo from Lumen Beauty, crafted in silk, nourishes and strengthens from root to tip. Shown in Cream.",https://lumen-beauty.example.com/products/lb-hair-0188,/mock-catalog/images/lumen-beauty/LB-HAIR-0188.jpg,,in_stock,43.22 USD,35.60 USD,Lumen Ritual,,LB-HAIR-0188,new,Health & Beauty > Personal Care > Hair Care,Beauty > Hair,LB-HAIR-GRP-012,Cream,,Silk,15
LB-HAIR-0189,Luxe Repair Shampoo – Slate Gray,"The Luxe Repair Shampoo from Lumen Beauty, thoughtfully made, nourishes and strengthens from root to tip. Shown in Slate Gray.",https://lumen-beauty.example.com/products/lb-hair-0189,/mock-catalog/images/lumen-beauty/LB-HAIR-0189.jpg,,in_stock,14.02 USD,12.54 USD,Lumen,,LB-HAIR-0189,new,Health & Beauty > Personal Care > Hair Care,Beauty > Hair,LB-HAIR-GRP-012,Slate Gray,,,205
LB-HAIR-0190,Premium Repair Shampoo – Burgundy,"The Premium Repair Shampoo from Lumen Beauty, crafted in silk, nourishes and strengthens from root to tip. Shown in Burgundy.",https://lumen-beauty.example.com/products/lb-hair-0190,/mock-catalog/images/lumen-beauty/LB-HAIR-0190.jpg,,in_stock,17.78 USD,,Lumen,,LB-HAIR-0190,new,Health & Beauty > Personal Care > Hair Care,Beauty > Hair,LB-HAIR-GRP-013,Burgundy,,Silk,61
LB-BATH-0191,Modern Exfoliating Scrub,"The Modern Exfoliating Scrub from Lumen Beauty, thoughtfully made, leaves skin soft, smooth, and lightly scented.",https://lumen-beauty.example.com/products/lb-bath-0191,/mock-catalog/images/lumen-beauty/LB-BATH-0191.jpg,,in_stock,44.20 USD,,Lumen,,LB-BATH-0191,new,Health & Beauty > Personal Care > Bath & Body,Beauty > Bath & Body,LB-BATH-GRP-008,,,,155
LB-BATH-0192,Studio Body Wash,"The Studio Body Wash from Lumen Beauty, thoughtfully made, leaves skin soft, smooth, and lightly scented.",https://lumen-beauty.example.com/products/lb-bath-0192,/mock-catalog/images/lumen-beauty/LB-BATH-0192.jpg,,in_stock,38.07 USD,,Lumen Ritual,,LB-BATH-0192,new,Health & Beauty > Personal Care > Bath & Body,Beauty > Bath & Body,LB-BATH-GRP-009,,,,173
LB-BATH-0193,Signature Bath Salts,"The Signature Bath Salts from Lumen Beauty, thoughtfully made, leaves skin soft, smooth, and lightly scented.",https://lumen-beauty.example.com/products/lb-bath-0193,/mock-catalog/images/lumen-beauty/LB-BATH-0193.jpg,,in_stock,49.90 USD,40.04 USD,Lumen Skin,,LB-BATH-0193,new,Health & Beauty > Personal Care > Bath & Body,Beauty > Bath & Body,LB-BATH-GRP-009,,,,50
LB-BATH-0194,Terra Bath Salts,"The Terra Bath Salts from Lumen Beauty, thoughtfully made, leaves skin soft, smooth, and lightly scented.",https://lumen-beauty.example.com/products/lb-bath-0194,/mock-catalog/images/lumen-beauty/LB-BATH-0194.jpg,,in_stock,40.66 USD,,Lumen Ritual,,LB-BATH-0194,new,Health & Beauty > Personal Care > Bath & Body,Beauty > Bath & Body,LB-BATH-GRP-010,,,,17
LB-BATH-0195,Essential Whipped Body Butter,"The Essential Whipped Body Butter from Lumen Beauty, thoughtfully made, leaves skin soft, smooth, and lightly scented.",https://lumen-beauty.example.com/products/lb-bath-0195,/mock-catalog/images/lumen-beauty/LB-BATH-0195.jpg,,in_stock,20.75 USD,,Lumen Ritual,,LB-BATH-0195,new,Health & Beauty > Personal Care > Bath & Body,Beauty > Bath & Body,LB-BATH-GRP-010,,,,18
LB-BATH-0196,Pro Bath Salts,"The Pro Bath Salts from Lumen Beauty, thoughtfully made, leaves skin soft, smooth, and lightly scented.",https://lumen-beauty.example.com/products/lb-bath-0196,/mock-catalog/images/lumen-beauty/LB-BATH-0196.jpg,,in_stock,43.38 USD,,Lumen Skin,,LB-BATH-0196,new,Health & Beauty > Personal Care > Bath & Body,Beauty > Bath & Body,LB-BATH-GRP-011,,,,180
LB-BATH-0197,Studio Exfoliating Scrub,"The Studio Exfoliating Scrub from Lumen Beauty, thoughtfully made, leaves skin soft, smooth, and lightly scented.",https://lumen-beauty.example.com/products/lb-bath-0197,/mock-catalog/images/lumen-beauty/LB-BATH-0197.jpg,,in_stock,52.24 USD,,Lumen,,LB-BATH-0197,new,Health & Beauty > Personal Care > Bath & Body,Beauty > Bath & Body,LB-BATH-GRP-011,,,,171
LB-BATH-0198,Classic Body Wash,"The Classic Body Wash from Lumen Beauty, thoughtfully made, leaves skin soft, smooth, and lightly scented.",https://lumen-beauty.example.com/products/lb-bath-0198,/mock-catalog/images/lumen-beauty/LB-BATH-0198.jpg,,in_stock,26.61 USD,,Lumen Skin,,LB-BATH-0198,new,Health & Beauty > Personal Care > Bath & Body,Beauty > Bath & Body,LB-BATH-GRP-012,,,,124
LB-BATH-0199,Trail Body Wash,"The Trail Body Wash from Lumen Beauty, thoughtfully made, leaves skin soft, smooth, and lightly scented.",https://lumen-beauty.example.com/products/lb-bath-0199,/mock-catalog/images/lumen-beauty/LB-BATH-0199.jpg,,in_stock,24.11 USD,,Lumen Skin,,LB-BATH-0199,new,Health & Beauty > Personal Care > Bath & Body,Beauty > Bath & Body,LB-BATH-GRP-012,,,,160
LB-BATH-0200,Nova Exfoliating Scrub,"The Nova Exfoliating Scrub from Lumen Beauty, thoughtfully made, leaves skin soft, smooth, and lightly scented.",https://lumen-beauty.example.com/products/lb-bath-0200,/mock-catalog/images/lumen-beauty/LB-BATH-0200.jpg,,in_stock,47.69 USD,,Lumen Skin,,LB-BATH-0200,new,Health & Beauty > Personal Care > Bath & Body,Beauty > Bath & Body,LB-BATH-GRP-013,,,,46
LB-MAKE-0201,Heritage Liquid Foundation – Olive,"The Heritage Liquid Foundation from Lumen Beauty, thoughtfully made, a clean, buildable formula for an effortless look. Shown in Olive.",https://lumen-beauty.example.com/products/lb-make-0201,/mock-catalog/images/lumen-beauty/LB-MAKE-0201.jpg,,in_stock,54.35 USD,,Lumen Skin,,LB-MAKE-0201,new,Health & Beauty > Personal Care > Cosmetics > Makeup,Beauty > Makeup,LB-MAKE-GRP-008,Olive,,,16
LB-MAKE-0202,Featherlight Liquid Foundation – Black,"The Featherlight Liquid Foundation from Lumen Beauty, thoughtfully made, a clean, buildable formula for an effortless look. Shown in Black.",https://lumen-beauty.example.com/products/lb-make-0202,/mock-catalog/images/lumen-beauty/LB-MAKE-0202.jpg,,in_stock,39.36 USD,,Lumen Skin,,LB-MAKE-0202,new,Health & Beauty > Personal Care > Cosmetics > Makeup,Beauty > Makeup,LB-MAKE-GRP-009,Black,,,242
LB-MAKE-0203,Premium Mascara – Forest Green,"The Premium Mascara from Lumen Beauty, thoughtfully made, a clean, buildable formula for an effortless look. Shown in Forest Green.",https://lumen-beauty.example.com/products/lb-make-0203,/mock-catalog/images/lumen-beauty/LB-MAKE-0203.jpg,,in_stock,20.19 USD,16.87 USD,Lumen Skin,,LB-MAKE-0203,new,Health & Beauty > Personal Care > Cosmetics > Makeup,Beauty > Makeup,LB-MAKE-GRP-009,Forest Green,,,26
LB-MAKE-0204,Minimalist Cream Blush – Sky Blue,"The Minimalist Cream Blush from Lumen Beauty, thoughtfully made, a clean, buildable formula for an effortless look. Shown in Sky Blue.",https://lumen-beauty.example.com/products/lb-make-0204,/mock-catalog/images/lumen-beauty/LB-MAKE-0204.jpg,,in_stock,49.01 USD,,Lumen Ritual,,LB-MAKE-0204,new,Health & Beauty > Personal Care > Cosmetics > Makeup,Beauty > Makeup,LB-MAKE-GRP-010,Sky Blue,,,222
LB-MAKE-0205,Urban Tinted Lip Balm – Cream,"The Urban Tinted Lip Balm from Lumen Beauty, thoughtfully made, a clean, buildable formula for an effortless look. Shown in Cream.",https://lumen-beauty.example.com/products/lb-make-0205,/mock-catalog/images/lumen-beauty/LB-MAKE-0205.jpg,,in_stock,45.34 USD,37.79 USD,Lumen Ritual,,LB-MAKE-0205,new,Health & Beauty > Personal Care > Cosmetics > Makeup,Beauty > Makeup,LB-MAKE-GRP-010,Cream,,,172
LB-MAKE-0206,Essential Liquid Foundation – Blush Pink,"The Essential Liquid Foundation from Lumen Beauty, thoughtfully made, a clean, buildable formula for an effortless look. Shown in Blush Pink.",https://lumen-beauty.example.com/products/lb-make-0206,/mock-catalog/images/lumen-beauty/LB-MAKE-0206.jpg,,in_stock,60.01 USD,54.49 USD,Lumen Ritual,,LB-MAKE-0206,new,Health & Beauty > Personal Care > Cosmetics > Makeup,Beauty > Makeup,LB-MAKE-GRP-011,Blush Pink,,,108
LB-MAKE-0207,Classic Cream Blush – Slate Gray,"The Classic Cream Blush from Lumen Beauty, thoughtfully made, a clean, buildable formula for an effortless look. Shown in Slate Gray.",https://lumen-beauty.example.com/products/lb-make-0207,/mock-catalog/images/lumen-beauty/LB-MAKE-0207.jpg,,in_stock,16.48 USD,,Lumen Ritual,,LB-MAKE-0207,new,Health & Beauty > Personal Care > Cosmetics > Makeup,Beauty > Makeup,LB-MAKE-GRP-011,Slate Gray,,,208
LB-MAKE-0208,Trail Tinted Lip Balm – Cream,"The Trail Tinted Lip Balm from Lumen Beauty, thoughtfully made, a clean, buildable formula for an effortless look. Shown in Cream.",https://lumen-beauty.example.com/products/lb-make-0208,/mock-catalog/images/lumen-beauty/LB-MAKE-0208.jpg,,in_stock,27.85 USD,,Lumen Skin,,LB-MAKE-0208,new,Health & Beauty > Personal Care > Cosmetics > Makeup,Beauty > Makeup,LB-MAKE-GRP-012,Cream,,,70
LB-MAKE-0209,Studio Brow Gel – Blush Pink,"The Studio Brow Gel from Lumen Beauty, thoughtfully made, a clean, buildable formula for an effortless look. Shown in Blush Pink.",https://lumen-beauty.example.com/products/lb-make-0209,/mock-catalog/images/lumen-beauty/LB-MAKE-0209.jpg,,in_stock,42.37 USD,,Lumen Ritual,,LB-MAKE-0209,new,Health & Beauty > Personal Care > Cosmetics > Makeup,Beauty > Makeup,LB-MAKE-GRP-012,Blush Pink,,,106
LB-MAKE-0210,Classic Liquid Foundation – Burgundy,"The Classic Liquid Foundation from Lumen Beauty, thoughtfully made, a clean, buildable formula for an effortless look. Shown in Burgundy.",https://lumen-beauty.example.com/products/lb-make-0210,/mock-catalog/images/lumen-beauty/LB-MAKE-0210.jpg,,in_stock,45.99 USD,,Lumen Ritual,,LB-MAKE-0210,new,Health & Beauty > Personal Care > Cosmetics > Makeup,Beauty > Makeup,LB-MAKE-GRP-013,Burgundy,,,26
LB-WELL-0211,Terra Collagen Powder,"The Terra Collagen Powder from Lumen Beauty, thoughtfully made, supports glow from the inside out.",https://lumen-beauty.example.com/products/lb-well-0211,/mock-catalog/images/lumen-beauty/LB-WELL-0211.jpg,,in_stock,24.39 USD,,Lumen Ritual,,LB-WELL-0211,new,Health & Beauty > Health Care > Vitamins & Supplements,Wellness > Supplements,LB-WELL-GRP-008,,,,17
LB-WELL-0212,Heritage Magnesium Drink Mix,"The Heritage Magnesium Drink Mix from Lumen Beauty, thoughtfully made, supports glow from the inside out.",https://lumen-beauty.example.com/products/lb-well-0212,/mock-catalog/images/lumen-beauty/LB-WELL-0212.jpg,,in_stock,41.25 USD,35.13 USD,Lumen,,LB-WELL-0212,new,Health & Beauty > Health Care > Vitamins & Supplements,Wellness > Supplements,LB-WELL-GRP-009,,,,71
LB-WELL-0213,Minimalist Hair Gummies,"The Minimalist Hair Gummies from Lumen Beauty, thoughtfully made, supports glow from the inside out.",https://lumen-beauty.example.com/products/lb-well-0213,/mock-catalog/images/lumen-beauty/LB-WELL-0213.jpg,,in_stock,61.84 USD,,Lumen,,LB-WELL-0213,new,Health & Beauty > Health Care > Vitamins & Supplements,Wellness > Supplements,LB-WELL-GRP-009,,,,84
LB-WELL-0214,Rugged Collagen Powder,"The Rugged Collagen Powder from Lumen Beauty, thoughtfully made, supports glow from the inside out.",https://lumen-beauty.example.com/products/lb-well-0214,/mock-catalog/images/lumen-beauty/LB-WELL-0214.jpg,,in_stock,53.45 USD,40.90 USD,Lumen Skin,,LB-WELL-0214,new,Health & Beauty > Health Care > Vitamins & Supplements,Wellness > Supplements,LB-WELL-GRP-010,,,,117
LB-WELL-0215,Urban Beauty Sleep Tea,"The Urban Beauty Sleep Tea from Lumen Beauty, thoughtfully made, supports glow from the inside out.",https://lumen-beauty.example.com/products/lb-well-0215,/mock-catalog/images/lumen-beauty/LB-WELL-0215.jpg,,in_stock,18.60 USD,,Lumen,,LB-WELL-0215,new,Health & Beauty > Health Care > Vitamins & Supplements,Wellness > Supplements,LB-WELL-GRP-010,,,,21
LB-WELL-0216,Premium Beauty Sleep Tea,"The Premium Beauty Sleep Tea from Lumen Beauty, thoughtfully made, supports glow from the inside out.",https://lumen-beauty.example.com/products/lb-well-0216,/mock-catalog/images/lumen-beauty/LB-WELL-0216.jpg,,in_stock,51.42 USD,,Lumen Ritual,,LB-WELL-0216,new,Health & Beauty > Health Care > Vitamins & Supplements,Wellness > Supplements,LB-WELL-GRP-011,,,,225
LB-WELL-0217,Essential Hair Gummies,"The Essential Hair Gummies from Lumen Beauty, thoughtfully made, supports glow from the inside out.",https://lumen-beauty.example.com/products/lb-well-0217,/mock-catalog/images/lumen-beauty/LB-WELL-0217.jpg,,in_stock,32.23 USD,,Lumen Skin,,LB-WELL-0217,new,Health & Beauty > Health Care > Vitamins & Supplements,Wellness > Supplements,LB-WELL-GRP-011,,,,97
LB-WELL-0218,Rugged Hair Gummies,"The Rugged Hair Gummies from Lumen Beauty, thoughtfully made, supports glow from the inside out.",https://lumen-beauty.example.com/products/lb-well-0218,/mock-catalog/images/lumen-beauty/LB-WELL-0218.jpg,,in_stock,70.91 USD,,Lumen,,LB-WELL-0218,new,Health & Beauty > Health Care > Vitamins & Supplements,Wellness > Supplements,LB-WELL-GRP-012,,,,209
LB-WELL-0219,Pro Beauty Sleep Tea,"The Pro Beauty Sleep Tea from Lumen Beauty, thoughtfully made, supports glow from the inside out.",https://lumen-beauty.example.com/products/lb-well-0219,/mock-catalog/images/lumen-beauty/LB-WELL-0219.jpg,,in_stock,65.59 USD,52.55 USD,Lumen Ritual,,LB-WELL-0219,new,Health & Beauty > Health Care > Vitamins & Supplements,Wellness > Supplements,LB-WELL-GRP-012,,,,28
LB-WELL-0220,Pro Magnesium Drink Mix,"The Pro Magnesium Drink Mix from Lumen Beauty, thoughtfully made, supports glow from the inside out.",https://lumen-beauty.example.com/products/lb-well-0220,/mock-catalog/images/lumen-beauty/LB-WELL-0220.jpg,,in_stock,41.66 USD,,Lumen Ritual,,LB-WELL-0220,new,Health & Beauty > Health Care > Vitamins & Supplements,Wellness > Supplements,LB-WELL-GRP-013,,,,8
LB-FRAG-0221,Rugged Eau de Parfum,"The Rugged Eau de Parfum from Lumen Beauty, thoughtfully made, a signature scent that lasts through the day.",https://lumen-beauty.example.com/products/lb-frag-0221,/mock-catalog/images/lumen-beauty/LB-FRAG-0221.jpg,,in_stock,118.01 USD,,Lumen,,LB-FRAG-0221,new,Health & Beauty > Personal Care > Cosmetics > Perfume & Cologne,Beauty > Fragrance,LB-FRAG-GRP-008,,,,133
LB-FRAG-0222,Everyday Body Mist,"The Everyday Body Mist from Lumen Beauty, thoughtfully made, a signature scent that lasts through the day.",https://lumen-beauty.example.com/products/lb-frag-0222,/mock-catalog/images/lumen-beauty/LB-FRAG-0222.jpg,,in_stock,97.04 USD,,Lumen Skin,,LB-FRAG-0222,new,Health & Beauty > Personal Care > Cosmetics > Perfume & Cologne,Beauty > Fragrance,LB-FRAG-GRP-009,,,,112
LB-FRAG-0223,Studio Eau de Parfum,"The Studio Eau de Parfum from Lumen Beauty, thoughtfully made, a signature scent that lasts through the day.",https://lumen-beauty.example.com/products/lb-frag-0223,/mock-catalog/images/lumen-beauty/LB-FRAG-0223.jpg,,in_stock,100.76 USD,,Lumen Ritual,,LB-FRAG-0223,new,Health & Beauty > Personal Care > Cosmetics > Perfume & Cologne,Beauty > Fragrance,LB-FRAG-GRP-009,,,,209
LB-FRAG-0224,Classic Rollerball Perfume,"The Classic Rollerball Perfume from Lumen Beauty, thoughtfully made, a signature scent that lasts through the day.",https://lumen-beauty.example.com/products/lb-frag-0224,/mock-catalog/images/lumen-beauty/LB-FRAG-0224.jpg,,in_stock,118.69 USD,,Lumen,,LB-FRAG-0224,new,Health & Beauty > Personal Care > Cosmetics > Perfume & Cologne,Beauty > Fragrance,LB-FRAG-GRP-010,,,,31
LB-FRAG-0225,Coastal Rollerball Perfume,"The Coastal Rollerball Perfume from Lumen Beauty, thoughtfully made, a signature scent that lasts through the day.",https://lumen-beauty.example.com/products/lb-frag-0225,/mock-catalog/images/lumen-beauty/LB-FRAG-0225.jpg,,in_stock,97.05 USD,87.78 USD,Lumen,,LB-FRAG-0225,new,Health & Beauty > Personal Care > Cosmetics > Perfume & Cologne,Beauty > Fragrance,LB-FRAG-GRP-010,,,,7
LB-FRAG-0226,Terra Body Mist,"The Terra Body Mist from Lumen Beauty, thoughtfully made, a signature scent that lasts through the day.",https://lumen-beauty.example.com/products/lb-frag-0226,/mock-catalog/images/lumen-beauty/LB-FRAG-0226.jpg,,in_stock,46.48 USD,,Lumen Skin,,LB-FRAG-0226,new,Health & Beauty > Personal Care > Cosmetics > Perfume & Cologne,Beauty > Fragrance,LB-FRAG-GRP-011,,,,28
LB-FRAG-0227,Modern Rollerball Perfume,"The Modern Rollerball Perfume from Lumen Beauty, thoughtfully made, a signature scent that lasts through the day.",https://lumen-beauty.example.com/products/lb-frag-0227,/mock-catalog/images/lumen-beauty/LB-FRAG-0227.jpg,,in_stock,100.10 USD,,Lumen Ritual,,LB-FRAG-0227,new,Health & Beauty > Personal Care > Cosmetics > Perfume & Cologne,Beauty > Fragrance,LB-FRAG-GRP-011,,,,63
LB-FRAG-0228,Modern Solid Perfume,"The Modern Solid Perfume from Lumen Beauty, thoughtfully made, a signature scent that lasts through the day.",https://lumen-beauty.example.com/products/lb-frag-0228,/mock-catalog/images/lumen-beauty/LB-FRAG-0228.jpg,,in_stock,63.27 USD,,Lumen,,LB-FRAG-0228,new,Health & Beauty > Personal Care > Cosmetics > Perfume & Cologne,Beauty > Fragrance,LB-FRAG-GRP-012,,,,149
LB-FRAG-0229,Featherlight Eau de Parfum,"The Featherlight Eau de Parfum from Lumen Beauty, thoughtfully made, a signature scent that lasts through the day.",https://lumen-beauty.example.com/products/lb-frag-0229,/mock-catalog/images/lumen-beauty/LB-FRAG-0229.jpg,,in_stock,61.17 USD,54.22 USD,Lumen,,LB-FRAG-0229,new,Health & Beauty > Personal Care > Cosmetics > Perfume & Cologne,Beauty > Fragrance,LB-FRAG-GRP-012,,,,1
LB-FRAG-0230,Nova Solid Perfume,"The Nova Solid Perfume from Lumen Beauty, thoughtfully made, a signature scent that lasts through the day.",https://lumen-beauty.example.com/products/lb-frag-0230,/mock-catalog/images/lumen-beauty/LB-FRAG-0230.jpg,,in_stock,68.84 USD,,Lumen,,LB-FRAG-0230,new,Health & Beauty > Personal Care > Cosmetics > Perfume & Cologne,Beauty > Fragrance,LB-FRAG-GRP-013,,,,163
LB-TOOL-0231,Heritage Gua Sha Stone – Forest Green,"The Heritage Gua Sha Stone from Lumen Beauty, crafted in synthetic, a spa-quality ritual you can do at home. Shown in Forest Green.",https://lumen-beauty.example.com/products/lb-tool-0231,/mock-catalog/images/lumen-beauty/LB-TOOL-0231.jpg,,in_stock,42.51 USD,,Lumen Skin,,LB-TOOL-0231,new,Health & Beauty > Personal Care > Cosmetics > Cosmetic Tools,Beauty > Tools,LB-TOOL-GRP-008,Forest Green,,Synthetic,147
LB-TOOL-0232,Everyday Gua Sha Stone – Navy,"The Everyday Gua Sha Stone from Lumen Beauty, crafted in rose quartz, a spa-quality ritual you can do at home. Shown in Navy.",https://lumen-beauty.example.com/products/lb-tool-0232,/mock-catalog/images/lumen-beauty/LB-TOOL-0232.jpg,,in_stock,40.98 USD,,Lumen,,LB-TOOL-0232,new,Health & Beauty > Personal Care > Cosmetics > Cosmetic Tools,Beauty > Tools,LB-TOOL-GRP-009,Navy,,Rose Quartz,188
LB-TOOL-0233,Trail Jade Roller – Forest Green,"The Trail Jade Roller from Lumen Beauty, crafted in rose quartz, a spa-quality ritual you can do at home. Shown in Forest Green.",https://lumen-beauty.example.com/products/lb-tool-0233,/mock-catalog/images/lumen-beauty/LB-TOOL-0233.jpg,,in_stock,43.30 USD,,Lumen Skin,,LB-TOOL-0233,new,Health & Beauty > Personal Care > Cosmetics > Cosmetic Tools,Beauty > Tools,LB-TOOL-GRP-009,Forest Green,,Rose Quartz,61
LB-TOOL-0234,Coastal Makeup Brush Set – White,"The Coastal Makeup Brush Set from Lumen Beauty, crafted in synthetic, a spa-quality ritual you can do at home. Shown in White.",https://lumen-beauty.example.com/products/lb-tool-0234,/mock-catalog/images/lumen-beauty/LB-TOOL-0234.jpg,,in_stock,40.94 USD,,Lumen Ritual,,LB-TOOL-0234,new,Health & Beauty > Personal Care > Cosmetics > Cosmetic Tools,Beauty > Tools,LB-TOOL-GRP-010,White,,Synthetic,222
LB-TOOL-0235,Classic Jade Roller – Sand,"The Classic Jade Roller from Lumen Beauty, crafted in rose quartz, a spa-quality ritual you can do at home. Shown in Sand.",https://lumen-beauty.example.com/products/lb-tool-0235,/mock-catalog/images/lumen-beauty/LB-TOOL-0235.jpg,,in_stock,19.70 USD,,Lumen,,LB-TOOL-0235,new,Health & Beauty > Personal Care > Cosmetics > Cosmetic Tools,Beauty > Tools,LB-TOOL-GRP-010,Sand,,Rose Quartz,70
LB-TOOL-0236,Aero Jade Roller – Terracotta,"The Aero Jade Roller from Lumen Beauty, crafted in rose quartz, a spa-quality ritual you can do at home. Shown in Terracotta.",https://lumen-beauty.example.com/products/lb-tool-0236,/mock-catalog/images/lumen-beauty/LB-TOOL-0236.jpg,,in_stock,56.54 USD,,Lumen,,LB-TOOL-0236,new,Health & Beauty > Personal Care > Cosmetics > Cosmetic Tools,Beauty > Tools,LB-TOOL-GRP-011,Terracotta,,Rose Quartz,162
LB-TOOL-0237,Terra Makeup Brush Set – Black,"The Terra Makeup Brush Set from Lumen Beauty, crafted in rose quartz, a spa-quality ritual you can do at home. Shown in Black.",https://lumen-beauty.example.com/products/lb-tool-0237,/mock-catalog/images/lumen-beauty/LB-TOOL-0237.jpg,,in_stock,46.13 USD,,Lumen,,LB-TOOL-0237,new,Health & Beauty > Personal Care > Cosmetics > Cosmetic Tools,Beauty > Tools,LB-TOOL-GRP-011,Black,,Rose Quartz,113
LB-TOOL-0238,Pro Jade Roller – Black,"The Pro Jade Roller from Lumen Beauty, crafted in rose quartz, a spa-quality ritual you can do at home. Shown in Black.",https://lumen-beauty.example.com/products/lb-tool-0238,/mock-catalog/images/lumen-beauty/LB-TOOL-0238.jpg,,in_stock,27.32 USD,,Lumen Ritual,,LB-TOOL-0238,new,Health & Beauty > Personal Care > Cosmetics > Cosmetic Tools,Beauty > Tools,LB-TOOL-GRP-012,Black,,Rose Quartz,110
LB-TOOL-0239,Premium Gua Sha Stone – Charcoal,"The Premium Gua Sha Stone from Lumen Beauty, crafted in synthetic, a spa-quality ritual you can do at home. Shown in Charcoal.",https://lumen-beauty.example.com/products/lb-tool-0239,/mock-catalog/images/lumen-beauty/LB-TOOL-0239.jpg,,in_stock,26.52 USD,,Lumen Skin,,LB-TOOL-0239,new,Health & Beauty > Personal Care > Cosmetics > Cosmetic Tools,Beauty > Tools,LB-TOOL-GRP-012,Charcoal,,Synthetic,62
LB-TOOL-0240,Coastal Jade Roller – Burgundy,"The Coastal Jade Roller from Lumen Beauty, crafted in rose quartz, a spa-quality ritual you can do at home. Shown in Burgundy.",https://lumen-beauty.example.com/products/lb-tool-0240,/mock-catalog/images/lumen-beauty/LB-TOOL-0240.jpg,,in_stock,54.86 USD,,Lumen,,LB-TOOL-0240,new,Health & Beauty > Personal Care > Cosmetics > Cosmetic Tools,Beauty > Tools,LB-TOOL-GRP-013,Burgundy,,Rose Quartz,159
LB-GIFT-0241,Essential Skincare Gift Set,"The Essential Skincare Gift Set from Lumen Beauty, thoughtfully made, a ready-to-gift set of favorites, beautifully boxed.",https://lumen-beauty.example.com/products/lb-gift-0241,/mock-catalog/images/lumen-beauty/LB-GIFT-0241.jpg,,in_stock,144.17 USD,120.33 USD,Lumen,,LB-GIFT-0241,new,Health & Beauty > Personal Care > Cosmetics > Cosmetic Sets,Beauty > Gift Sets,LB-GIFT-GRP-008,,,,140
LB-GIFT-0242,Terra Travel Beauty Kit,"The Terra Travel Beauty Kit from Lumen Beauty, thoughtfully made, a ready-to-gift set of favorites, beautifully boxed.",https://lumen-beauty.example.com/products/lb-gift-0242,/mock-catalog/images/lumen-beauty/LB-GIFT-0242.jpg,,in_stock,145.46 USD,129.08 USD,Lumen,,LB-GIFT-0242,new,Health & Beauty > Personal Care > Cosmetics > Cosmetic Sets,Beauty > Gift Sets,LB-GIFT-GRP-009,,,,250
LB-GIFT-0243,Coastal Self-Care Ritual Box,"The Coastal Self-Care Ritual Box from Lumen Beauty, thoughtfully made, a ready-to-gift set of favorites, beautifully boxed.",https://lumen-beauty.example.com/products/lb-gift-0243,/mock-catalog/images/lumen-beauty/LB-GIFT-0243.jpg,,in_stock,81.15 USD,,Lumen Skin,,LB-GIFT-0243,new,Health & Beauty > Personal Care > Cosmetics > Cosmetic Sets,Beauty > Gift Sets,LB-GIFT-GRP-009,,,,113
LB-GIFT-0244,Premium Spa Night Set,"The Premium Spa Night Set from Lumen Beauty, thoughtfully made, a ready-to-gift set of favorites, beautifully boxed.",https://lumen-beauty.example.com/products/lb-gift-0244,/mock-catalog/images/lumen-beauty/LB-GIFT-0244.jpg,,in_stock,54.17 USD,,Lumen Skin,,LB-GIFT-0244,new,Health & Beauty > Personal Care > Cosmetics > Cosmetic Sets,Beauty > Gift Sets,LB-GIFT-GRP-010,,,,64
LB-GIFT-0245,Featherlight Self-Care Ritual Box,"The Featherlight Self-Care Ritual Box from Lumen Beauty, thoughtfully made, a ready-to-gift set of favorites, beautifully boxed.",https://lumen-beauty.example.com/products/lb-gift-0245,/mock-catalog/images/lumen-beauty/LB-GIFT-0245.jpg,,in_stock,125.15 USD,106.58 USD,Lumen,,LB-GIFT-0245,new,Health & Beauty > Personal Care > Cosmetics > Cosmetic Sets,Beauty > Gift Sets,LB-GIFT-GRP-010,,,,229
LB-GIFT-0246,Modern Skincare Gift Set,"The Modern Skincare Gift Set from Lumen Beauty, thoughtfully made, a ready-to-gift set of favorites, beautifully boxed.",https://lumen-beauty.example.com/products/lb-gift-0246,/mock-catalog/images/lumen-beauty/LB-GIFT-0246.jpg,,in_stock,69.39 USD,54.07 USD,Lumen,,LB-GIFT-0246,new,Health & Beauty > Personal Care > Cosmetics > Cosmetic Sets,Beauty > Gift Sets,LB-GIFT-GRP-011,,,,27
LB-GIFT-0247,Nova Self-Care Ritual Box,"The Nova Self-Care Ritual Box from Lumen Beauty, thoughtfully made, a ready-to-gift set of favorites, beautifully boxed.",https://lumen-beauty.example.com/products/lb-gift-0247,/mock-catalog/images/lumen-beauty/LB-GIFT-0247.jpg,,in_stock,113.96 USD,,Lumen Ritual,,LB-GIFT-0247,new,Health & Beauty > Personal Care > Cosmetics > Cosmetic Sets,Beauty > Gift Sets,LB-GIFT-GRP-011,,,,180
LB-GIFT-0248,Rugged Travel Beauty Kit,"The Rugged Travel Beauty Kit from Lumen Beauty, thoughtfully made, a ready-to-gift set of favorites, beautifully boxed.",https://lumen-beauty.example.com/products/lb-gift-0248,/mock-catalog/images/lumen-beauty/LB-GIFT-0248.jpg,,in_stock,34.55 USD,,Lumen Ritual,,LB-GIFT-0248,new,Health & Beauty > Personal Care > Cosmetics > Cosmetic Sets,Beauty > Gift Sets,LB-GIFT-GRP-012,,,,163
LB-GIFT-0249,Pro Spa Night Set,"The Pro Spa Night Set from Lumen Beauty, thoughtfully made, a ready-to-gift set of favorites, beautifully boxed.",https://lumen-beauty.example.com/products/lb-gift-0249,/mock-catalog/images/lumen-beauty/LB-GIFT-0249.jpg,,in_stock,107.69 USD,,Lumen Skin,,LB-GIFT-0249,new,Health & Beauty > Personal Care > Cosmetics > Cosmetic Sets,Beauty > Gift Sets,LB-GIFT-GRP-012,,,,21
LB-GIFT-0250,Alpine Travel Beauty Kit,"The Alpine Travel Beauty Kit from Lumen Beauty, thoughtfully made, a ready-to-gift set of favorites, beautifully boxed.",https://lumen-beauty.example.com/products/lb-gift-0250,/mock-catalog/images/lumen-beauty/LB-GIFT-0250.jpg,,in_stock,78.83 USD,,Lumen,,LB-GIFT-0250,new,Health & Beauty > Personal Care > Cosmetics > Cosmetic Sets,Beauty > Gift Sets,LB-GIFT-GRP-013,,,,115
